run_id,scenario_id,phase,repeat_index,execution_group_id,analysis_variant,determinism_case_id,benchmark_git_commit,target_name,target_package_version,target_source_distribution,target_repository_url_or_null,target_installation_artifact_sha256,target_algorithm_version,target_threshold_profile,target_bundle_protocol,target_baseline_revision,environment_id,scenario_sha256,logical_dataset_sha256,source_file_sha256,canonical_report_sha256,terminal_state,finding_evaluation
run-008d62ed6bf09c9a3fd3a9f1e3e20f31cedde710548ffa5a1afda97527311ed6,parse.numeric.f2001.n10000.csv,measurement,0,determinism_small,full_reference,decimal_high,a76bb9458b181500c7bfb9efefcfecfbb019b5a9,tadr-core,0.1.0,proprietary,,a37ec8d336d16dbe4b7a7448071808daaf5e3e0ab03afe3bb7de0ce6882bc31d,1.0,MVP_V1,1.0,1.0.12,354d07d7c83bd6265826bfeea5ad5a8ee1676a77d481616cf99ced47cbfd0b93,3ce13524ae9d62dad846a763c42d9aacfb5a8589ed569d2b7e2c83c33307e762,d4e8fa6771ba7922c34782952a10d34189cc6e369636033f87d5d3e1004f25be,3ab1139de98968d383e401edbb099a71bbfa6f7c77eb63da0f020410dc8fbea9,798b3bb3a7a09e1690458cc12572f66a2526305e028621c09c8f3deaf7f9f5e6,success,EVALUABLE
run-00c15a7d22a9125bce954fa0f58b4aa679e916ea5e34438eeca52f1e46a6ef44,group.group.r501.n10000.pqstr,measurement,0,correctness,full_reference,standard,a76bb9458b181500c7bfb9efefcfecfbb019b5a9,tadr-core,0.1.0,proprietary,,a37ec8d336d16dbe4b7a7448071808daaf5e3e0ab03afe3bb7de0ce6882bc31d,1.0,MVP_V1,1.0,1.0.12,354d07d7c83bd6265826bfeea5ad5a8ee1676a77d481616cf99ced47cbfd0b93,25888c5016933e32eb2ce377dcef908b3bdec4954662a3bda7aa111d7c8a78da,a77d671ef9fa072426ebd2a0b489bde5f2d8b7c1e4bc115e43bc270bd736af5a,a1c0512694a567e39129ce9cacd4ee7185913815c7fa776bb6e94c70ef8236c6,600c2ecd0193a7bca03e3c231cf8900504d7ab1374c7f1eedf7edc606e1ab3c6,success,EVALUABLE
run-0111f54e4a067b6abbbd78581823b442204d33c840b6807f7a45031615b25cd8,scale.analytics.n1000000.w20.csv,measurement,2,scale_regular,scale_default,standard,a76bb9458b181500c7bfb9efefcfecfbb019b5a9,tadr-core,0.1.0,proprietary,,a37ec8d336d16dbe4b7a7448071808daaf5e3e0ab03afe3bb7de0ce6882bc31d,1.0,MVP_V1,1.0,1.0.12,354d07d7c83bd6265826bfeea5ad5a8ee1676a77d481616cf99ced47cbfd0b93,bbec47646003d2d0788e088c026945db59024b54c2691ec4b92db81caa093724,7002e42b8a7e270e1e445ec52cecb7c1a8ba0a528084cb7d69eb31747d8d4a54,18e9bfe05fa13ff6fb2e19170ffa2f91a2cc6286b263b52de12c08a7cea8753e,9486b71d5951408f5ce4e4b20e90abdf6d91804efb9135a12fc6652d7ad64811,success,EVALUABLE
run-011490b2a0f567e08bca99b95c07f8da87b7faaa08ac186e27fa894fc806dd8b,duplicate.rows.e500.n10000.csv,measurement,0,determinism_small,full_reference,decimal_low,a76bb9458b181500c7bfb9efefcfecfbb019b5a9,tadr-core,0.1.0,proprietary,,a37ec8d336d16dbe4b7a7448071808daaf5e3e0ab03afe3bb7de0ce6882bc31d,1.0,MVP_V1,1.0,1.0.12,354d07d7c83bd6265826bfeea5ad5a8ee1676a77d481616cf99ced47cbfd0b93,644dcee9707dec5114f2d81d7a0203e70e474037f8daecee75dee486a0fe8732,266dbcf0f8269bb64d47322d4f374dccecb313c65eb95fb40f83d5356d46531a,d18babeae2628e826903b1cfa7724f03fe9f1f8451d8d8ed5dc4c94175f30cfd,6bf4c3e8e8b5b5acffd3304d13e94e2589e2fda5f5f01317b809b2221c49704a,success,EVALUABLE
run-01a41e192e4de8deba2ed285af0d539f234d03787fef8fd6499c0c5f4df020cf,duplicate.rows.e1000.n10000.csv,measurement,0,correctness,full_reference,standard,a76bb9458b181500c7bfb9efefcfecfbb019b5a9,tadr-core,0.1.0,proprietary,,a37ec8d336d16dbe4b7a7448071808daaf5e3e0ab03afe3bb7de0ce6882bc31d,1.0,MVP_V1,1.0,1.0.12,354d07d7c83bd6265826bfeea5ad5a8ee1676a77d481616cf99ced47cbfd0b93,c56faed3515e8a2cb25b42fd0523cbb741a7607175e142bcdf9b9aa4c0aef07e,fc7e9bf03f23ffb2582896a0ccb0af001f256cdd3b9761a7a4ae95691efec915,e0f715f06893222daa66f1af102b33639cad4ebf206bc6a9ab9247658d568a98,8068c45cd3b10c45d3639e915e0ece5fc7ca2471212e8455e42c45be5a21abb2,success,EVALUABLE
run-01fc2cc70519fae28e3a47cba30793ea2f877f03d13eeb50770eac9bce153658,composite.duplicates_group_group.n10000.pqstr,measurement,0,correctness,full_reference,standard,a76bb9458b181500c7bfb9efefcfecfbb019b5a9,tadr-core,0.1.0,proprietary,,a37ec8d336d16dbe4b7a7448071808daaf5e3e0ab03afe3bb7de0ce6882bc31d,1.0,MVP_V1,1.0,1.0.12,354d07d7c83bd6265826bfeea5ad5a8ee1676a77d481616cf99ced47cbfd0b93,f03ff388f877a4a35d54d3e0750ca27db1d678a2cc837643d6fdd8866ae1f9f3,452b45cfaaf31c21c47a12f2de4e9171c1cfc5a39bf3d0897b47653fe4bd2a4d,dd03acf0a842fc1a09e4447a69042995e897863ab872c139d7aea6825d7ffe20,ceac09a797044e2e78305c69563547f3ef2b834208cd998cb5483d51fca437f9,success,EVALUABLE
run-03653fab093f3626422d92422a2b8a0d9190744715767f2c0cd7d7759f40ef6f,split.reg_random_valid.n10000.csv,measurement,0,correctness,full_reference,standard,a76bb9458b181500c7bfb9efefcfecfbb019b5a9,tadr-core,0.1.0,proprietary,,a37ec8d336d16dbe4b7a7448071808daaf5e3e0ab03afe3bb7de0ce6882bc31d,1.0,MVP_V1,1.0,1.0.12,354d07d7c83bd6265826bfeea5ad5a8ee1676a77d481616cf99ced47cbfd0b93,9de5de0a68a2f9f404cc46851ecb7d45764fcb2d1443c9b0112508a32fc2fd42,4f838d4abee75cd21df2e8dca33c8ba961ae18c8b65acef38303383a66823ca0,211b3ba6007ab1bdf10408ec8d90dca47ad32e1f81dadf3ca5f0729ece64cb8d,869f012c3e758559e3f2c4cb13d5508480a500770038e167b1290ec167e96572,success,EVALUABLE
run-03e0c3412db8840d87a37126bfaacb210fde8a301012b4f36de979f7d186a6ab,sampling.leakage.head.n300000.pqstr,measurement,0,determinism_sampled,HEAD_STRIDE_V1,decimal_high,a76bb9458b181500c7bfb9efefcfecfbb019b5a9,tadr-core,0.1.0,proprietary,,a37ec8d336d16dbe4b7a7448071808daaf5e3e0ab03afe3bb7de0ce6882bc31d,1.0,MVP_V1,1.0,1.0.12,354d07d7c83bd6265826bfeea5ad5a8ee1676a77d481616cf99ced47cbfd0b93,391ee878f387100813856573a5c36985cb0c9a71b0a90d550ff2764d9fcf3e1f,dbbd4574489e44a2b39ba6fa1a88dd626e04349ed702bd50fc8cb496a303c758,9e190bbc9e80d012e33002628a2aa6b9550dc843afa9163c4192c419f7f30256,77b6da31cfc68fc7ef435fc38d511541410887738dae217ae0579c5de21b9a63,success,EVALUABLE
run-0403aa463d063dbd52137e386434ead2076acbfcffa1001ecd9515c772ebfadd,missing.target.m500.n10000.csv,measurement,0,correctness,full_reference,standard,a76bb9458b181500c7bfb9efefcfecfbb019b5a9,tadr-core,0.1.0,proprietary,,a37ec8d336d16dbe4b7a7448071808daaf5e3e0ab03afe3bb7de0ce6882bc31d,1.0,MVP_V1,1.0,1.0.12,354d07d7c83bd6265826bfeea5ad5a8ee1676a77d481616cf99ced47cbfd0b93,02dc622d8c20c9b273f357399f520d729ee7242b81521ffe0eee8058623b55ec,4019589b77d4fc859e41b0810e411ffe53369172df51a303919f025a624e465a,a9d1348e9c42764d4bea0475c12d1528f7b697c5228a7fa3da6ab9cc95df01ce,aacfc816705bf4f9fb2df518153dd012cba53e2435ffc61d3394053b648f6ed6,success,EVALUABLE
run-04886d08a2a88622f0466fdce73a63a23fbee6c740039dc49b9126ced515d240,class.binary.min0.n10000.csv,measurement,0,correctness,full_reference,standard,a76bb9458b181500c7bfb9efefcfecfbb019b5a9,tadr-core,0.1.0,proprietary,,a37ec8d336d16dbe4b7a7448071808daaf5e3e0ab03afe3bb7de0ce6882bc31d,1.0,MVP_V1,1.0,1.0.12,354d07d7c83bd6265826bfeea5ad5a8ee1676a77d481616cf99ced47cbfd0b93,13d56c5d64ae0070d8c8ad8958d81f213998510eb07dab638181f1a6f3cf7696,bc6134f8714eaa8d4fd29d6c5485b305d7ecf9ef35873fab4499be4a193067f1,3ad07397d65028cbf7b765aaed7b189f3f32c9349c09c6b60cc94eed54ad7220,4e7050147c724245d23594a6687fefea0f4ef397909722a95c9b6ea19b62a247,success,EVALUABLE
run-055ec57122cbdae534bb594ed36abc5b5cf40e826c952c39d314f713bae34f6d,sampling.duplicate_rows.gaps.n300000.pqstr,measurement,0,determinism_sampled,HEAD_STRIDE_V1,hash_one,a76bb9458b181500c7bfb9efefcfecfbb019b5a9,tadr-core,0.1.0,proprietary,,a37ec8d336d16dbe4b7a7448071808daaf5e3e0ab03afe3bb7de0ce6882bc31d,1.0,MVP_V1,1.0,1.0.12,354d07d7c83bd6265826bfeea5ad5a8ee1676a77d481616cf99ced47cbfd0b93,3023f1ab50b0238fb78ded29f1e5fe537251eeefe145fe3c5511c463f5fb2529,dca64ab915085ef54aab1c6005cb3ae0bb6e1e653f1cdd4e56567b1dc62b6214,4f4537d8606299c589e3d4d73210dd25314804effe7dddd293de8fd398cb5333,2172640162e2476eed3814dbe606c92dcd731a341f047492d889141823258cca,success,EVALUABLE
run-05b8adf7fc014b771570bcb2baf3127f382b27787ebd1c1c09411b6e6c139770,group.time.r0.n10000.pqstr,measurement,0,correctness,full_reference,standard,a76bb9458b181500c7bfb9efefcfecfbb019b5a9,tadr-core,0.1.0,proprietary,,a37ec8d336d16dbe4b7a7448071808daaf5e3e0ab03afe3bb7de0ce6882bc31d,1.0,MVP_V1,1.0,1.0.12,354d07d7c83bd6265826bfeea5ad5a8ee1676a77d481616cf99ced47cbfd0b93,82443cc5ce470aeaf946eb1c6f62e0d4c8367490fec59a4a78d4af2626a732de,3dbbae513651f455b6bf6985ffb1e1b1327856d6847cf7e468697a45b2dd7b0b,4f278338a744fbd95ffe665a18b9add838bf46cfe86741ab4b10d305c1e3c512,f6ced00d9451f37c707f8347e41dbec9e43e5ecdcd1a8cbc3421d1b313f25568,success,EVALUABLE
run-05fef26570b12e9469d1c176eccee17772202bf0a149e8bf44880778da0f8858,timestamp.regression.valid8001.n10000.csv,measurement,0,correctness,full_reference,standard,a76bb9458b181500c7bfb9efefcfecfbb019b5a9,tadr-core,0.1.0,proprietary,,a37ec8d336d16dbe4b7a7448071808daaf5e3e0ab03afe3bb7de0ce6882bc31d,1.0,MVP_V1,1.0,1.0.12,354d07d7c83bd6265826bfeea5ad5a8ee1676a77d481616cf99ced47cbfd0b93,f24bb7f9717ca12d27a9594bba02b2409714f2373e4e0a3c5fba7d3c7040f7b1,9d04a3bcca1aff8a102ecdc09c087c1dee89de7700231d86af08388bcce39a90,98d44721bf247d16813615d3738cc17f9d4d6e7fd27907254ad3776eaa5b2327,6a28d44d3fb1aa67950936d703552cd66d37eaa0036239523a609efc46dffef2,success,EVALUABLE
run-0627039e0f07df162f72bfad0c835892615e5142478c97e81888d7f64e504a9d,timestamp.regression.valid9501.n10000.csv,measurement,0,correctness,full_reference,standard,a76bb9458b181500c7bfb9efefcfecfbb019b5a9,tadr-core,0.1.0,proprietary,,a37ec8d336d16dbe4b7a7448071808daaf5e3e0ab03afe3bb7de0ce6882bc31d,1.0,MVP_V1,1.0,1.0.12,354d07d7c83bd6265826bfeea5ad5a8ee1676a77d481616cf99ced47cbfd0b93,bbdd567c2904e092cdfbba8b0b5f8f7ee082e6db0d9ae76190c9b25d9129a0c9,ddb6993b1bbe74114351c64fa8301f8c833fdb4f313c8530aca4eb9d6f5684b8,6c321293091f36c1d7892619682803bb665f77428ef4bd4f15eb4e91f59d6fed,b1b094a795cda057d2a7bf0c19e78840ddb936a661023417ff1afe13eadbc9c4,success,EVALUABLE
run-069172faa51a08486b1e1924fc41b21d3c041a2163b3534b28fdcbf46b29b6e3,duplicate.rows.e11.n10000.pqstr,measurement,0,correctness,full_reference,standard,a76bb9458b181500c7bfb9efefcfecfbb019b5a9,tadr-core,0.1.0,proprietary,,a37ec8d336d16dbe4b7a7448071808daaf5e3e0ab03afe3bb7de0ce6882bc31d,1.0,MVP_V1,1.0,1.0.12,354d07d7c83bd6265826bfeea5ad5a8ee1676a77d481616cf99ced47cbfd0b93,335ef76b03ceabe08aad3068dc0221bc71692ae4b33a79a1599779210d35e8dc,f65a5d827b154ebdd79261608062ece5d4e577220031fb392d66703c136f073a,02a896a43055fad665e027e62b5ecc98890b41a6d803e13383f03cc1f5cdd62f,bc1311a3f5d62e55b8fffff90fd5865e5308a8aa38a5ef7b2edbe13881e27ece,success,EVALUABLE
run-06aafe15518202bc23ec7aea9d3f498c086dd9a62f8752854db4c015f32aca80,duplicate.keys.e0.n10000.pqstr,measurement,0,correctness,full_reference,standard,a76bb9458b181500c7bfb9efefcfecfbb019b5a9,tadr-core,0.1.0,proprietary,,a37ec8d336d16dbe4b7a7448071808daaf5e3e0ab03afe3bb7de0ce6882bc31d,1.0,MVP_V1,1.0,1.0.12,354d07d7c83bd6265826bfeea5ad5a8ee1676a77d481616cf99ced47cbfd0b93,ee94da7ac44e88e5160a83d02ca6f059c40e91e765043f2a261a02acd0d5caad,36b066ae1718a8270e1a580a4493f8cf05df787b633e6767242ecdb1905282b6,126c74a8887b82bd545a1b972c4fadf08f4b42395ed902ea5cb5327452ba8315,5b3f43f9326789f9a9e90e0f44f3a3c8e34005afd3d34e439e2409688f316d94,success,EVALUABLE
run-06c54b4187faeacf2f9b97e59a89b2c76e840eaf407cb4f6405f07525727041f,scale.analytics.n10000.w300.csv,measurement,2,scale_regular,scale_default,standard,a76bb9458b181500c7bfb9efefcfecfbb019b5a9,tadr-core,0.1.0,proprietary,,a37ec8d336d16dbe4b7a7448071808daaf5e3e0ab03afe3bb7de0ce6882bc31d,1.0,MVP_V1,1.0,1.0.12,354d07d7c83bd6265826bfeea5ad5a8ee1676a77d481616cf99ced47cbfd0b93,ee4e4139328d06acddde566c3178c374e2547e9be930b23052284f53af21de6e,e5640ecdc452b5a48c36bc7fde0179a3d4284e6740b6b1f375f476b4d2dd493c,16485c26e0ddfda499d7c33a20f57085f7f73a1491e6d902c37e8b19b0de4849,388a7405aa19fab70b7b162fedfd587ddc2b7a5dc71c55416b7d8865d1d7440e,success,EVALUABLE
run-07c500d49ec6cd87bf08117ab92055d02bb13d8c4480d79cebfb7afb066e4803,scale.analytics.n5000000.w20.pqnative,measurement,0,scale_large,scale_default,standard,a76bb9458b181500c7bfb9efefcfecfbb019b5a9,tadr-core,0.1.0,proprietary,,a37ec8d336d16dbe4b7a7448071808daaf5e3e0ab03afe3bb7de0ce6882bc31d,1.0,MVP_V1,1.0,1.0.12,354d07d7c83bd6265826bfeea5ad5a8ee1676a77d481616cf99ced47cbfd0b93,3a49a95d33dda5d505c3f49524b052a16743eb2a4fc9f915c163b96e622c3e37,ccb061f53b66ea350840f04e0d0cc89f80b53ce3857da402a7eb027d392d58e3,1467186e205aad4bf510f8bcc292afcaef63d4735a709d06aee047dee91f30bd,c6e05041460a4cc594f309f6fb67f8610118ad0d304cfc8bf123e06538ae9fdd,success,EVALUABLE
run-081dd34eaa0f334249cbdc13ed5a21432b76f3a465b444a10492371ccdd1dfda,sampling.class_rare.middle.n300000.pqstr,measurement,0,sampling_bounded,HEAD_STRIDE_V1,standard,a76bb9458b181500c7bfb9efefcfecfbb019b5a9,tadr-core,0.1.0,proprietary,,a37ec8d336d16dbe4b7a7448071808daaf5e3e0ab03afe3bb7de0ce6882bc31d,1.0,MVP_V1,1.0,1.0.12,354d07d7c83bd6265826bfeea5ad5a8ee1676a77d481616cf99ced47cbfd0b93,e428bc274a896fa9cd66e8daa1db58fc426f1d858e3bb7584f6243129c2f6165,1efadf85ab2eb1b0eb724f6e961e010141216eb0d1f878298c0a1c4d9ea5c975,ea52e88db3c8b285efb2c591f94dd2d50c9ed06c0e45c87b3a0bb4fe96379f32,5673c02c0064e05da05bbbae8fcb8f10e2022b4455775912eb3ed1d2a08d085e,success,EVALUABLE
run-08663f69a9fa4f690c9f875e8ad84f3d934609f2bd4f4e1027b621409243a9a7,missing.feature.m500.n10000.pqstr,measurement,0,correctness,full_reference,standard,a76bb9458b181500c7bfb9efefcfecfbb019b5a9,tadr-core,0.1.0,proprietary,,a37ec8d336d16dbe4b7a7448071808daaf5e3e0ab03afe3bb7de0ce6882bc31d,1.0,MVP_V1,1.0,1.0.12,354d07d7c83bd6265826bfeea5ad5a8ee1676a77d481616cf99ced47cbfd0b93,b7c19125ffbf07a4ed530f5f05bfdd21b6939487a2653bbd8b7c732114343a66,55417223f01ee4d5d4880c12ed460d7fadf7c6ac11a96d6465e4a388acec4e01,0dbf3ce644848a255c2f345ae428327b11c49695e806f10867857a363aebf2d9,90875d35a734846d291527b286755c115f18038d877444f0679779adf2b7e6a6,success,EVALUABLE
run-08731093b9370251576307a2b257db41910e99cef5e1823224276d21da16fd28,missing.feature.m3000.n10000.csv,measurement,0,correctness,full_reference,standard,a76bb9458b181500c7bfb9efefcfecfbb019b5a9,tadr-core,0.1.0,proprietary,,a37ec8d336d16dbe4b7a7448071808daaf5e3e0ab03afe3bb7de0ce6882bc31d,1.0,MVP_V1,1.0,1.0.12,354d07d7c83bd6265826bfeea5ad5a8ee1676a77d481616cf99ced47cbfd0b93,de338c2db0c2e96a8cd48dc2ad5542e055673f0c28b669544b20892a3beda114,4b60477863160bfd89b977ef3557438c75b6e1d0110589d714727c2537835e5e,93bbb176c15ccce74003f098ba00c8df3ea74439dc900bc130af5eb1937ae3af,17de2684f855ab682be6431e366c2b99e2ba856a6a0d38abff5a06edd3de9b8e,success,EVALUABLE
run-0878c7cfaad5bb662126e261edbf9cc539463a251e4a7afd4b12d91fe64aa131,missing.target.m100.n10000.pqstr,measurement,1,determinism_small,full_reference,timezone_berlin,a76bb9458b181500c7bfb9efefcfecfbb019b5a9,tadr-core,0.1.0,proprietary,,a37ec8d336d16dbe4b7a7448071808daaf5e3e0ab03afe3bb7de0ce6882bc31d,1.0,MVP_V1,1.0,1.0.12,354d07d7c83bd6265826bfeea5ad5a8ee1676a77d481616cf99ced47cbfd0b93,8637f6905e96c3b06d75c68a1350e6a00570c0b072e3109dfd398f0221d43a26,dcc05a015dde9480b25b2259b6412b34ef38918193008241097bf0dcabebeb14,3cce36688f0fb571fe95924b2c76becaa4aec429d6a2dbacf7a6523f1774c51d,6e3056cac11814e5a889b2f01999946bf9b3d203a23245a7eacc4fdb2fd17997,success,EVALUABLE
run-099b9523a83126264860ecdde931993ee9ef73ad5f84f0967a08a3c28ccc1444,sampling.cardinality.gaps.n300000.pqstr,measurement,0,sampling_bounded,HEAD_STRIDE_V1,standard,a76bb9458b181500c7bfb9efefcfecfbb019b5a9,tadr-core,0.1.0,proprietary,,a37ec8d336d16dbe4b7a7448071808daaf5e3e0ab03afe3bb7de0ce6882bc31d,1.0,MVP_V1,1.0,1.0.12,354d07d7c83bd6265826bfeea5ad5a8ee1676a77d481616cf99ced47cbfd0b93,4bf2e338e3009c3bb4f0762353739566db8e7dc357c160b58c91f89f857cb3f6,ff84062d308e2695d1bbcb4b2bcda560866c3f37a38df802a3491e1481d47268,7a5ecf3b9a21376ff0cab87f2d25fdf3a09c1a6e76f749cbe7a317cca51a4be1,d0cfb52defb72bf3568e267107dd96cc5c8c053702982c6b18bf5898acd40112,success,EVALUABLE
run-0aa40d6601899b2a537d9c25d5e77c4c13fb60dba2997faf71819842c7ecd577,group.random.r501.n10000.csv,measurement,0,correctness,full_reference,standard,a76bb9458b181500c7bfb9efefcfecfbb019b5a9,tadr-core,0.1.0,proprietary,,a37ec8d336d16dbe4b7a7448071808daaf5e3e0ab03afe3bb7de0ce6882bc31d,1.0,MVP_V1,1.0,1.0.12,354d07d7c83bd6265826bfeea5ad5a8ee1676a77d481616cf99ced47cbfd0b93,dff890730e2d26e6a6c5a70ae4ad2ec2c48f9eed21298c799c5287ed72871008,a77d671ef9fa072426ebd2a0b489bde5f2d8b7c1e4bc115e43bc270bd736af5a,49d3d9bfd6a4bbfac915793dc384415d6605a3e65e47d1f45f24cb02a3b3f995,4cd6f744f2af65918a7b4b5f9600b47b864890788b08e39c56efbb8a8cd821af,success,EVALUABLE
run-0aadaa7fe8550502cbc48340104bde512bc0affeb318df308bbbb61bd28bef3d,scale.analytics.n10000.w300.pqnative,measurement,1,scale_regular,scale_default,standard,a76bb9458b181500c7bfb9efefcfecfbb019b5a9,tadr-core,0.1.0,proprietary,,a37ec8d336d16dbe4b7a7448071808daaf5e3e0ab03afe3bb7de0ce6882bc31d,1.0,MVP_V1,1.0,1.0.12,354d07d7c83bd6265826bfeea5ad5a8ee1676a77d481616cf99ced47cbfd0b93,0adc706ee34164a13168d904c32b47a52921f113857b4f909143088fcadfb145,401fd68055c4e41793de578ae01445bc0a0e59eccded1e0aed605a2fadc3f151,7b3bd3449c70f2654b83a39bb465b83a903856ef72e1a604b05dbb80894b517d,3a2a064b307ce029eaa20e665dc425da4801dfc1306d353253ac005e8ecc89c3,success,EVALUABLE
run-0ad696cae43514f6638ba7218932b42756b38105b074735b489b3f0652e35514,leak.equality.m9991.n10000.csv,measurement,0,correctness,full_reference,standard,a76bb9458b181500c7bfb9efefcfecfbb019b5a9,tadr-core,0.1.0,proprietary,,a37ec8d336d16dbe4b7a7448071808daaf5e3e0ab03afe3bb7de0ce6882bc31d,1.0,MVP_V1,1.0,1.0.12,354d07d7c83bd6265826bfeea5ad5a8ee1676a77d481616cf99ced47cbfd0b93,63c1e2b252f7bd5b24b73c935f3898232dd4ccecc2be3653a2afc0828e455e52,451a469dfd1b5a518f137540873eabac99f5f6a0cfc7941aff4751edcafa980c,6e115e5902118f6d52f198896dceaa210ab61e5af1dfefd5d9e4c82868274474,c5d7f4017cad872c2509da91a275dde27e559c0cf87b69a70100e45a09ebea28,success,EVALUABLE
run-0bc2bb7e12d02b1a4f61e9eee4cbdf77c80e9f2acf08917a57265dd059087f47,timestamp.regression.valid10000.n10000.pqstr,measurement,0,correctness,full_reference,standard,a76bb9458b181500c7bfb9efefcfecfbb019b5a9,tadr-core,0.1.0,proprietary,,a37ec8d336d16dbe4b7a7448071808daaf5e3e0ab03afe3bb7de0ce6882bc31d,1.0,MVP_V1,1.0,1.0.12,354d07d7c83bd6265826bfeea5ad5a8ee1676a77d481616cf99ced47cbfd0b93,dcfea5ba26f593f60f1f39ecb246588ae1177259bb69260db3d13e094aa671bc,4f838d4abee75cd21df2e8dca33c8ba961ae18c8b65acef38303383a66823ca0,2003b2258425e91889e0dbe0f3d1b8e8fbd5339102ae656beb08dae10b7e672f,0a9462adb4f3a726e0c6c316d28af3c3f3221b362d080fd58c987dd210770d51,success,EVALUABLE
run-0c3d47004bd74c554b1ba18afac46ac9cc9b65c62f6c5af3ec386177e4b2c8b2,scale.regression.n100000.w20.pqnative,measurement,2,scale_regular,scale_default,standard,a76bb9458b181500c7bfb9efefcfecfbb019b5a9,tadr-core,0.1.0,proprietary,,a37ec8d336d16dbe4b7a7448071808daaf5e3e0ab03afe3bb7de0ce6882bc31d,1.0,MVP_V1,1.0,1.0.12,354d07d7c83bd6265826bfeea5ad5a8ee1676a77d481616cf99ced47cbfd0b93,8e6e7c0ef2fd7b24cf9a4615190168d53a79bc8779e96b6a89e0b4c8df8aa664,f58e2622e5fe925a2171c7c17ed266c303a06228eaab1a8cc2082fcaaf712443,6084c3a6ea4eda957f2cb2ffb65710427e1736bf4158ca57dbc11705999b730b,76ad09804496c62043e377caec6bd45b8eaedc26f27933df7620fcacc0871d0e,success,EVALUABLE
run-0d8a3aba212cf74ee8b8b859c6ec491193b08ac5000af7b228c76cc30d595158,sampling.leakage.head.n300000.pqstr,measurement,1,determinism_sampled,HEAD_STRIDE_V1,decimal_high,a76bb9458b181500c7bfb9efefcfecfbb019b5a9,tadr-core,0.1.0,proprietary,,a37ec8d336d16dbe4b7a7448071808daaf5e3e0ab03afe3bb7de0ce6882bc31d,1.0,MVP_V1,1.0,1.0.12,354d07d7c83bd6265826bfeea5ad5a8ee1676a77d481616cf99ced47cbfd0b93,391ee878f387100813856573a5c36985cb0c9a71b0a90d550ff2764d9fcf3e1f,dbbd4574489e44a2b39ba6fa1a88dd626e04349ed702bd50fc8cb496a303c758,9e190bbc9e80d012e33002628a2aa6b9550dc843afa9163c4192c419f7f30256,77b6da31cfc68fc7ef435fc38d511541410887738dae217ae0579c5de21b9a63,success,EVALUABLE
run-0d93956e0dc500cba57f34528564c0e011416c34bc615e30e82760d77a00d782,group.time.r2000.n10000.pqstr,measurement,0,correctness,full_reference,standard,a76bb9458b181500c7bfb9efefcfecfbb019b5a9,tadr-core,0.1.0,proprietary,,a37ec8d336d16dbe4b7a7448071808daaf5e3e0ab03afe3bb7de0ce6882bc31d,1.0,MVP_V1,1.0,1.0.12,354d07d7c83bd6265826bfeea5ad5a8ee1676a77d481616cf99ced47cbfd0b93,a98ef9e2c785f50328ad154bbd7f3a414ae7734510ac185f65275d8730728e78,9594c53132cc5da7b983625018f02ce64e675a692247ea4230159680b2043661,7384a28987fd99985a0e802a751009aa78e94ae94dff638c6f52c7ba4d3ca377,5c4dbf15f8859e946a2770be5fc3e671a0ab350d017062ae774eab634ff177b8,success,EVALUABLE
run-0ee693d31d6fa5cbebff9bf47077411c7fd0185f3ed335f45dce9107ae2cc734,scale.analytics.n1000000.w20.pqnative,warmup,0,scale_regular,scale_default,standard,a76bb9458b181500c7bfb9efefcfecfbb019b5a9,tadr-core,0.1.0,proprietary,,a37ec8d336d16dbe4b7a7448071808daaf5e3e0ab03afe3bb7de0ce6882bc31d,1.0,MVP_V1,1.0,1.0.12,354d07d7c83bd6265826bfeea5ad5a8ee1676a77d481616cf99ced47cbfd0b93,2d70cc70cd8fa1f59a6b4f9bffffcf0790e63bb3366072f60ee744ae2710b513,a5488aafae83e78c97b70aa3a0f673a6c9227e451a883391693719098a49679c,4693e43725e105955104c1d3b22dcae9574a8290e2268a69f1ce39936d466af4,ccd6d072601c9730415e6dfc5f20bdae0a827c54360351c65f8b647a125b45d9,success,EVALUABLE
run-0eed848d51661ef5b2a1ff6d6c59bbd13218422715a7d9d634279eed0ca38bab,clean.time_series.n10000.pqstr,measurement,1,determinism_small,full_reference,decimal_high,a76bb9458b181500c7bfb9efefcfecfbb019b5a9,tadr-core,0.1.0,proprietary,,a37ec8d336d16dbe4b7a7448071808daaf5e3e0ab03afe3bb7de0ce6882bc31d,1.0,MVP_V1,1.0,1.0.12,354d07d7c83bd6265826bfeea5ad5a8ee1676a77d481616cf99ced47cbfd0b93,8322062e63685b8112167dcb49a36fe157f77e6501ba63e3b7278e359c264d9b,4f838d4abee75cd21df2e8dca33c8ba961ae18c8b65acef38303383a66823ca0,2003b2258425e91889e0dbe0f3d1b8e8fbd5339102ae656beb08dae10b7e672f,0a9462adb4f3a726e0c6c316d28af3c3f3221b362d080fd58c987dd210770d51,success,EVALUABLE
run-0f06045aa52b3b85be910456c30a48ef56d4627c900e9bf0b9281a9745d70e1d,sampling.duplicate_rows.head.n300000.pqstr,measurement,0,sampling_reference,full_reference,standard,a76bb9458b181500c7bfb9efefcfecfbb019b5a9,tadr-core,0.1.0,proprietary,,a37ec8d336d16dbe4b7a7448071808daaf5e3e0ab03afe3bb7de0ce6882bc31d,1.0,MVP_V1,1.0,1.0.12,354d07d7c83bd6265826bfeea5ad5a8ee1676a77d481616cf99ced47cbfd0b93,f8876d7627a9646a1b21e5110e82d2290f719a97ac35bb04646117423848c4ef,2f6fec32d6ba9776653f81fe896fb463ac3ebfd99671b93936166acd97e13e57,9df437435c77b8c7ac425cfa5671f0b2616bf03a91103424ed6b18e911b698ed,8dee2248955fb6bae479fde706d624a4edf24904f8e1563238648060b6bee860,success,EVALUABLE
run-0fde8b6381ab32e239fd1012c6cda218e233e08879ee70997da8012839dd7db7,leak.equality.m10000.n10000.csv,measurement,0,correctness,full_reference,standard,a76bb9458b181500c7bfb9efefcfecfbb019b5a9,tadr-core,0.1.0,proprietary,,a37ec8d336d16dbe4b7a7448071808daaf5e3e0ab03afe3bb7de0ce6882bc31d,1.0,MVP_V1,1.0,1.0.12,354d07d7c83bd6265826bfeea5ad5a8ee1676a77d481616cf99ced47cbfd0b93,2eccc41c66e9c4a7f346f26d53b4e842176ec09fcd6b5b3ed7b677aa9f94658d,7beae5f5e03ba7b546d723234810a9cc59feb8e3c481e2e5d40a8b35de190874,5e228f9badee45d07a9923defcc579ea0e4ecc48fa8e51879ab59c2de475ba2a,7c4134da551ab979b4303bb10459636b31f5baac331a65321b379eb3fdc4020e,success,EVALUABLE
run-112f70e2f38bc60410c1074e5edd07c55fd8a6b82526e5168d09c202ad7ae75e,identifier.support.n99.pqstr,measurement,0,correctness,full_reference,standard,a76bb9458b181500c7bfb9efefcfecfbb019b5a9,tadr-core,0.1.0,proprietary,,a37ec8d336d16dbe4b7a7448071808daaf5e3e0ab03afe3bb7de0ce6882bc31d,1.0,MVP_V1,1.0,1.0.12,354d07d7c83bd6265826bfeea5ad5a8ee1676a77d481616cf99ced47cbfd0b93,f98e99ebb863880e6c8af5ec1030a1e62ee766b26163da336e153778ba76a3cb,bdb9b209e255fdc61754fac3f22caffe8fe2c0056d66e19cb97a78dfa970d488,e349034a194632bdbd79735f9c46e62cd707fd4facd46095f8878226100fb361,0db5f8121f50c7082a0fe5772fc95fa22b8ecc106433c44ad3a639cfaa893a5a,success,EVALUABLE
run-1152dc13608cd40d1dd9181a520c512207d6f9d42ffa904622d1f7d19e769130,duplicate.keys.e99.n10000.pqstr,measurement,0,correctness,full_reference,standard,a76bb9458b181500c7bfb9efefcfecfbb019b5a9,tadr-core,0.1.0,proprietary,,a37ec8d336d16dbe4b7a7448071808daaf5e3e0ab03afe3bb7de0ce6882bc31d,1.0,MVP_V1,1.0,1.0.12,354d07d7c83bd6265826bfeea5ad5a8ee1676a77d481616cf99ced47cbfd0b93,105d8d9ad22a25730022f2d33d9d9d79b2067a1c198bd3bb65561b85f0a2fceb,b5bd49c0a09091edcd7fcdc5326b7dce1da0b27e1d22144bd2345f797c5deb70,43183a7a9d65ccd4623131d3d537dd5cd03f020ea136c078eacb929586c78979,523a9b74c98b918afbce83074d5f1f85e968ead42ffa419b132dd8c9446bea3b,success,EVALUABLE
run-11717646bb3d8e8fdb5da6344c06a9dc2264cbe7cc637449bb7b414aeab820d3,timestamp.time_series.valid9499.n10000.pqstr,measurement,0,correctness,full_reference,standard,a76bb9458b181500c7bfb9efefcfecfbb019b5a9,tadr-core,0.1.0,proprietary,,a37ec8d336d16dbe4b7a7448071808daaf5e3e0ab03afe3bb7de0ce6882bc31d,1.0,MVP_V1,1.0,1.0.12,354d07d7c83bd6265826bfeea5ad5a8ee1676a77d481616cf99ced47cbfd0b93,47778eebb8a19b59c31092cb78331f46fdd0e3e5ae2d8cdc7bf007ee12184f26,5c4992cd925e0f8bbbb24a66c581c20bc7dfa51d5e11b5fddf8e48946caccdca,d4a59ecbd515ca3ce3fedaad8396bc40bf01fd72efffcf96fed69a192a77e890,c50221b65bbc87b2c5ef53fd1e77f4849d6d32f4d850f40f8193eb53930c9103,success,EVALUABLE
run-11c793b65f2ac43bb51e6f527e051745331651e185ba882ba52d8a023c333e80,sampling.duplicate_keys.tail.n300000.pqstr,measurement,0,sampling_reference,full_reference,standard,a76bb9458b181500c7bfb9efefcfecfbb019b5a9,tadr-core,0.1.0,proprietary,,a37ec8d336d16dbe4b7a7448071808daaf5e3e0ab03afe3bb7de0ce6882bc31d,1.0,MVP_V1,1.0,1.0.12,354d07d7c83bd6265826bfeea5ad5a8ee1676a77d481616cf99ced47cbfd0b93,92a4e8c80d052b65d89394f02b0538550b16959096c81d21f8b63cfb2d72d929,fd17661c2fb3453a8f8f510d812752228d32d151eb983aaf2244de0d8a1201ea,0ef6f487d8b3edd8d68c79a7ab31f0436a1ecb1e701038250652d782fe80aea6,34551463866218c64a0739a16b0e3b9d009be9d9e775b24ea98736bebfc0a291,success,EVALUABLE
run-12d58224a81d0ff1ba912f937b7fa2615faaca10112bf29c5e8ca5895b6b1e0b,class.binary.min0.n10000.pqstr,measurement,0,correctness,full_reference,standard,a76bb9458b181500c7bfb9efefcfecfbb019b5a9,tadr-core,0.1.0,proprietary,,a37ec8d336d16dbe4b7a7448071808daaf5e3e0ab03afe3bb7de0ce6882bc31d,1.0,MVP_V1,1.0,1.0.12,354d07d7c83bd6265826bfeea5ad5a8ee1676a77d481616cf99ced47cbfd0b93,eadfd2f211806b901e22e0842685d7f635779d6f00106e3c557c846f35792ce1,bc6134f8714eaa8d4fd29d6c5485b305d7ecf9ef35873fab4499be4a193067f1,26e8bf69747bd0d1c6bbaaa8d87c01bdef870cb423568fd73f89c2b359984321,4e7050147c724245d23594a6687fefea0f4ef397909722a95c9b6ea19b62a247,success,EVALUABLE
run-1396c78a2c21c46639d444e925284b039626ce5965c4fbc9b3ace72b13447310,timestamp.regression.valid10000.n10000.csv,measurement,0,correctness,full_reference,standard,a76bb9458b181500c7bfb9efefcfecfbb019b5a9,tadr-core,0.1.0,proprietary,,a37ec8d336d16dbe4b7a7448071808daaf5e3e0ab03afe3bb7de0ce6882bc31d,1.0,MVP_V1,1.0,1.0.12,354d07d7c83bd6265826bfeea5ad5a8ee1676a77d481616cf99ced47cbfd0b93,4b020c0b4db5c115fcfa16d5fad0810ca734c4e1a14d3db0ecc3288c87a89cb3,4f838d4abee75cd21df2e8dca33c8ba961ae18c8b65acef38303383a66823ca0,211b3ba6007ab1bdf10408ec8d90dca47ad32e1f81dadf3ca5f0729ece64cb8d,0a9462adb4f3a726e0c6c316d28af3c3f3221b362d080fd58c987dd210770d51,success,EVALUABLE
run-13b4f03111177ae90c8f315d65d33bc4e530e30d3ce1489c916bb903de98e7fd,scale.analytics.n100000.w20.pqnative,measurement,2,scale_regular,scale_default,standard,a76bb9458b181500c7bfb9efefcfecfbb019b5a9,tadr-core,0.1.0,proprietary,,a37ec8d336d16dbe4b7a7448071808daaf5e3e0ab03afe3bb7de0ce6882bc31d,1.0,MVP_V1,1.0,1.0.12,354d07d7c83bd6265826bfeea5ad5a8ee1676a77d481616cf99ced47cbfd0b93,56bbb890c3ea097d4f1ac1ea2744cec99a8293719d33013546216a6128cdd239,1a2aa9664c71333b1ae7550c3d8748b5a4818ff1e7605c3565bba01c40d24f32,5194f990dbfc69ba580ea86b4ddba2b0fc0acafa38eb4b5cb3d88ba494ef91aa,3a9bc22fe5af1a608665db33a4fc1c0b24866481887739bb56f4cbe4e4c77ce4,success,EVALUABLE
run-13b8e57262e6f9806926a54be2cf43d109228407a37d7f01a13dfc1f275c2d74,leak.equality.m9991.n10000.pqstr,measurement,0,correctness,full_reference,standard,a76bb9458b181500c7bfb9efefcfecfbb019b5a9,tadr-core,0.1.0,proprietary,,a37ec8d336d16dbe4b7a7448071808daaf5e3e0ab03afe3bb7de0ce6882bc31d,1.0,MVP_V1,1.0,1.0.12,354d07d7c83bd6265826bfeea5ad5a8ee1676a77d481616cf99ced47cbfd0b93,70a74a5e3733f6edf9b97c67a076bce76ee28fd97f5f025bf95b1d9195fb7c16,451a469dfd1b5a518f137540873eabac99f5f6a0cfc7941aff4751edcafa980c,9bdbd26ef955aaa920627a4881755e0e2c32be62150ba384fdf9a691f7cb613d,c5d7f4017cad872c2509da91a275dde27e559c0cf87b69a70100e45a09ebea28,success,EVALUABLE
run-14941a6b846f97f7973968d3cd531f8334cb6ed48f242fc74f1116c689a6dced,sampling.class_rare.middle.n300000.pqstr,measurement,0,sampling_reference,full_reference,standard,a76bb9458b181500c7bfb9efefcfecfbb019b5a9,tadr-core,0.1.0,proprietary,,a37ec8d336d16dbe4b7a7448071808daaf5e3e0ab03afe3bb7de0ce6882bc31d,1.0,MVP_V1,1.0,1.0.12,354d07d7c83bd6265826bfeea5ad5a8ee1676a77d481616cf99ced47cbfd0b93,e428bc274a896fa9cd66e8daa1db58fc426f1d858e3bb7584f6243129c2f6165,1efadf85ab2eb1b0eb724f6e961e010141216eb0d1f878298c0a1c4d9ea5c975,ea52e88db3c8b285efb2c591f94dd2d50c9ed06c0e45c87b3a0bb4fe96379f32,b9546d759c9a06fc68d3293885885cab768803deeebfd0ff5b4cf207d2ab65c2,success,EVALUABLE
run-14c138da9840ede86c2119103a2561b013a70ba702d4d7c37b53268b331ed3d7,sampling.group.gaps.n300000.pqstr,measurement,0,sampling_bounded,HEAD_STRIDE_V1,standard,a76bb9458b181500c7bfb9efefcfecfbb019b5a9,tadr-core,0.1.0,proprietary,,a37ec8d336d16dbe4b7a7448071808daaf5e3e0ab03afe3bb7de0ce6882bc31d,1.0,MVP_V1,1.0,1.0.12,354d07d7c83bd6265826bfeea5ad5a8ee1676a77d481616cf99ced47cbfd0b93,c68da782f789d4d7cc370a6499736fb2783e5db98490da0417286a58e73b1f4e,2844adce40482a8a36878de45ea583797fde343a78a2d3d5a2f1c36840e4391f,7ac87c2a06b42d0c92052e79966ca4bab8c7a3fbd3a131bc9e7e6c2f165ed83b,b2232bfe5349205636e73a2113449edb9cac7a40f6cccf645aa4ee16d8f14e53,success,EVALUABLE
run-155130c0e4b0bdea4b7ef0188133475da5b9da21f529140beaa81aea6d7cfed3,split.reg_random_valid.n10000.pqstr,measurement,0,correctness,full_reference,standard,a76bb9458b181500c7bfb9efefcfecfbb019b5a9,tadr-core,0.1.0,proprietary,,a37ec8d336d16dbe4b7a7448071808daaf5e3e0ab03afe3bb7de0ce6882bc31d,1.0,MVP_V1,1.0,1.0.12,354d07d7c83bd6265826bfeea5ad5a8ee1676a77d481616cf99ced47cbfd0b93,019cbce47b78ae38bc5e515beb4dbc97e8a0d4533e0085ed364982da806a9435,4f838d4abee75cd21df2e8dca33c8ba961ae18c8b65acef38303383a66823ca0,2003b2258425e91889e0dbe0f3d1b8e8fbd5339102ae656beb08dae10b7e672f,869f012c3e758559e3f2c4cb13d5508480a500770038e167b1290ec167e96572,success,EVALUABLE
run-158c71b7961eb9df41e02e9255ed01fecd725206763b1196f3eff58adc25fb53,group.group.r500.n10000.csv,measurement,0,correctness,full_reference,standard,a76bb9458b181500c7bfb9efefcfecfbb019b5a9,tadr-core,0.1.0,proprietary,,a37ec8d336d16dbe4b7a7448071808daaf5e3e0ab03afe3bb7de0ce6882bc31d,1.0,MVP_V1,1.0,1.0.12,354d07d7c83bd6265826bfeea5ad5a8ee1676a77d481616cf99ced47cbfd0b93,980d5c0fff74e8dbbebc8c249a44275e8ad2d60f69286515acd679f10e97b241,9898ed8c601f1db31b01873937bae14b7eae36e79b63c2025320102fbaeb0cf7,fa8e84b27f235cec92c5f2f3f27bad1df970cafec009529f3be8bfc6bf97df64,2518cd70752bc72fb0f473716c6c2f859997f75d075ff7a311382c10ba51f6fe,success,EVALUABLE
run-166bc639124404ae9e68e04094af329070acad4e560d7bf1e948a9917815e26a,class.binary.min5000.n10000.csv,measurement,0,correctness,full_reference,standard,a76bb9458b181500c7bfb9efefcfecfbb019b5a9,tadr-core,0.1.0,proprietary,,a37ec8d336d16dbe4b7a7448071808daaf5e3e0ab03afe3bb7de0ce6882bc31d,1.0,MVP_V1,1.0,1.0.12,354d07d7c83bd6265826bfeea5ad5a8ee1676a77d481616cf99ced47cbfd0b93,fe15d2e3d73155a4720cb763d5cc76b28258038d378dedf1f2f8944c3199da6e,b982e9e91b1e2890293b31ca498183e02b98ddf0df4c5b420a40edc7fffbcabe,53f45e468bcb5e6750c9ac6ca6c4822669b091c1385584847d971e56ae9645f0,16c3d31334c44ea9575b6366891977e65a866269efc479ddd24ab6fbf0b18ee6,success,EVALUABLE
run-16ecda8f9adb66f65e088d3508a4d88fa3e0eb2e1941aad204e243784d9382d5,timestamp.time_series.valid8001.n10000.csv,measurement,0,correctness,full_reference,standard,a76bb9458b181500c7bfb9efefcfecfbb019b5a9,tadr-core,0.1.0,proprietary,,a37ec8d336d16dbe4b7a7448071808daaf5e3e0ab03afe3bb7de0ce6882bc31d,1.0,MVP_V1,1.0,1.0.12,354d07d7c83bd6265826bfeea5ad5a8ee1676a77d481616cf99ced47cbfd0b93,ed1c2cee8f9116c3a6c0e7ae7acf26b952cd177e1f680a7b1abae47c8f11fded,9d04a3bcca1aff8a102ecdc09c087c1dee89de7700231d86af08388bcce39a90,98d44721bf247d16813615d3738cc17f9d4d6e7fd27907254ad3776eaa5b2327,adb2f8caf617da1b9d57f61231f2d4ee9b4e563377dc435f3b8a0094d9d9bcf2,success,EVALUABLE
run-16fde5bc6a38f86762d0eb932678b5e0f4bbb3c79dd1fe0965c0f73d01535b10,sampling.group.tail.n300000.pqstr,measurement,0,sampling_bounded,HEAD_STRIDE_V1,standard,a76bb9458b181500c7bfb9efefcfecfbb019b5a9,tadr-core,0.1.0,proprietary,,a37ec8d336d16dbe4b7a7448071808daaf5e3e0ab03afe3bb7de0ce6882bc31d,1.0,MVP_V1,1.0,1.0.12,354d07d7c83bd6265826bfeea5ad5a8ee1676a77d481616cf99ced47cbfd0b93,50288ac7bf143e9cf23b1d06c9a530900750164196169015ee2612ab27c72714,691a89fda65b9071d26a787f28b61357ebc4bff75cb30940d5d0d6a74aca546d,d7ed14ea8e0e0bfada5b1034c4f81a57dac78aa9ff2894034927c24e28c69b77,ca2bf680f70412df66a51fbfd820019b6ae8d5d1702fd651b53582ad9cb6d77a,success,EVALUABLE
run-1709164230ef9998b046bf35356b435f8022dfd26e79a94f5c03bb1a0a5e034a,group.time.r1999.n10000.csv,measurement,0,correctness,full_reference,standard,a76bb9458b181500c7bfb9efefcfecfbb019b5a9,tadr-core,0.1.0,proprietary,,a37ec8d336d16dbe4b7a7448071808daaf5e3e0ab03afe3bb7de0ce6882bc31d,1.0,MVP_V1,1.0,1.0.12,354d07d7c83bd6265826bfeea5ad5a8ee1676a77d481616cf99ced47cbfd0b93,bd186bcdf4670d26e374a23132c5d23bac20da8aca41a0ce1590d9a032af5852,f6afba1665f4c8630efb3904b3c550a51a12ffcb7664cd7751235aa2e0c1772d,18450c4af0a0dbbdb9aeff8a9c3c586f9b4a979df1fb24da49936a19d58df9bb,36f9e8ca873777efb721e9a844af3ee4f58b5368d17fb7a2b0a69137a97a5b87,success,EVALUABLE
run-178861f97175ab045589a45d0fd9631c2450321283b017ec44ba18263378d4b2,class.binary.min999.n10000.pqstr,measurement,0,correctness,full_reference,standard,a76bb9458b181500c7bfb9efefcfecfbb019b5a9,tadr-core,0.1.0,proprietary,,a37ec8d336d16dbe4b7a7448071808daaf5e3e0ab03afe3bb7de0ce6882bc31d,1.0,MVP_V1,1.0,1.0.12,354d07d7c83bd6265826bfeea5ad5a8ee1676a77d481616cf99ced47cbfd0b93,b440ee4d732f329e3deaef0c427285348ab4f24f5108a85b3e66dfa62f65b874,73c2035a2f7f62218dd9bdab47ceb85085356fe7f4575581cc02dce738c6b3b0,9dfe8616e1895495e15318b4b9c69cd294f61a261a4e6c90f7de75a1c723031c,0b14661f2d75502abfa48e3f7d4676268060fdea47112e340f339c4aac074f3e,success,EVALUABLE
run-179bc5a66c1f6c5952722d23a9b17e8b6a4f79d14792a695060c90da09c414c4,scale.analytics.n10000.w300.csv,warmup,0,scale_regular,scale_default,standard,a76bb9458b181500c7bfb9efefcfecfbb019b5a9,tadr-core,0.1.0,proprietary,,a37ec8d336d16dbe4b7a7448071808daaf5e3e0ab03afe3bb7de0ce6882bc31d,1.0,MVP_V1,1.0,1.0.12,354d07d7c83bd6265826bfeea5ad5a8ee1676a77d481616cf99ced47cbfd0b93,ee4e4139328d06acddde566c3178c374e2547e9be930b23052284f53af21de6e,e5640ecdc452b5a48c36bc7fde0179a3d4284e6740b6b1f375f476b4d2dd493c,16485c26e0ddfda499d7c33a20f57085f7f73a1491e6d902c37e8b19b0de4849,388a7405aa19fab70b7b162fedfd587ddc2b7a5dc71c55416b7d8865d1d7440e,success,EVALUABLE
run-17eab007e4970e2da474a071afdd8141b16b4ffd1ddce8780880b21a4bd9c1bd,inference.analytics.omit_one.n10000.csv,measurement,0,correctness,full_reference,standard,a76bb9458b181500c7bfb9efefcfecfbb019b5a9,tadr-core,0.1.0,proprietary,,a37ec8d336d16dbe4b7a7448071808daaf5e3e0ab03afe3bb7de0ce6882bc31d,1.0,MVP_V1,1.0,1.0.12,354d07d7c83bd6265826bfeea5ad5a8ee1676a77d481616cf99ced47cbfd0b93,808c7ca624b911d0e5c53efc3db94fd526c8b4de20291bcc7e7c4d5c4c4cadfa,c21bce58aa9857b4c0db0f0b8fc49257115ae1964241cf4ee2484b21c29d7efd,092e5d7185303414a25438bb0bc0d5f65766ac28881bfe5e77acb96d29d804ee,52993d17719a855b9f2fd7291909eb672f8c4155f0b88346a70b0ce100f9bd94,success,EVALUABLE
run-18355d98d02700b100443756e151c9fcd96aeb818c184a76db3b156499f622ea,duplicate.keys.e100.n10000.pqstr,measurement,0,determinism_small,full_reference,decimal_high,a76bb9458b181500c7bfb9efefcfecfbb019b5a9,tadr-core,0.1.0,proprietary,,a37ec8d336d16dbe4b7a7448071808daaf5e3e0ab03afe3bb7de0ce6882bc31d,1.0,MVP_V1,1.0,1.0.12,354d07d7c83bd6265826bfeea5ad5a8ee1676a77d481616cf99ced47cbfd0b93,d4771be5474988df57cf885b339f6604b0599e5ce1b21751eb597aadcf7c8b49,a3f9bf2b671cb66ea52c1a6259c86cba85f0283264edff978e40352e6732e2da,1d4438ddaf9b6339e1c52deb4a6313aa48f2e91f654f85a160312f334854a8d7,56f2229a8d01fcb7d81254381995d51f850d00b858e94ec88623316d89bfad29,success,EVALUABLE
run-1855a151e20e36c0705a0425a2efa0f8e4bb83b917181649550adcb0acdea7ee,clean.analytics.n10000.csv,measurement,0,correctness,full_reference,standard,a76bb9458b181500c7bfb9efefcfecfbb019b5a9,tadr-core,0.1.0,proprietary,,a37ec8d336d16dbe4b7a7448071808daaf5e3e0ab03afe3bb7de0ce6882bc31d,1.0,MVP_V1,1.0,1.0.12,354d07d7c83bd6265826bfeea5ad5a8ee1676a77d481616cf99ced47cbfd0b93,5d9d0395d54f10cb210ba7248c97c4694d9fac598718cc41212b50c7ff24ed5e,c21bce58aa9857b4c0db0f0b8fc49257115ae1964241cf4ee2484b21c29d7efd,092e5d7185303414a25438bb0bc0d5f65766ac28881bfe5e77acb96d29d804ee,17f6f0a126b771610b729f6a93ed83d066eca2c1258d94731dc2f3bbb103c7ff,success,EVALUABLE
run-1892eb13194ec5818a2ef4972b617a2366cdd66a8337f82b2e256a9d0e63dafb,sampling.leakage.head.n300000.pqstr,measurement,0,determinism_sampled,HEAD_STRIDE_V1,timezone_berlin,a76bb9458b181500c7bfb9efefcfecfbb019b5a9,tadr-core,0.1.0,proprietary,,a37ec8d336d16dbe4b7a7448071808daaf5e3e0ab03afe3bb7de0ce6882bc31d,1.0,MVP_V1,1.0,1.0.12,354d07d7c83bd6265826bfeea5ad5a8ee1676a77d481616cf99ced47cbfd0b93,391ee878f387100813856573a5c36985cb0c9a71b0a90d550ff2764d9fcf3e1f,dbbd4574489e44a2b39ba6fa1a88dd626e04349ed702bd50fc8cb496a303c758,9e190bbc9e80d012e33002628a2aa6b9550dc843afa9163c4192c419f7f30256,77b6da31cfc68fc7ef435fc38d511541410887738dae217ae0579c5de21b9a63,success,EVALUABLE
run-18a00281fd36001955be2934f5d977a6df6745919459e25a9eae2e7dbe321e40,duplicate.rows.e500.n10000.csv,measurement,0,determinism_small,full_reference,standard,a76bb9458b181500c7bfb9efefcfecfbb019b5a9,tadr-core,0.1.0,proprietary,,a37ec8d336d16dbe4b7a7448071808daaf5e3e0ab03afe3bb7de0ce6882bc31d,1.0,MVP_V1,1.0,1.0.12,354d07d7c83bd6265826bfeea5ad5a8ee1676a77d481616cf99ced47cbfd0b93,644dcee9707dec5114f2d81d7a0203e70e474037f8daecee75dee486a0fe8732,266dbcf0f8269bb64d47322d4f374dccecb313c65eb95fb40f83d5356d46531a,d18babeae2628e826903b1cfa7724f03fe9f1f8451d8d8ed5dc4c94175f30cfd,6bf4c3e8e8b5b5acffd3304d13e94e2589e2fda5f5f01317b809b2221c49704a,success,EVALUABLE
run-1b733c163b72b60af4dad37ec31115a199fab72be37424e7eadf6d84a9a02d3d,sampling.group.middle.n300000.pqstr,measurement,0,sampling_bounded,HEAD_STRIDE_V1,standard,a76bb9458b181500c7bfb9efefcfecfbb019b5a9,tadr-core,0.1.0,proprietary,,a37ec8d336d16dbe4b7a7448071808daaf5e3e0ab03afe3bb7de0ce6882bc31d,1.0,MVP_V1,1.0,1.0.12,354d07d7c83bd6265826bfeea5ad5a8ee1676a77d481616cf99ced47cbfd0b93,4084b468c8cb0c14cbf8042d4a96a32b334a871968b94eebc147e1cd561cce40,a8deec9ce02653d79822fe677600d9b0cbf0912b282fa0a01132e7e33021ef5d,324cebcdf11e8ed761654d6e9f45758f56b6803ba8a54202ba46020f47662869,ca2bf680f70412df66a51fbfd820019b6ae8d5d1702fd651b53582ad9cb6d77a,success,EVALUABLE
run-1bd6c9557759edf7cfd17619fcc7379270ba0947d165b7dd1920f929f81ca8b5,duplicate.rows.e10.n10000.csv,measurement,0,correctness,full_reference,standard,a76bb9458b181500c7bfb9efefcfecfbb019b5a9,tadr-core,0.1.0,proprietary,,a37ec8d336d16dbe4b7a7448071808daaf5e3e0ab03afe3bb7de0ce6882bc31d,1.0,MVP_V1,1.0,1.0.12,354d07d7c83bd6265826bfeea5ad5a8ee1676a77d481616cf99ced47cbfd0b93,7e258b1329083c72073210f1c40d320326c2c94a0a01dd865cf312e395abe446,9274100355d4703661caef65cae723e0770c5e970c374099698c9d317de6ee46,7148312c151e2eb6390e80f480a449ed7a71a2f612a65031c944a5aa8f3c2ab2,319ede13eb23851b37965a72f61683b63727d39d70492b63a6b66072f609d28d,success,EVALUABLE
run-1c8d1cc7dfd1aa8dab257dc9b9a21ef60bbb234a551301c672808dc2a83054ae,leak.control.many_to_one.n10000.csv,measurement,0,correctness,full_reference,standard,a76bb9458b181500c7bfb9efefcfecfbb019b5a9,tadr-core,0.1.0,proprietary,,a37ec8d336d16dbe4b7a7448071808daaf5e3e0ab03afe3bb7de0ce6882bc31d,1.0,MVP_V1,1.0,1.0.12,354d07d7c83bd6265826bfeea5ad5a8ee1676a77d481616cf99ced47cbfd0b93,33b1c4ebc3e9d1fea4f3f655029587f3de77815d10689edac6f1d7991fa8bfe3,830d750ca473de0fb6d61e6139d96dc88d2ac5e0bfddaa50ffcedeb866c3387a,99fffdaa935b0f574300bd5c5da8cc53127d850f7a6c9c20bfbeb38528c81943,0ae52e70f4a38342afd1ce28f14b1196be50ab258d654d51f1a56ee169da4542,success,EVALUABLE
run-1caed69bc70cde2c202f3adc2306896fefb0d32050abcb1db9f487f6785ee1b5,parse.numeric.f499.n10000.csv,measurement,0,correctness,full_reference,standard,a76bb9458b181500c7bfb9efefcfecfbb019b5a9,tadr-core,0.1.0,proprietary,,a37ec8d336d16dbe4b7a7448071808daaf5e3e0ab03afe3bb7de0ce6882bc31d,1.0,MVP_V1,1.0,1.0.12,354d07d7c83bd6265826bfeea5ad5a8ee1676a77d481616cf99ced47cbfd0b93,7f927cf3621568e5d4b0214e53a73dc9d54efb013f2639e0768adfaa8f6738c5,535c23f4a716348f9dd0022f36adcc7b57fb49ac3fad521dc9cf683fcfd7126b,fed2e660bd83262abfd35b1b571b2203c13a9d87b6ec2d3c24c21900e4bcf6e1,844789a962af0115dcebe7ad3122215aaae036e3a1a028fca5c372a752a80093,success,EVALUABLE
run-1cf8e9a182dcab6ee55c37e6736870b6dbb3a9747c822b3a9278d8e9de332dd4,class.binary.min1000.n10000.csv,measurement,0,correctness,full_reference,standard,a76bb9458b181500c7bfb9efefcfecfbb019b5a9,tadr-core,0.1.0,proprietary,,a37ec8d336d16dbe4b7a7448071808daaf5e3e0ab03afe3bb7de0ce6882bc31d,1.0,MVP_V1,1.0,1.0.12,354d07d7c83bd6265826bfeea5ad5a8ee1676a77d481616cf99ced47cbfd0b93,3d30ada38874378655ddc15ba376531e9b2af8b3a11ea417e7a37714a5b94eb6,673dc743b73daf78ca38b983cdf48a6e91e8e92c6018b8523c1945b5f349f68e,b46bee482afd2019eeeaaeec69f33eb884d891d400ce18066e1c246318537418,720be45f0b95a75625789b1fc35b1a90982750adbeae53c011c09d1af5d318a2,success,EVALUABLE
run-1e613bc0c42f0636669821df6b824e9fa1a00632f100672336b099e7270bd17a,sampling.class_rare.gaps.n300000.pqstr,measurement,0,sampling_bounded,HEAD_STRIDE_V1,standard,a76bb9458b181500c7bfb9efefcfecfbb019b5a9,tadr-core,0.1.0,proprietary,,a37ec8d336d16dbe4b7a7448071808daaf5e3e0ab03afe3bb7de0ce6882bc31d,1.0,MVP_V1,1.0,1.0.12,354d07d7c83bd6265826bfeea5ad5a8ee1676a77d481616cf99ced47cbfd0b93,1af24852ccfa081135db21aa803362a7cd05fb76fe42d11dd853db036c48a1a9,eb92abbcb3e38887f890431a1b31865f3b3030186394a00d3da39061576dcbf8,31538df9b0dea59bcc98d41ff67a1d60d5caed7193a540cd216ad36b46385867,ae4cb121c2209a040b1ca60c0549adc8e2ceea1d0e6e2b54855edd6073427f08,success,EVALUABLE
run-1fda8a034f7a20d84c8d5e4ea742aaa0207eff7494872c0fd843e6159d22636c,scale.analytics.n10000.w300.pqnative,warmup,0,scale_regular,scale_default,standard,a76bb9458b181500c7bfb9efefcfecfbb019b5a9,tadr-core,0.1.0,proprietary,,a37ec8d336d16dbe4b7a7448071808daaf5e3e0ab03afe3bb7de0ce6882bc31d,1.0,MVP_V1,1.0,1.0.12,354d07d7c83bd6265826bfeea5ad5a8ee1676a77d481616cf99ced47cbfd0b93,0adc706ee34164a13168d904c32b47a52921f113857b4f909143088fcadfb145,401fd68055c4e41793de578ae01445bc0a0e59eccded1e0aed605a2fadc3f151,7b3bd3449c70f2654b83a39bb465b83a903856ef72e1a604b05dbb80894b517d,3a2a064b307ce029eaa20e665dc425da4801dfc1306d353253ac005e8ecc89c3,success,EVALUABLE
run-20c4ab503696b8a84b907d58775aef576f77142414e079e1ccce3de4829286f1,sampling.duplicate_rows.gaps.n300000.pqstr,measurement,0,sampling_reference,full_reference,standard,a76bb9458b181500c7bfb9efefcfecfbb019b5a9,tadr-core,0.1.0,proprietary,,a37ec8d336d16dbe4b7a7448071808daaf5e3e0ab03afe3bb7de0ce6882bc31d,1.0,MVP_V1,1.0,1.0.12,354d07d7c83bd6265826bfeea5ad5a8ee1676a77d481616cf99ced47cbfd0b93,3023f1ab50b0238fb78ded29f1e5fe537251eeefe145fe3c5511c463f5fb2529,dca64ab915085ef54aab1c6005cb3ae0bb6e1e653f1cdd4e56567b1dc62b6214,4f4537d8606299c589e3d4d73210dd25314804effe7dddd293de8fd398cb5333,17b2adfdd4720021bfdd3a8cbc61d55360515fc93952dd66c52d5876fc56d6c1,success,EVALUABLE
run-22ce34b1a9b4c57bbd15c1a558541bc15e20952b203172acd66b849361d5cd6e,missing.feature.m3000.n10000.pqstr,measurement,0,correctness,full_reference,standard,a76bb9458b181500c7bfb9efefcfecfbb019b5a9,tadr-core,0.1.0,proprietary,,a37ec8d336d16dbe4b7a7448071808daaf5e3e0ab03afe3bb7de0ce6882bc31d,1.0,MVP_V1,1.0,1.0.12,354d07d7c83bd6265826bfeea5ad5a8ee1676a77d481616cf99ced47cbfd0b93,fa480ef8e6e211f9ba322817ef2b85b26cf2c0313926794e877f5e132eec7702,4b60477863160bfd89b977ef3557438c75b6e1d0110589d714727c2537835e5e,46c754d4f364d75514b1655be88de66398070a51f93dd01528d5e1f67a4b02a8,59f5df377ea923495f4b0a1c86e6dc7eb89c94da7b989f1477c6eb4ed95e4a90,success,EVALUABLE
run-23451b40c0519c3905b73346e088f3883402c345fbdfb5c06fd9e3336e09cfd3,sampling.leakage.head.n300000.pqstr,measurement,1,determinism_sampled,HEAD_STRIDE_V1,hash_fortytwo,a76bb9458b181500c7bfb9efefcfecfbb019b5a9,tadr-core,0.1.0,proprietary,,a37ec8d336d16dbe4b7a7448071808daaf5e3e0ab03afe3bb7de0ce6882bc31d,1.0,MVP_V1,1.0,1.0.12,354d07d7c83bd6265826bfeea5ad5a8ee1676a77d481616cf99ced47cbfd0b93,391ee878f387100813856573a5c36985cb0c9a71b0a90d550ff2764d9fcf3e1f,dbbd4574489e44a2b39ba6fa1a88dd626e04349ed702bd50fc8cb496a303c758,9e190bbc9e80d012e33002628a2aa6b9550dc843afa9163c4192c419f7f30256,77b6da31cfc68fc7ef435fc38d511541410887738dae217ae0579c5de21b9a63,success,EVALUABLE
run-2428964f43ba41ba4c98c56453a6cc91b6e6f9100b742bfee68d57e01af67cb7,composite.timestamp_random.n10000.csv,measurement,1,determinism_small,full_reference,decimal_high,a76bb9458b181500c7bfb9efefcfecfbb019b5a9,tadr-core,0.1.0,proprietary,,a37ec8d336d16dbe4b7a7448071808daaf5e3e0ab03afe3bb7de0ce6882bc31d,1.0,MVP_V1,1.0,1.0.12,354d07d7c83bd6265826bfeea5ad5a8ee1676a77d481616cf99ced47cbfd0b93,311d2b82f7a04ee6339a115a06983cdb8cea9c65e1ce94b27ddbd32834c45383,4ee0dd77819611eecbe0461587e7efa1ed30d8f4c8cb12f54be452974f7a17b6,310dd96abee2c9259a38a20c167219cb723f46d22fa9ceb7c218425a0b0f3994,3876c7266629585bc723a22d2351d27ea715aa05a0c8a29a8b21adcf1c89cacc,success,EVALUABLE
run-24a3db72e0629903775f2a81b8da63fb486041f5cbec08d4d63f31102841a3af,composite.timestamp_random.n10000.csv,measurement,0,determinism_small,full_reference,timezone_berlin,a76bb9458b181500c7bfb9efefcfecfbb019b5a9,tadr-core,0.1.0,proprietary,,a37ec8d336d16dbe4b7a7448071808daaf5e3e0ab03afe3bb7de0ce6882bc31d,1.0,MVP_V1,1.0,1.0.12,354d07d7c83bd6265826bfeea5ad5a8ee1676a77d481616cf99ced47cbfd0b93,311d2b82f7a04ee6339a115a06983cdb8cea9c65e1ce94b27ddbd32834c45383,4ee0dd77819611eecbe0461587e7efa1ed30d8f4c8cb12f54be452974f7a17b6,310dd96abee2c9259a38a20c167219cb723f46d22fa9ceb7c218425a0b0f3994,3876c7266629585bc723a22d2351d27ea715aa05a0c8a29a8b21adcf1c89cacc,success,EVALUABLE
run-2556399eef295ffffcd525cdb00be65e5cd8a72bfe8b5fced3883c59fe89fca8,sampling.class_boundary.gaps.n300000.pqstr,measurement,0,sampling_reference,full_reference,standard,a76bb9458b181500c7bfb9efefcfecfbb019b5a9,tadr-core,0.1.0,proprietary,,a37ec8d336d16dbe4b7a7448071808daaf5e3e0ab03afe3bb7de0ce6882bc31d,1.0,MVP_V1,1.0,1.0.12,354d07d7c83bd6265826bfeea5ad5a8ee1676a77d481616cf99ced47cbfd0b93,c1c7d2dea4541f16728fbcc722cd51032839b008d1982ef21d87c02365f1cf95,ef1060bf3acdcf442d5c565b5e781205c768aa074d15e30ef6c2137da43adefc,3d368cf305426015f1cc3c2047c13749c4050d2d5063745094147879874ac7f1,52d771e915e298d2f54e3d35384966404333c798a8ae18e977d00744e307b9e6,success,EVALUABLE
run-2576434f2ade1ed8466a4fcbe317b2ac4b9d0ea5d9bcc6ce3539a99cfd206f7f,duplicate.keys.e100.n10000.pqstr,measurement,0,determinism_small,full_reference,timezone_berlin,a76bb9458b181500c7bfb9efefcfecfbb019b5a9,tadr-core,0.1.0,proprietary,,a37ec8d336d16dbe4b7a7448071808daaf5e3e0ab03afe3bb7de0ce6882bc31d,1.0,MVP_V1,1.0,1.0.12,354d07d7c83bd6265826bfeea5ad5a8ee1676a77d481616cf99ced47cbfd0b93,d4771be5474988df57cf885b339f6604b0599e5ce1b21751eb597aadcf7c8b49,a3f9bf2b671cb66ea52c1a6259c86cba85f0283264edff978e40352e6732e2da,1d4438ddaf9b6339e1c52deb4a6313aa48f2e91f654f85a160312f334854a8d7,56f2229a8d01fcb7d81254381995d51f850d00b858e94ec88623316d89bfad29,success,EVALUABLE
run-25bce009337c0416318cfca06c864ea0e851eeb0b36f39e89236fb632834a8a0,identifier.probe_id.u9799.n10000.csv,measurement,0,correctness,full_reference,standard,a76bb9458b181500c7bfb9efefcfecfbb019b5a9,tadr-core,0.1.0,proprietary,,a37ec8d336d16dbe4b7a7448071808daaf5e3e0ab03afe3bb7de0ce6882bc31d,1.0,MVP_V1,1.0,1.0.12,354d07d7c83bd6265826bfeea5ad5a8ee1676a77d481616cf99ced47cbfd0b93,b932e7f4320192acc2b596096aafdf59955ac5216f0911c80e481177d2a25df6,93b4eee2e652d1b313550abc5c4f1784e690f8f4250390c374549c961931efc8,0d260d40514325f412138a5b0d6f2ebaec7d632ecfdced64b33e5d7bb5d68981,3c8bcf6db0c4b8746966af4c4272f8571fa06bf7dcec30f7c02ecc095fd694f0,success,EVALUABLE
run-260dae8b189efdeaa46d07fd308f7d858c4e64cc64d8d801501177124d74110c,group.random.r2000.n10000.csv,measurement,1,determinism_small,full_reference,hash_one,a76bb9458b181500c7bfb9efefcfecfbb019b5a9,tadr-core,0.1.0,proprietary,,a37ec8d336d16dbe4b7a7448071808daaf5e3e0ab03afe3bb7de0ce6882bc31d,1.0,MVP_V1,1.0,1.0.12,354d07d7c83bd6265826bfeea5ad5a8ee1676a77d481616cf99ced47cbfd0b93,a7f2fa480a475a37fb77b449eadfbae99f0032003e6d3a9842f7a9094f231350,9594c53132cc5da7b983625018f02ce64e675a692247ea4230159680b2043661,1040d9b90d3d9437d2a8098d9f531add44dbfe183cadbbd17238e7cb126449f8,e2fbfbeaeabda936db187cf8d6b6f5ed419464b327427b2894a0dd2309238694,success,EVALUABLE
run-265f5f4ea036ca69f509429377f744e550277207704bf0a13cba837fcbe42a18,leak.mapping.r9990.n10000.pqstr,measurement,0,determinism_small,full_reference,decimal_high,a76bb9458b181500c7bfb9efefcfecfbb019b5a9,tadr-core,0.1.0,proprietary,,a37ec8d336d16dbe4b7a7448071808daaf5e3e0ab03afe3bb7de0ce6882bc31d,1.0,MVP_V1,1.0,1.0.12,354d07d7c83bd6265826bfeea5ad5a8ee1676a77d481616cf99ced47cbfd0b93,a14a7eca9a67116beaeb2bf5bcce12e22957d2316e54dae8375150a513871888,0f91ced0fb3f4f6fdf7deeb8506c1a6a87cb65857cd138c40d2a843f0a42b586,ad6fe3f43221c4ba377525b8d6571ce833046f7bdc59f35cce37ecb46b06d26b,2c5d0a75623a1baadec7180fd9fb1e5b8ea97a1fcfb96f5a9e4045b79d729d1a,success,EVALUABLE
run-26a8193b502aebf6359fb51521848f44068a124f6e94df3815dae10b439d20b4,split.reg_random_degraded.n10000.pqstr,measurement,0,correctness,full_reference,standard,a76bb9458b181500c7bfb9efefcfecfbb019b5a9,tadr-core,0.1.0,proprietary,,a37ec8d336d16dbe4b7a7448071808daaf5e3e0ab03afe3bb7de0ce6882bc31d,1.0,MVP_V1,1.0,1.0.12,354d07d7c83bd6265826bfeea5ad5a8ee1676a77d481616cf99ced47cbfd0b93,226e6f4ed1c351c8d145593e0a21fa57daf5b25995c50d10b33bd72838bcd65d,5c4992cd925e0f8bbbb24a66c581c20bc7dfa51d5e11b5fddf8e48946caccdca,d4a59ecbd515ca3ce3fedaad8396bc40bf01fd72efffcf96fed69a192a77e890,da1afcfac780e03c7fda70b3d2184266ef14aa0aecef0f696fb99d6444724d49,success,EVALUABLE
run-26f4b4a6cfe9d251da68f30f56cff61d861ca5f602d2e05daff7571f647b9666,clean.classification.n10000.csv,measurement,0,determinism_small,full_reference,hash_one,a76bb9458b181500c7bfb9efefcfecfbb019b5a9,tadr-core,0.1.0,proprietary,,a37ec8d336d16dbe4b7a7448071808daaf5e3e0ab03afe3bb7de0ce6882bc31d,1.0,MVP_V1,1.0,1.0.12,354d07d7c83bd6265826bfeea5ad5a8ee1676a77d481616cf99ced47cbfd0b93,e4e9d58fe89b7e1e6e157add2956c13dd3dbd59893ee45db1629261bed48a88e,54396f5a0a2e24afc00b12c9f7bfd0fd14c0fa44b46ee52e4811e096e3dce878,56ce133fa0edd9eb44a77aba46b91b3bf8bde4a67d67d9228b1ba8351d06e99b,16c3d31334c44ea9575b6366891977e65a866269efc479ddd24ab6fbf0b18ee6,success,EVALUABLE
run-2795e2857454ca658f493e1da9c0ae9cdf9b826fedb731f4da9397b0f5bcfd2a,leak.control.constant_target.n10000.csv,measurement,0,correctness,full_reference,standard,a76bb9458b181500c7bfb9efefcfecfbb019b5a9,tadr-core,0.1.0,proprietary,,a37ec8d336d16dbe4b7a7448071808daaf5e3e0ab03afe3bb7de0ce6882bc31d,1.0,MVP_V1,1.0,1.0.12,354d07d7c83bd6265826bfeea5ad5a8ee1676a77d481616cf99ced47cbfd0b93,0137789f0d5c4324d1aa5b807950e7a23aa447535242b03ee69bcef7cdd04da9,e0d73214a25bc2b6a667ffc232afe423ff454c7e2c4f768d1db0a6b290985c79,d6cee65be704af4d53a3c89a291c2d567e97f3f77e8a9443cbe6ae1b94066f49,6571ca334dfd54b62d46ea5e920ad2db5c6489755a654fdb374622cdc889ee9d,success,EVALUABLE
run-283f0044d29b2e810748968a5f4d1619d52e7cec6207f8a72bbbabdafc181332,scale.analytics.n1000000.w20.csv,measurement,1,scale_regular,scale_default,standard,a76bb9458b181500c7bfb9efefcfecfbb019b5a9,tadr-core,0.1.0,proprietary,,a37ec8d336d16dbe4b7a7448071808daaf5e3e0ab03afe3bb7de0ce6882bc31d,1.0,MVP_V1,1.0,1.0.12,354d07d7c83bd6265826bfeea5ad5a8ee1676a77d481616cf99ced47cbfd0b93,bbec47646003d2d0788e088c026945db59024b54c2691ec4b92db81caa093724,7002e42b8a7e270e1e445ec52cecb7c1a8ba0a528084cb7d69eb31747d8d4a54,18e9bfe05fa13ff6fb2e19170ffa2f91a2cc6286b263b52de12c08a7cea8753e,9486b71d5951408f5ce4e4b20e90abdf6d91804efb9135a12fc6652d7ad64811,success,EVALUABLE
run-286d9685173970ec0727291c2546b826eb656d66e4e4ac299c39cebd5d0e6330,composite.leak_missing.n10000.csv,measurement,0,correctness,full_reference,standard,a76bb9458b181500c7bfb9efefcfecfbb019b5a9,tadr-core,0.1.0,proprietary,,a37ec8d336d16dbe4b7a7448071808daaf5e3e0ab03afe3bb7de0ce6882bc31d,1.0,MVP_V1,1.0,1.0.12,354d07d7c83bd6265826bfeea5ad5a8ee1676a77d481616cf99ced47cbfd0b93,53d77b7b56ca83f87d2cc895ed38eaefec8bb5d36b60c38c3da77b18b681154f,2fc634d8ff85b23ebf3b5ba5041fb5336b1f28394dfaf9da6cc3705056916a43,87a14336d2f09831bd6150eb1d6d9db60e6c15248762b5c5bd8be93eb310f2ea,1bb55813d24c1c729922f54ca72eb7e42a474542d61642f5e97c59a69d0b1f60,success,EVALUABLE
run-289933955dad5a0cb587bcbf6f698641e659b5bcc012d17477cd785e925c5052,parse.numeric.f2001.n10000.csv,measurement,0,determinism_small,full_reference,standard,a76bb9458b181500c7bfb9efefcfecfbb019b5a9,tadr-core,0.1.0,proprietary,,a37ec8d336d16dbe4b7a7448071808daaf5e3e0ab03afe3bb7de0ce6882bc31d,1.0,MVP_V1,1.0,1.0.12,354d07d7c83bd6265826bfeea5ad5a8ee1676a77d481616cf99ced47cbfd0b93,3ce13524ae9d62dad846a763c42d9aacfb5a8589ed569d2b7e2c83c33307e762,d4e8fa6771ba7922c34782952a10d34189cc6e369636033f87d5d3e1004f25be,3ab1139de98968d383e401edbb099a71bbfa6f7c77eb63da0f020410dc8fbea9,798b3bb3a7a09e1690458cc12572f66a2526305e028621c09c8f3deaf7f9f5e6,success,EVALUABLE
run-28e0cfdc2e755774b7e847b82ff48c06c6ee58fc5a98fe68ce99df1b690b595b,sampling.leakage.head.n300000.pqstr,measurement,1,determinism_sampled,HEAD_STRIDE_V1,timezone_berlin,a76bb9458b181500c7bfb9efefcfecfbb019b5a9,tadr-core,0.1.0,proprietary,,a37ec8d336d16dbe4b7a7448071808daaf5e3e0ab03afe3bb7de0ce6882bc31d,1.0,MVP_V1,1.0,1.0.12,354d07d7c83bd6265826bfeea5ad5a8ee1676a77d481616cf99ced47cbfd0b93,391ee878f387100813856573a5c36985cb0c9a71b0a90d550ff2764d9fcf3e1f,dbbd4574489e44a2b39ba6fa1a88dd626e04349ed702bd50fc8cb496a303c758,9e190bbc9e80d012e33002628a2aa6b9550dc843afa9163c4192c419f7f30256,77b6da31cfc68fc7ef435fc38d511541410887738dae217ae0579c5de21b9a63,success,EVALUABLE
run-299e57621674f865d825c8c51500f2d25d59e749f5a3639e49460a1ee5f92a90,missing.feature.m2999.n10000.pqstr,measurement,0,correctness,full_reference,standard,a76bb9458b181500c7bfb9efefcfecfbb019b5a9,tadr-core,0.1.0,proprietary,,a37ec8d336d16dbe4b7a7448071808daaf5e3e0ab03afe3bb7de0ce6882bc31d,1.0,MVP_V1,1.0,1.0.12,354d07d7c83bd6265826bfeea5ad5a8ee1676a77d481616cf99ced47cbfd0b93,af764229a733aa0bacc4678e0de6586892df51dbe174cfc8b76a529e6a02f0b8,a9e50246d64d34464ef419c6ed003259f6c04fcff860fa877afb4cf1f692ca04,016f6204d204280e58574d630af29bf5b26502347a9e1d8b0b479f049ebb3292,233224204f42468e5683c805cb0cb17559f25cbd65beb12dfecdb29c4abb3578,success,EVALUABLE
run-29d3e552c786b37dde7647fafe66b376447817796b44393e9ab94883d0fba4dd,duplicate.rows.e500.n10000.csv,measurement,1,determinism_small,full_reference,hash_one,a76bb9458b181500c7bfb9efefcfecfbb019b5a9,tadr-core,0.1.0,proprietary,,a37ec8d336d16dbe4b7a7448071808daaf5e3e0ab03afe3bb7de0ce6882bc31d,1.0,MVP_V1,1.0,1.0.12,354d07d7c83bd6265826bfeea5ad5a8ee1676a77d481616cf99ced47cbfd0b93,644dcee9707dec5114f2d81d7a0203e70e474037f8daecee75dee486a0fe8732,266dbcf0f8269bb64d47322d4f374dccecb313c65eb95fb40f83d5356d46531a,d18babeae2628e826903b1cfa7724f03fe9f1f8451d8d8ed5dc4c94175f30cfd,6bf4c3e8e8b5b5acffd3304d13e94e2589e2fda5f5f01317b809b2221c49704a,success,EVALUABLE
run-2a48dcf3651fe6895fac8b5b44e26f34e5d07aba775aab45dde529bad38a233d,missing.target.m100.n10000.pqstr,measurement,0,determinism_small,full_reference,hash_fortytwo,a76bb9458b181500c7bfb9efefcfecfbb019b5a9,tadr-core,0.1.0,proprietary,,a37ec8d336d16dbe4b7a7448071808daaf5e3e0ab03afe3bb7de0ce6882bc31d,1.0,MVP_V1,1.0,1.0.12,354d07d7c83bd6265826bfeea5ad5a8ee1676a77d481616cf99ced47cbfd0b93,8637f6905e96c3b06d75c68a1350e6a00570c0b072e3109dfd398f0221d43a26,dcc05a015dde9480b25b2259b6412b34ef38918193008241097bf0dcabebeb14,3cce36688f0fb571fe95924b2c76becaa4aec429d6a2dbacf7a6523f1774c51d,6e3056cac11814e5a889b2f01999946bf9b3d203a23245a7eacc4fdb2fd17997,success,EVALUABLE
run-2a56bf16c7300d2633975ea3cab2a11a29e6b1b5f35e6ca29cfc439452be8339,missing.feature.m1000.n10000.pqstr,measurement,0,correctness,full_reference,standard,a76bb9458b181500c7bfb9efefcfecfbb019b5a9,tadr-core,0.1.0,proprietary,,a37ec8d336d16dbe4b7a7448071808daaf5e3e0ab03afe3bb7de0ce6882bc31d,1.0,MVP_V1,1.0,1.0.12,354d07d7c83bd6265826bfeea5ad5a8ee1676a77d481616cf99ced47cbfd0b93,93eef7ee90d1a1a34e779d496906af78759b837fd1edb00fe97e0ecdc16a657e,3b278af379d073b61f82a4f0f2c687227c677af5e9fdcd5391e6ef9fe5cde880,7e8e808446558c5271d7a16f0c06891d5d93aa67e05fed6db39b50f7cb9fcda1,2642b2814827920618c50f830be4e49c5cd295ab17c21fa22e9a301c0df694d3,success,EVALUABLE
run-2a577cbd573b4b35c4b040a63accb1ce9fd13f5646e855ba5ef73ad42d035e4f,timestamp.time_series.absent.n10000.csv,measurement,0,correctness,full_reference,standard,a76bb9458b181500c7bfb9efefcfecfbb019b5a9,tadr-core,0.1.0,proprietary,,a37ec8d336d16dbe4b7a7448071808daaf5e3e0ab03afe3bb7de0ce6882bc31d,1.0,MVP_V1,1.0,1.0.12,354d07d7c83bd6265826bfeea5ad5a8ee1676a77d481616cf99ced47cbfd0b93,d0813225586c60ba66c8c76b2f3aaed90c71ed7e22e9c12ab5e8e4c10fe26266,b59e631d5075f198ecbf6d9846ac7d64e599c50da1bf9ecd4122111b36f12e1b,47f3d1a7727698dc2d52483934ca829aed3aeaebfce3f4bbe0ee0113f6ac40b2,09d42171362ef8a2a70ed6c2a284d96e6855557e3a0f5cb560b203aead0d829a,success,EVALUABLE
run-2aeefc83092ca21ace60b806976b804501001c228e9a0e8a60cc14c25517f81f,sampling.class_boundary.middle.n300000.pqstr,measurement,0,sampling_bounded,HEAD_STRIDE_V1,standard,a76bb9458b181500c7bfb9efefcfecfbb019b5a9,tadr-core,0.1.0,proprietary,,a37ec8d336d16dbe4b7a7448071808daaf5e3e0ab03afe3bb7de0ce6882bc31d,1.0,MVP_V1,1.0,1.0.12,354d07d7c83bd6265826bfeea5ad5a8ee1676a77d481616cf99ced47cbfd0b93,39bc0e39708d7bf11ad64a9ac55e46f006ea3a2f61c7e7ed8309656b618e16db,9aa5d5c98cd0d9eb3637909882e3814b32b741e1f38df524611060a02a54d901,f7c3f69d339daf2f3489224efdda81e4de4523f748bc632f12892db274da4a56,95fd4adc523ca24df3134009bcc892aa25f62648b0531544ff4895264fec4f1a,success,EVALUABLE
run-2b80a3d6445b50b363d2fc3f605d01607c71b9802b1089569c63e1a28062d4d1,group.time.r0.n10000.csv,measurement,0,correctness,full_reference,standard,a76bb9458b181500c7bfb9efefcfecfbb019b5a9,tadr-core,0.1.0,proprietary,,a37ec8d336d16dbe4b7a7448071808daaf5e3e0ab03afe3bb7de0ce6882bc31d,1.0,MVP_V1,1.0,1.0.12,354d07d7c83bd6265826bfeea5ad5a8ee1676a77d481616cf99ced47cbfd0b93,35eef66ca09f4e14d88864ffa041563083341f8f86bf9b64be8f93a697a4618d,3dbbae513651f455b6bf6985ffb1e1b1327856d6847cf7e468697a45b2dd7b0b,24acc847998a62076e46f6fefb9ff4dec4071e680115b6cb1de00603ec389492,f6ced00d9451f37c707f8347e41dbec9e43e5ecdcd1a8cbc3421d1b313f25568,success,EVALUABLE
run-2bbe9ba76ae57fc3b108939e23e6d77798f813974b8061337b3fc8dd1a061330,leak.control.many_to_one.n10000.pqstr,measurement,0,correctness,full_reference,standard,a76bb9458b181500c7bfb9efefcfecfbb019b5a9,tadr-core,0.1.0,proprietary,,a37ec8d336d16dbe4b7a7448071808daaf5e3e0ab03afe3bb7de0ce6882bc31d,1.0,MVP_V1,1.0,1.0.12,354d07d7c83bd6265826bfeea5ad5a8ee1676a77d481616cf99ced47cbfd0b93,11af7cb96f615313e3a2a43dee1af87e8f5bfbdda5341d8b71ccacb2c97344b1,830d750ca473de0fb6d61e6139d96dc88d2ac5e0bfddaa50ffcedeb866c3387a,5027f6238ac9bd8dcab0ac544043fb4b2e11c865584d940dbd3c3284974a8d03,0ae52e70f4a38342afd1ce28f14b1196be50ab258d654d51f1a56ee169da4542,success,EVALUABLE
run-2bc18d65689355977e6770c65bf69a2b8145af603ab30e32ceee5c84c3c0a47b,identifier.probe_id.u9801.n10000.pqstr,measurement,0,correctness,full_reference,standard,a76bb9458b181500c7bfb9efefcfecfbb019b5a9,tadr-core,0.1.0,proprietary,,a37ec8d336d16dbe4b7a7448071808daaf5e3e0ab03afe3bb7de0ce6882bc31d,1.0,MVP_V1,1.0,1.0.12,354d07d7c83bd6265826bfeea5ad5a8ee1676a77d481616cf99ced47cbfd0b93,7addc74b7fff141748243c840eb5f8ca4016a978c645bc2bd591228cf7adc13b,b272b1214b9b9a777673d3b12fa41565797c4e0fd72d3cb046ac072575e39011,c4286091788140e19fa463c6f16f81a65345ee5eee2eba98d3a0ec37281bb1ac,0d3d9cb5eca7492f758fd67ca28a978d9beb561cc34f9aff2c960fed9734884a,success,EVALUABLE
run-2c09a4d146f89dccfdedeb598f534dc45c63b14c0733ec573465d0c8ea8bf95b,parse.numeric.f2001.n10000.csv,measurement,1,determinism_small,full_reference,decimal_low,a76bb9458b181500c7bfb9efefcfecfbb019b5a9,tadr-core,0.1.0,proprietary,,a37ec8d336d16dbe4b7a7448071808daaf5e3e0ab03afe3bb7de0ce6882bc31d,1.0,MVP_V1,1.0,1.0.12,354d07d7c83bd6265826bfeea5ad5a8ee1676a77d481616cf99ced47cbfd0b93,3ce13524ae9d62dad846a763c42d9aacfb5a8589ed569d2b7e2c83c33307e762,d4e8fa6771ba7922c34782952a10d34189cc6e369636033f87d5d3e1004f25be,3ab1139de98968d383e401edbb099a71bbfa6f7c77eb63da0f020410dc8fbea9,798b3bb3a7a09e1690458cc12572f66a2526305e028621c09c8f3deaf7f9f5e6,success,EVALUABLE
run-2c4a4a6708239d4c3433ac91ef0eb1982be2efe38b16785020796d4d175773dc,sampling.duplicate_keys.middle.n300000.pqstr,measurement,0,sampling_reference,full_reference,standard,a76bb9458b181500c7bfb9efefcfecfbb019b5a9,tadr-core,0.1.0,proprietary,,a37ec8d336d16dbe4b7a7448071808daaf5e3e0ab03afe3bb7de0ce6882bc31d,1.0,MVP_V1,1.0,1.0.12,354d07d7c83bd6265826bfeea5ad5a8ee1676a77d481616cf99ced47cbfd0b93,56ae94e8065e70802f46faed437af09ff6fcbd94e65d20d33b5350d9a205bbff,55abc4eb017fa682ff57d0b8391f5f68d27e9abd16919e814b9464a0ca3ee88d,7521ec819b2ad38e94ae76827f2c5c3875c5f4fcff69efa21bcf8fa339c7a6ca,34551463866218c64a0739a16b0e3b9d009be9d9e775b24ea98736bebfc0a291,success,EVALUABLE
run-2c7dbcef7137e413a82097fd44741903b32830998792b13d5709f890589c2626,duplicate.rows.e501.n10000.csv,measurement,0,correctness,full_reference,standard,a76bb9458b181500c7bfb9efefcfecfbb019b5a9,tadr-core,0.1.0,proprietary,,a37ec8d336d16dbe4b7a7448071808daaf5e3e0ab03afe3bb7de0ce6882bc31d,1.0,MVP_V1,1.0,1.0.12,354d07d7c83bd6265826bfeea5ad5a8ee1676a77d481616cf99ced47cbfd0b93,25017cd82e199c9ac923cb30f3dba93dc58a08b92cb217c29dba5367de140b31,d32a8ffdc001ab00dbe380ecd53fe31d73a5e4658beaa9ec927e27a89ec831ec,60686dd83f0d57f66cba30ff21dfb791c4be287baf2570878e9ab72c52a625b4,b5336dd3f252e0482b5e159d4d213ee8e914bc024bda0159401937d1f381ac73,success,EVALUABLE
run-2cc8ae94358e867330d9fe8bea0d731cd3ca1a5d0634c63ecb7ad620a8657388,timestamp.time_series.absent.n10000.pqstr,measurement,0,correctness,full_reference,standard,a76bb9458b181500c7bfb9efefcfecfbb019b5a9,tadr-core,0.1.0,proprietary,,a37ec8d336d16dbe4b7a7448071808daaf5e3e0ab03afe3bb7de0ce6882bc31d,1.0,MVP_V1,1.0,1.0.12,354d07d7c83bd6265826bfeea5ad5a8ee1676a77d481616cf99ced47cbfd0b93,8c0f7defecaab5884d6529e337c4f818ce3d75c3150cd943f258dd70e289858f,b59e631d5075f198ecbf6d9846ac7d64e599c50da1bf9ecd4122111b36f12e1b,fe73bcad0903486a8a639f54a7e57dafade4d36a20b9856724d52987108d5f92,09d42171362ef8a2a70ed6c2a284d96e6855557e3a0f5cb560b203aead0d829a,success,EVALUABLE
run-2ccc7224d10145ac44882b8b29abe8008263354f05b4ccc9003642058fda786d,leak.mapping.r10000.n10000.csv,measurement,0,correctness,full_reference,standard,a76bb9458b181500c7bfb9efefcfecfbb019b5a9,tadr-core,0.1.0,proprietary,,a37ec8d336d16dbe4b7a7448071808daaf5e3e0ab03afe3bb7de0ce6882bc31d,1.0,MVP_V1,1.0,1.0.12,354d07d7c83bd6265826bfeea5ad5a8ee1676a77d481616cf99ced47cbfd0b93,2393a566d905c25cdd638d42fa4cc4f8f8d34d66e031f8327be4cd5ec2d93a31,a23b3936fd9682a5eb71110a728452e4a7fa2497b3b22c38cc303c1ce48ddc5c,4dbcac48bd4dec249b98e8f79d55e7afb59692ab659d9979f34296921891618c,5d279beaeaad4e077cc1f2ba285b5ae6ada07c05096127d8696dd5e7ff7665ef,success,EVALUABLE
run-2d97781f2b7151a20e80955980ac1662f3261c8eb66a1cdfc3589b518aca6654,composite.quality_accumulation_k1.n10000.csv,measurement,0,correctness,full_reference,standard,a76bb9458b181500c7bfb9efefcfecfbb019b5a9,tadr-core,0.1.0,proprietary,,a37ec8d336d16dbe4b7a7448071808daaf5e3e0ab03afe3bb7de0ce6882bc31d,1.0,MVP_V1,1.0,1.0.12,354d07d7c83bd6265826bfeea5ad5a8ee1676a77d481616cf99ced47cbfd0b93,3e75347dfbb7fba445a4ac04672b4d6f151c8f0ccac45fe88afb2a421081653a,c9bc519b9949f2dc6765132f953dd797946fb7442259c823a91718eabdfdfa0f,f942e54dced42ef2efdc6124026f3d1c181048acb7fb2d30d039f1474182b4ae,067cf61b102ecf5bd62273589fba905fe596868aee9608bc84ba348b2547bfbc,success,EVALUABLE
run-2dae3438d032abfabc321b88b3853fe415b6ec68ecfd4e1047ebed822c66859a,duplicate.rows.e100.n10000.csv,measurement,0,correctness,full_reference,standard,a76bb9458b181500c7bfb9efefcfecfbb019b5a9,tadr-core,0.1.0,proprietary,,a37ec8d336d16dbe4b7a7448071808daaf5e3e0ab03afe3bb7de0ce6882bc31d,1.0,MVP_V1,1.0,1.0.12,354d07d7c83bd6265826bfeea5ad5a8ee1676a77d481616cf99ced47cbfd0b93,78de1deef2c2e20edde79d65767e8c7da39ea8fdf7f6411079f79e1a00b2b0d5,59e70e5c869c9b8adf6c811997f06f8bc728d5697e3506608ffb24d0256a9d34,5a71136f78445f5611b914b68237c60155215c3db08e9e5877201dcb6d1e623c,0f0310bee292731675e2228230ad35bb8a786b090a4feb503936a75aab15e14f,success,EVALUABLE
run-2dc2cc2349263d9dd38f72bfdf4690a2f044ca6a74c55896ea7169288da12e58,clean.time_series.n10000.csv,measurement,0,correctness,full_reference,standard,a76bb9458b181500c7bfb9efefcfecfbb019b5a9,tadr-core,0.1.0,proprietary,,a37ec8d336d16dbe4b7a7448071808daaf5e3e0ab03afe3bb7de0ce6882bc31d,1.0,MVP_V1,1.0,1.0.12,354d07d7c83bd6265826bfeea5ad5a8ee1676a77d481616cf99ced47cbfd0b93,8ba62c140f62bf81ac5f7b1a9fc3964b85708f7c9add59ef177dd2b95fb3a3fa,4f838d4abee75cd21df2e8dca33c8ba961ae18c8b65acef38303383a66823ca0,211b3ba6007ab1bdf10408ec8d90dca47ad32e1f81dadf3ca5f0729ece64cb8d,0a9462adb4f3a726e0c6c316d28af3c3f3221b362d080fd58c987dd210770d51,success,EVALUABLE
run-2dec31c8851842b686f97dc12073163b36659a071c0efe7a09281dd7ce7524ac,leak.mapping.r9990.n10000.pqstr,measurement,1,determinism_small,full_reference,decimal_high,a76bb9458b181500c7bfb9efefcfecfbb019b5a9,tadr-core,0.1.0,proprietary,,a37ec8d336d16dbe4b7a7448071808daaf5e3e0ab03afe3bb7de0ce6882bc31d,1.0,MVP_V1,1.0,1.0.12,354d07d7c83bd6265826bfeea5ad5a8ee1676a77d481616cf99ced47cbfd0b93,a14a7eca9a67116beaeb2bf5bcce12e22957d2316e54dae8375150a513871888,0f91ced0fb3f4f6fdf7deeb8506c1a6a87cb65857cd138c40d2a843f0a42b586,ad6fe3f43221c4ba377525b8d6571ce833046f7bdc59f35cce37ecb46b06d26b,2c5d0a75623a1baadec7180fd9fb1e5b8ea97a1fcfb96f5a9e4045b79d729d1a,success,EVALUABLE
run-2e54b56f192fd61e17ae4c1f0eb59f9e6ed4d5aaf0c8cfa732548ad8822cf24c,parse.numeric.f99.n10000.csv,measurement,0,correctness,full_reference,standard,a76bb9458b181500c7bfb9efefcfecfbb019b5a9,tadr-core,0.1.0,proprietary,,a37ec8d336d16dbe4b7a7448071808daaf5e3e0ab03afe3bb7de0ce6882bc31d,1.0,MVP_V1,1.0,1.0.12,354d07d7c83bd6265826bfeea5ad5a8ee1676a77d481616cf99ced47cbfd0b93,d3d7712ed6ee76f03cc138976d4a682f1904f709b7619d24a88a685a9322516b,2b1cffa4822e377c6da823f6d941722b7d29609d8bf4fa70c97005b94f925c8d,7a2ee6421fb980a0eaf1ee56a8f1aea5bbd01c89f5edc1983d16d108fb1776fd,53c97aaf9d951f47d5418dad1fa430648d9841744c225dbacecc6ae48741a81f,success,EVALUABLE
run-2e73e2634e1882d320ebcaeb728d5d86a26dee084436ada880856f97ae201a73,timestamp.regression.valid9499.n10000.pqstr,measurement,0,correctness,full_reference,standard,a76bb9458b181500c7bfb9efefcfecfbb019b5a9,tadr-core,0.1.0,proprietary,,a37ec8d336d16dbe4b7a7448071808daaf5e3e0ab03afe3bb7de0ce6882bc31d,1.0,MVP_V1,1.0,1.0.12,354d07d7c83bd6265826bfeea5ad5a8ee1676a77d481616cf99ced47cbfd0b93,e741092a4c1ef5044078a9b318f2cd2420ac6debf1e73f75b9187b077ef0fe67,5c4992cd925e0f8bbbb24a66c581c20bc7dfa51d5e11b5fddf8e48946caccdca,d4a59ecbd515ca3ce3fedaad8396bc40bf01fd72efffcf96fed69a192a77e890,da1afcfac780e03c7fda70b3d2184266ef14aa0aecef0f696fb99d6444724d49,success,EVALUABLE
run-2ec012d89d25daa44aa0614de0518c84441f812a3f319fded2b1cc34b260c7f1,inference.analytics.null.n10000.csv,measurement,0,correctness,full_reference,standard,a76bb9458b181500c7bfb9efefcfecfbb019b5a9,tadr-core,0.1.0,proprietary,,a37ec8d336d16dbe4b7a7448071808daaf5e3e0ab03afe3bb7de0ce6882bc31d,1.0,MVP_V1,1.0,1.0.12,354d07d7c83bd6265826bfeea5ad5a8ee1676a77d481616cf99ced47cbfd0b93,1d3eb1a937cbeb46a68f61540c6ccda56235051d85b00d404eb967532f6217df,c21bce58aa9857b4c0db0f0b8fc49257115ae1964241cf4ee2484b21c29d7efd,092e5d7185303414a25438bb0bc0d5f65766ac28881bfe5e77acb96d29d804ee,17f6f0a126b771610b729f6a93ed83d066eca2c1258d94731dc2f3bbb103c7ff,success,EVALUABLE
run-2f3544ccef4242f50bcd5d5a17308bf75cef3e0ab50ec68345235ae8c640bf32,split.ts_group.n10000.pqstr,measurement,0,correctness,full_reference,standard,a76bb9458b181500c7bfb9efefcfecfbb019b5a9,tadr-core,0.1.0,proprietary,,a37ec8d336d16dbe4b7a7448071808daaf5e3e0ab03afe3bb7de0ce6882bc31d,1.0,MVP_V1,1.0,1.0.12,354d07d7c83bd6265826bfeea5ad5a8ee1676a77d481616cf99ced47cbfd0b93,161aeae5e7e110db71fa356ecfeae8e8849909d41c6f7ef81fee09c230e433cb,63091278f2f63cdb55aceee96d54e67af250292962d0ff6deb4251db969e38f6,5a017ac54b8fc059feec5e178d9144ad531112ae09f8aa86379d43713c19de1a,884ef9f3e3f2fbca755d8586e4f02cedafb7ab53f6ba752be8ca7a91b3c959f1,success,EVALUABLE
run-2f6a493a01c942c3e405fc1e4f2621702cb37c34e991f9a4cfa77932553f129c,leak.control.joint_mode_exceptions.n10000.pqstr,measurement,0,correctness,full_reference,standard,a76bb9458b181500c7bfb9efefcfecfbb019b5a9,tadr-core,0.1.0,proprietary,,a37ec8d336d16dbe4b7a7448071808daaf5e3e0ab03afe3bb7de0ce6882bc31d,1.0,MVP_V1,1.0,1.0.12,354d07d7c83bd6265826bfeea5ad5a8ee1676a77d481616cf99ced47cbfd0b93,e789a9719bcdeb04e6c2492d47b9764fb787be664858ece3f5aa7e94a274b774,4b5a86e2f6fb38261319dcded89863f154129cfe3431f13c68f99a32d02e484c,64dba420650ec4309b3cc14ca8828f3e026fe1432591d1ca554db394867cf04b,2ba8a43c953ecd5215ae1d7d9c4a8d4129d04fbe1f078dd170138622a69308cf,success,EVALUABLE
run-2fa61ef5af38b4ec7e9544efb29af2453516affb015789363b6dbc12887a8014,parse.numeric.f101.n10000.pqstr,measurement,0,correctness,full_reference,standard,a76bb9458b181500c7bfb9efefcfecfbb019b5a9,tadr-core,0.1.0,proprietary,,a37ec8d336d16dbe4b7a7448071808daaf5e3e0ab03afe3bb7de0ce6882bc31d,1.0,MVP_V1,1.0,1.0.12,354d07d7c83bd6265826bfeea5ad5a8ee1676a77d481616cf99ced47cbfd0b93,bc3a70731f0d5484273d5cd5e55dd9a355880188a31d0f251cac09cd305f7f44,2ca3de27ceda468dfc8ebb18f9722ca1b886fbff618cf8cb482333ddeffbdbad,0567ef9b099dfe9a193718fd75fa3d7cbb6a1533104b45143195289c8b580adc,d184c9b6f049aa7a35a54a7e40bec5687ac790fcc31a2984cc08927c9f2ed5d2,success,EVALUABLE
run-3006b603b44e808ab8f8a7727b776fc8952683bca41a7833ae68dd108fa3704e,duplicate.keys.e99.n10000.csv,measurement,0,correctness,full_reference,standard,a76bb9458b181500c7bfb9efefcfecfbb019b5a9,tadr-core,0.1.0,proprietary,,a37ec8d336d16dbe4b7a7448071808daaf5e3e0ab03afe3bb7de0ce6882bc31d,1.0,MVP_V1,1.0,1.0.12,354d07d7c83bd6265826bfeea5ad5a8ee1676a77d481616cf99ced47cbfd0b93,481b6d70bd8c56537f5ce3588bb0c60b7f9c15e9e17d5f4b24413a0f42e993d5,b5bd49c0a09091edcd7fcdc5326b7dce1da0b27e1d22144bd2345f797c5deb70,524af656a56f17c82fa4fe373f0bd84d3f05b2291b06a11614d02d6cf6a44c9f,523a9b74c98b918afbce83074d5f1f85e968ead42ffa419b132dd8c9446bea3b,success,EVALUABLE
run-3044492cb6172e042eb0a54a11b15bace99f7d42e6c1d4047dd85a15d857aa2f,duplicate.keys.e100.n10000.pqstr,measurement,0,determinism_small,full_reference,hash_fortytwo,a76bb9458b181500c7bfb9efefcfecfbb019b5a9,tadr-core,0.1.0,proprietary,,a37ec8d336d16dbe4b7a7448071808daaf5e3e0ab03afe3bb7de0ce6882bc31d,1.0,MVP_V1,1.0,1.0.12,354d07d7c83bd6265826bfeea5ad5a8ee1676a77d481616cf99ced47cbfd0b93,d4771be5474988df57cf885b339f6604b0599e5ce1b21751eb597aadcf7c8b49,a3f9bf2b671cb66ea52c1a6259c86cba85f0283264edff978e40352e6732e2da,1d4438ddaf9b6339e1c52deb4a6313aa48f2e91f654f85a160312f334854a8d7,56f2229a8d01fcb7d81254381995d51f850d00b858e94ec88623316d89bfad29,success,EVALUABLE
run-31598bcbc653761d97b10582bc7e42a4730e53bb88ffd284ba7f825703d07602,group.group.r1999.n10000.pqstr,measurement,0,correctness,full_reference,standard,a76bb9458b181500c7bfb9efefcfecfbb019b5a9,tadr-core,0.1.0,proprietary,,a37ec8d336d16dbe4b7a7448071808daaf5e3e0ab03afe3bb7de0ce6882bc31d,1.0,MVP_V1,1.0,1.0.12,354d07d7c83bd6265826bfeea5ad5a8ee1676a77d481616cf99ced47cbfd0b93,598d85a73c3c004c08bf75a506d256cfadf9db9bfca594bf9d15d3e02316530d,f6afba1665f4c8630efb3904b3c550a51a12ffcb7664cd7751235aa2e0c1772d,ca173b26baf6072fbfdc54efbf3dac06267d4334ff8d02950042b564b336ff2a,45426cde56138643cd4a7b4d3e904e791e4772ca353743f39a656935e9bee02b,success,EVALUABLE
run-322e5af5f65adbd22649b0ae2d327c7796a60673fca20ede9969d716225019fa,clean.classification.n10000.csv,measurement,0,determinism_small,full_reference,hash_fortytwo,a76bb9458b181500c7bfb9efefcfecfbb019b5a9,tadr-core,0.1.0,proprietary,,a37ec8d336d16dbe4b7a7448071808daaf5e3e0ab03afe3bb7de0ce6882bc31d,1.0,MVP_V1,1.0,1.0.12,354d07d7c83bd6265826bfeea5ad5a8ee1676a77d481616cf99ced47cbfd0b93,e4e9d58fe89b7e1e6e157add2956c13dd3dbd59893ee45db1629261bed48a88e,54396f5a0a2e24afc00b12c9f7bfd0fd14c0fa44b46ee52e4811e096e3dce878,56ce133fa0edd9eb44a77aba46b91b3bf8bde4a67d67d9228b1ba8351d06e99b,16c3d31334c44ea9575b6366891977e65a866269efc479ddd24ab6fbf0b18ee6,success,EVALUABLE
run-3334a4cb517e5051d745542d9ff58ae9906be9f17d85c90e8656184c99991133,scale.analytics.n10000.w20.csv,measurement,0,scale_regular,scale_default,standard,a76bb9458b181500c7bfb9efefcfecfbb019b5a9,tadr-core,0.1.0,proprietary,,a37ec8d336d16dbe4b7a7448071808daaf5e3e0ab03afe3bb7de0ce6882bc31d,1.0,MVP_V1,1.0,1.0.12,354d07d7c83bd6265826bfeea5ad5a8ee1676a77d481616cf99ced47cbfd0b93,32ef1770e6e778226a33f03bb350d28f3fa415b58f165af87f6dc16d812bf684,c3405fbdaa9b6adefec6e61f4ab27c6f35cb4ea48ede5986b0805a11a21acf89,e8cd5f712d1f9ee3c3084d9717ec85fc48bd7ab83a4e027b24903cac62457fc7,e8a86697ac481fe44301c314b1ace960374df0e2ef0062b42761d33ac8305481,success,EVALUABLE
run-334423c884e9326768f0669df59dcc8dec907034f7801253099409b3f36e4e48,group.time.r2001.n10000.csv,measurement,0,correctness,full_reference,standard,a76bb9458b181500c7bfb9efefcfecfbb019b5a9,tadr-core,0.1.0,proprietary,,a37ec8d336d16dbe4b7a7448071808daaf5e3e0ab03afe3bb7de0ce6882bc31d,1.0,MVP_V1,1.0,1.0.12,354d07d7c83bd6265826bfeea5ad5a8ee1676a77d481616cf99ced47cbfd0b93,4317b7d522af6b548623816b9e17bdae19a3963a8816296d58d3fb35f0c93929,b36021425ce74872e98ee6822c364aba21b8484209764fd4b61f0891fc99dd52,cecbb0a26592a21dc207ce964491183eb146d1a2d71f42b6a1fb04531984268f,29facfe63e222ca247683a8867b32f4bc26c82530851f87e82ea41d89a74559b,success,EVALUABLE
run-33503c53c2e80895c464516593b24652f9b62963b8f918248f9ee005e7e24b62,group.group.r2000.n10000.pqstr,measurement,0,correctness,full_reference,standard,a76bb9458b181500c7bfb9efefcfecfbb019b5a9,tadr-core,0.1.0,proprietary,,a37ec8d336d16dbe4b7a7448071808daaf5e3e0ab03afe3bb7de0ce6882bc31d,1.0,MVP_V1,1.0,1.0.12,354d07d7c83bd6265826bfeea5ad5a8ee1676a77d481616cf99ced47cbfd0b93,3be873c6e916779e3d569c80640bb3895c019d1d36851850b6c728eaac11fd80,9594c53132cc5da7b983625018f02ce64e675a692247ea4230159680b2043661,7384a28987fd99985a0e802a751009aa78e94ae94dff638c6f52c7ba4d3ca377,584846699ab7e97b670be4966ddeccb446bc67dd4e15fd71dffa193ee232a2ec,success,EVALUABLE
run-33aeb670da3034b422f24a467802e3faf7eff1a38ebc665ec12c81af4b1ec603,leak.mapping.r9990.n10000.csv,measurement,0,correctness,full_reference,standard,a76bb9458b181500c7bfb9efefcfecfbb019b5a9,tadr-core,0.1.0,proprietary,,a37ec8d336d16dbe4b7a7448071808daaf5e3e0ab03afe3bb7de0ce6882bc31d,1.0,MVP_V1,1.0,1.0.12,354d07d7c83bd6265826bfeea5ad5a8ee1676a77d481616cf99ced47cbfd0b93,ce179f4a658e5e460fc59f0f65a483196c07b62e6510adf1747885e1d2884062,0f91ced0fb3f4f6fdf7deeb8506c1a6a87cb65857cd138c40d2a843f0a42b586,f650f0943e157045b3070127e484fd95e71ffd73f46a5dc5d05733a2aa42072d,2c5d0a75623a1baadec7180fd9fb1e5b8ea97a1fcfb96f5a9e4045b79d729d1a,success,EVALUABLE
run-341b377d5d4585feeb6235ed2e129d8e5278714e5ddc583006138996f5851343,inference.analytics.omit_one.n10000.pqstr,measurement,1,determinism_small,full_reference,hash_one,a76bb9458b181500c7bfb9efefcfecfbb019b5a9,tadr-core,0.1.0,proprietary,,a37ec8d336d16dbe4b7a7448071808daaf5e3e0ab03afe3bb7de0ce6882bc31d,1.0,MVP_V1,1.0,1.0.12,354d07d7c83bd6265826bfeea5ad5a8ee1676a77d481616cf99ced47cbfd0b93,a7c3e91cddedc578ff4faba06e8cdf7473946c00d616156efcfa1d03333de65d,c21bce58aa9857b4c0db0f0b8fc49257115ae1964241cf4ee2484b21c29d7efd,5cf27988e1ae3c6b815116bb089b3cdaa5908e0910e613d64ec192d49043e5ad,52993d17719a855b9f2fd7291909eb672f8c4155f0b88346a70b0ce100f9bd94,success,EVALUABLE
run-3458b0516b46980952672462d30cd1e04e4e953c8565ca13888d04c590f23c0d,parse.numeric.f2001.n10000.csv,measurement,0,determinism_small,full_reference,hash_one,a76bb9458b181500c7bfb9efefcfecfbb019b5a9,tadr-core,0.1.0,proprietary,,a37ec8d336d16dbe4b7a7448071808daaf5e3e0ab03afe3bb7de0ce6882bc31d,1.0,MVP_V1,1.0,1.0.12,354d07d7c83bd6265826bfeea5ad5a8ee1676a77d481616cf99ced47cbfd0b93,3ce13524ae9d62dad846a763c42d9aacfb5a8589ed569d2b7e2c83c33307e762,d4e8fa6771ba7922c34782952a10d34189cc6e369636033f87d5d3e1004f25be,3ab1139de98968d383e401edbb099a71bbfa6f7c77eb63da0f020410dc8fbea9,798b3bb3a7a09e1690458cc12572f66a2526305e028621c09c8f3deaf7f9f5e6,success,EVALUABLE
run-3492ca3ba6dd9c647fc6ac5f260e47e50172973f417ae82a6b5830b6768c9265,parse.numeric.f4000.n10000.pqstr,measurement,0,correctness,full_reference,standard,a76bb9458b181500c7bfb9efefcfecfbb019b5a9,tadr-core,0.1.0,proprietary,,a37ec8d336d16dbe4b7a7448071808daaf5e3e0ab03afe3bb7de0ce6882bc31d,1.0,MVP_V1,1.0,1.0.12,354d07d7c83bd6265826bfeea5ad5a8ee1676a77d481616cf99ced47cbfd0b93,b01bbdb78aaed31eb6c024a9a5ed2e66f361137a2c4ff574817d376f1df1ab96,f2cdf9e1c8c634cddd8bced1595b97b01dae0495e3cf22a9c436154524a43787,7b07c5235adc84e4f348951f506ae0c347114659a1554c95626d423eb450e77b,5f72201f8cc4889a1478d2bb06b4415a57ba8e322ea18f6f9f5ba4a83ddc0304,success,EVALUABLE
run-34bd730d22f1125860cf98686f7e6b8ed99d8171bb3e00d2c792cf3a84771a82,sampling.duplicate_keys.tail.n300000.pqstr,measurement,0,sampling_bounded,HEAD_STRIDE_V1,standard,a76bb9458b181500c7bfb9efefcfecfbb019b5a9,tadr-core,0.1.0,proprietary,,a37ec8d336d16dbe4b7a7448071808daaf5e3e0ab03afe3bb7de0ce6882bc31d,1.0,MVP_V1,1.0,1.0.12,354d07d7c83bd6265826bfeea5ad5a8ee1676a77d481616cf99ced47cbfd0b93,92a4e8c80d052b65d89394f02b0538550b16959096c81d21f8b63cfb2d72d929,fd17661c2fb3453a8f8f510d812752228d32d151eb983aaf2244de0d8a1201ea,0ef6f487d8b3edd8d68c79a7ab31f0436a1ecb1e701038250652d782fe80aea6,c4873dda2e1060a28167401967877240e260d7f48ec134801b095f5b0d56b3bf,success,EVALUABLE
run-34c83bf0539e927905d489e8f1e1c4cfe17e17d0bbccf8605b60dce1e347a47c,composite.multicategory.n10000.pqstr,measurement,0,correctness,full_reference,standard,a76bb9458b181500c7bfb9efefcfecfbb019b5a9,tadr-core,0.1.0,proprietary,,a37ec8d336d16dbe4b7a7448071808daaf5e3e0ab03afe3bb7de0ce6882bc31d,1.0,MVP_V1,1.0,1.0.12,354d07d7c83bd6265826bfeea5ad5a8ee1676a77d481616cf99ced47cbfd0b93,9f3ba696b774ab69a43e14187941d6a569b7e85078648a560038f51b8a7c1674,b7e4c39454905ee1240fdbe7ccf7595df75d3468569b87c499a17dfa7f53c26b,0da727bcbe921f32f04346887ba18012e70c7fe38006615a072e8274ecb1a376,a96976a2e2f78d77779bb097f081693ecfb7ad70ef662bf792c4809c595a367e,success,EVALUABLE
run-35da83992232a30c7792733d4e56a7a9726527fa4609ad5aadbee7f45fbea4f7,class.binary.min1000.n10000.pqstr,measurement,0,correctness,full_reference,standard,a76bb9458b181500c7bfb9efefcfecfbb019b5a9,tadr-core,0.1.0,proprietary,,a37ec8d336d16dbe4b7a7448071808daaf5e3e0ab03afe3bb7de0ce6882bc31d,1.0,MVP_V1,1.0,1.0.12,354d07d7c83bd6265826bfeea5ad5a8ee1676a77d481616cf99ced47cbfd0b93,891e91195720525fa9ef178ee64e4314728e4956747d1e4a0f8671190b4c2dc1,673dc743b73daf78ca38b983cdf48a6e91e8e92c6018b8523c1945b5f349f68e,d0dc9fa9a2f8636bb4333c4db049ea827dd34de610459d06284e6c5be1d32bc0,720be45f0b95a75625789b1fc35b1a90982750adbeae53c011c09d1af5d318a2,success,EVALUABLE
run-361b106fe172df158be89e000e57cfd848d540cc88a782f3a17beb7fe030890a,class.binary.min100.n10000.pqstr,measurement,0,correctness,full_reference,standard,a76bb9458b181500c7bfb9efefcfecfbb019b5a9,tadr-core,0.1.0,proprietary,,a37ec8d336d16dbe4b7a7448071808daaf5e3e0ab03afe3bb7de0ce6882bc31d,1.0,MVP_V1,1.0,1.0.12,354d07d7c83bd6265826bfeea5ad5a8ee1676a77d481616cf99ced47cbfd0b93,7322c9e370b98c2044dfe3a3570543365ca2edaaddbfdcd6a5dab608762abf23,04c1db30738bbdf993c0250b2cf5489f50f36f82f13a18c39365371e7b79e8f8,3cf5b36f6569b1f8bf03b9a2829b07b3e7d42328e5d8fd9995c0fb1a6a2d8cb8,96fb7b0270ca64958d44266af66820ca00963259e47427147ee0805cf27816da,success,EVALUABLE
run-3690d489f042843cd6b36345014c11c1fb6930c3894800727687161152c78f27,missing.target.m100.n10000.pqstr,measurement,0,determinism_small,full_reference,decimal_low,a76bb9458b181500c7bfb9efefcfecfbb019b5a9,tadr-core,0.1.0,proprietary,,a37ec8d336d16dbe4b7a7448071808daaf5e3e0ab03afe3bb7de0ce6882bc31d,1.0,MVP_V1,1.0,1.0.12,354d07d7c83bd6265826bfeea5ad5a8ee1676a77d481616cf99ced47cbfd0b93,8637f6905e96c3b06d75c68a1350e6a00570c0b072e3109dfd398f0221d43a26,dcc05a015dde9480b25b2259b6412b34ef38918193008241097bf0dcabebeb14,3cce36688f0fb571fe95924b2c76becaa4aec429d6a2dbacf7a6523f1774c51d,6e3056cac11814e5a889b2f01999946bf9b3d203a23245a7eacc4fdb2fd17997,success,EVALUABLE
run-36a7fe148dba6f400d3bf40701cd00c983208359ee56e03083fe73e284d8ea58,clean.classification.n10000.csv,measurement,0,determinism_small,full_reference,standard,a76bb9458b181500c7bfb9efefcfecfbb019b5a9,tadr-core,0.1.0,proprietary,,a37ec8d336d16dbe4b7a7448071808daaf5e3e0ab03afe3bb7de0ce6882bc31d,1.0,MVP_V1,1.0,1.0.12,354d07d7c83bd6265826bfeea5ad5a8ee1676a77d481616cf99ced47cbfd0b93,e4e9d58fe89b7e1e6e157add2956c13dd3dbd59893ee45db1629261bed48a88e,54396f5a0a2e24afc00b12c9f7bfd0fd14c0fa44b46ee52e4811e096e3dce878,56ce133fa0edd9eb44a77aba46b91b3bf8bde4a67d67d9228b1ba8351d06e99b,16c3d31334c44ea9575b6366891977e65a866269efc479ddd24ab6fbf0b18ee6,success,EVALUABLE
run-379212001e5f1c636050b0bb328997cd16f0a6468456beb2edb19d1c9c47a0d1,timestamp.time_series.valid9500.n10000.csv,measurement,0,correctness,full_reference,standard,a76bb9458b181500c7bfb9efefcfecfbb019b5a9,tadr-core,0.1.0,proprietary,,a37ec8d336d16dbe4b7a7448071808daaf5e3e0ab03afe3bb7de0ce6882bc31d,1.0,MVP_V1,1.0,1.0.12,354d07d7c83bd6265826bfeea5ad5a8ee1676a77d481616cf99ced47cbfd0b93,8fc07867b9ea399142bf5d5dce1cc4a1c8fd1cff3703e7bc19a711de45bb274c,45312665247d36bd5c1ef1abd90db9774a4360b7ad67689b133655bb5ec1bf75,e95529ef05a0277e9d4677f866ba30a57c13003501c50a02100599a02b347720,6d610bf35bbda74a4676ba92467a5870073ed3ebfe8a77095f739353407675f8,success,EVALUABLE
run-38736a4b0a9115ef9b820355ae290ddbef021e96a14fda2ae5fbf4beda06b0df,timestamp.regression.valid8000.n10000.pqstr,measurement,0,correctness,full_reference,standard,a76bb9458b181500c7bfb9efefcfecfbb019b5a9,tadr-core,0.1.0,proprietary,,a37ec8d336d16dbe4b7a7448071808daaf5e3e0ab03afe3bb7de0ce6882bc31d,1.0,MVP_V1,1.0,1.0.12,354d07d7c83bd6265826bfeea5ad5a8ee1676a77d481616cf99ced47cbfd0b93,5009d87947e1bc23d269b089d5d523e21a4e92436d3b90c70f10dd7d9f549c3c,f59f718595c5ee90caa230aeeeedbb2523420fcf6222ebde70620ded387cef65,2cfe3b098196a7e22d371020af9b91dacc00424f286cbeafd105ead43c15e879,4faaa9a51b2ac03ac22231b04a85dd978cd0e5da4e91c6f26bf554a7fcc569eb,success,EVALUABLE
run-387d255e5885934f33dc6efbf301c59f1ea8a84014991a568dbf4f42b2264bba,composite.timestamp_random.n10000.pqstr,measurement,0,correctness,full_reference,standard,a76bb9458b181500c7bfb9efefcfecfbb019b5a9,tadr-core,0.1.0,proprietary,,a37ec8d336d16dbe4b7a7448071808daaf5e3e0ab03afe3bb7de0ce6882bc31d,1.0,MVP_V1,1.0,1.0.12,354d07d7c83bd6265826bfeea5ad5a8ee1676a77d481616cf99ced47cbfd0b93,f220991cdff4659f0707878ed2fde99278173f00bc7b107c777198fb4ad5af95,4ee0dd77819611eecbe0461587e7efa1ed30d8f4c8cb12f54be452974f7a17b6,bd95bd120432d5140670c5a5b3c17cfa9f90275594545981a6209d1bde9a9102,3876c7266629585bc723a22d2351d27ea715aa05a0c8a29a8b21adcf1c89cacc,success,EVALUABLE
run-389075341871e3fbf6f657c4d3917b5d39c83a89f573841acd87d7bcb25efa55,duplicate.keys.e11.n10000.csv,measurement,0,correctness,full_reference,standard,a76bb9458b181500c7bfb9efefcfecfbb019b5a9,tadr-core,0.1.0,proprietary,,a37ec8d336d16dbe4b7a7448071808daaf5e3e0ab03afe3bb7de0ce6882bc31d,1.0,MVP_V1,1.0,1.0.12,354d07d7c83bd6265826bfeea5ad5a8ee1676a77d481616cf99ced47cbfd0b93,63c657ee3ada6e675c5c89f9a6bb8bfecff604a961527c0617c25a7e4b90f468,1de40a19b558e0f2088a2acc083e098375a12f3c5f8d78bf736191af6f66e8b1,fe1fa6acafb4233abf0970e201518d1232a86b8d62a315645ab74b25e5156bed,91774c50d0081e1c376a52cf9a34b4512e3ebb5626fc99619a77a70d9906dbd0,success,EVALUABLE
run-389372333adb3a8aecab0f6901a5204947c14a964bba1b8016b5b5d206e14c66,inference.analytics.complete.n10000.pqstr,measurement,0,correctness,full_reference,standard,a76bb9458b181500c7bfb9efefcfecfbb019b5a9,tadr-core,0.1.0,proprietary,,a37ec8d336d16dbe4b7a7448071808daaf5e3e0ab03afe3bb7de0ce6882bc31d,1.0,MVP_V1,1.0,1.0.12,354d07d7c83bd6265826bfeea5ad5a8ee1676a77d481616cf99ced47cbfd0b93,d7a1beb7d3987fc13d2c14553b1e04e87bd76634f830e3b6a899f90a1ca59116,c21bce58aa9857b4c0db0f0b8fc49257115ae1964241cf4ee2484b21c29d7efd,5cf27988e1ae3c6b815116bb089b3cdaa5908e0910e613d64ec192d49043e5ad,17f6f0a126b771610b729f6a93ed83d066eca2c1258d94731dc2f3bbb103c7ff,success,EVALUABLE
run-38c0af52dfa73a53ad97aa0f2941f4c508a66756384cacf47281ece6e0130188,sampling.duplicate_rows.gaps.n300000.pqstr,measurement,1,determinism_sampled,HEAD_STRIDE_V1,decimal_low,a76bb9458b181500c7bfb9efefcfecfbb019b5a9,tadr-core,0.1.0,proprietary,,a37ec8d336d16dbe4b7a7448071808daaf5e3e0ab03afe3bb7de0ce6882bc31d,1.0,MVP_V1,1.0,1.0.12,354d07d7c83bd6265826bfeea5ad5a8ee1676a77d481616cf99ced47cbfd0b93,3023f1ab50b0238fb78ded29f1e5fe537251eeefe145fe3c5511c463f5fb2529,dca64ab915085ef54aab1c6005cb3ae0bb6e1e653f1cdd4e56567b1dc62b6214,4f4537d8606299c589e3d4d73210dd25314804effe7dddd293de8fd398cb5333,2172640162e2476eed3814dbe606c92dcd731a341f047492d889141823258cca,success,EVALUABLE
run-38c5e9df1f9ad98b4f72b9aec486809989c5355b4f18b8209dea20acfe95e289,class.binary.min1001.n10000.csv,measurement,0,correctness,full_reference,standard,a76bb9458b181500c7bfb9efefcfecfbb019b5a9,tadr-core,0.1.0,proprietary,,a37ec8d336d16dbe4b7a7448071808daaf5e3e0ab03afe3bb7de0ce6882bc31d,1.0,MVP_V1,1.0,1.0.12,354d07d7c83bd6265826bfeea5ad5a8ee1676a77d481616cf99ced47cbfd0b93,f09193979feb5f6945a3b8ef16ed21bd4d731efc4e93da4df0f3d77cb2d7b244,da6b52cda50c32d8b4a11a336dc084d0873b8569fbd3d7d236c1579b34d72a88,62b7210592d9bb5087ba9f4816b9a1cae49d1fb06fe64f294d558c6bbfdc83ef,69a4905aa22c83c0b3d3f07b136ab6e391d8c6749cf52169c95ecae0e8962c34,success,EVALUABLE
run-38cc7e8d6781bdfaad47e78f152b0eb9d0256dbd3e243f5a2038f0d32aa22b32,leak.equality.m9990.n10000.pqstr,measurement,0,correctness,full_reference,standard,a76bb9458b181500c7bfb9efefcfecfbb019b5a9,tadr-core,0.1.0,proprietary,,a37ec8d336d16dbe4b7a7448071808daaf5e3e0ab03afe3bb7de0ce6882bc31d,1.0,MVP_V1,1.0,1.0.12,354d07d7c83bd6265826bfeea5ad5a8ee1676a77d481616cf99ced47cbfd0b93,dc29a9115e7e1792a3278bb20483ab93e687c68c4b62f3c7f1d102c64d036580,6e3937b57e04b959e0ad207af7833f57b6c2cea809b866879a97b2216910d89c,b96ed9a7707b30a603ad8347a5ded89be47704c032e521fe2a52be95f7ca5f19,3ca168cb4bbd977b32b39f99bd464fa471bbdfc3666c423d9ec7c163b3251f28,success,EVALUABLE
run-3a213b4d9df3829f9edbe897343f28a1e6e4abec862237d94ab7de9ae9a21899,scale.analytics.n100000.w100.csv,measurement,1,scale_regular,scale_default,standard,a76bb9458b181500c7bfb9efefcfecfbb019b5a9,tadr-core,0.1.0,proprietary,,a37ec8d336d16dbe4b7a7448071808daaf5e3e0ab03afe3bb7de0ce6882bc31d,1.0,MVP_V1,1.0,1.0.12,354d07d7c83bd6265826bfeea5ad5a8ee1676a77d481616cf99ced47cbfd0b93,c194f64832ff46467f8a42efb408fcdab34ddf1522eae6dc5553fdda57d6d598,43f04dc8fc4671b93b7fd1fb63e43e3c802c8ff4d922100c41c280d92ec2af8d,11b1ba5aa7ca2c4f6f87f2c7d30bc8466543c49652cf9a93c0b347a4067c7e3b,7345c5f5bb0408df14c171cd739d99bbc56acf10418cba2dda58080cf694451d,success,EVALUABLE
run-3a7579bcf2599906933095ddd58d558490489f19ec6b5cb73ad6ddf499767d18,composite.leak_missing.n10000.pqstr,measurement,0,correctness,full_reference,standard,a76bb9458b181500c7bfb9efefcfecfbb019b5a9,tadr-core,0.1.0,proprietary,,a37ec8d336d16dbe4b7a7448071808daaf5e3e0ab03afe3bb7de0ce6882bc31d,1.0,MVP_V1,1.0,1.0.12,354d07d7c83bd6265826bfeea5ad5a8ee1676a77d481616cf99ced47cbfd0b93,7e1197ce8afc4fd60128c2d85a0c9672106d0a95767831af0227d613edd2d9fd,2fc634d8ff85b23ebf3b5ba5041fb5336b1f28394dfaf9da6cc3705056916a43,e2a568ce96f1599ad0ae1b2413e82c73a66f368db0484a7d617c1d099d4a8a5e,150a145bdc877f27b41016d5995cbadbb21bf9562e0698a59eeb62b353271994,success,EVALUABLE
run-3adab96ad269b6dc03fb5dc8480467764d310b6a0989bc9aad9058ed79a3e3b5,split.analytics_random_valid.n10000.pqstr,measurement,0,correctness,full_reference,standard,a76bb9458b181500c7bfb9efefcfecfbb019b5a9,tadr-core,0.1.0,proprietary,,a37ec8d336d16dbe4b7a7448071808daaf5e3e0ab03afe3bb7de0ce6882bc31d,1.0,MVP_V1,1.0,1.0.12,354d07d7c83bd6265826bfeea5ad5a8ee1676a77d481616cf99ced47cbfd0b93,f383ce74d4f94b6112e32d1f8553fee95dfe441260c45051abe6bf03e62697b6,c21bce58aa9857b4c0db0f0b8fc49257115ae1964241cf4ee2484b21c29d7efd,5cf27988e1ae3c6b815116bb089b3cdaa5908e0910e613d64ec192d49043e5ad,17f6f0a126b771610b729f6a93ed83d066eca2c1258d94731dc2f3bbb103c7ff,success,EVALUABLE
run-3af5784b701f5bc26b6a113801a936cbad6b17f5baa6a9e8079fb72c8871a44f,identifier.probe_id.u9801.n10000.csv,measurement,0,correctness,full_reference,standard,a76bb9458b181500c7bfb9efefcfecfbb019b5a9,tadr-core,0.1.0,proprietary,,a37ec8d336d16dbe4b7a7448071808daaf5e3e0ab03afe3bb7de0ce6882bc31d,1.0,MVP_V1,1.0,1.0.12,354d07d7c83bd6265826bfeea5ad5a8ee1676a77d481616cf99ced47cbfd0b93,52ced90f4f85eaa880e6ddb8a685f378cb2a7a52d8d4054d6f355783f0f1efbe,b272b1214b9b9a777673d3b12fa41565797c4e0fd72d3cb046ac072575e39011,49a3bf4f5b39190d09c642bd09cf2c60a2f59bffd316f993933f8a753fa1982c,0d3d9cb5eca7492f758fd67ca28a978d9beb561cc34f9aff2c960fed9734884a,success,EVALUABLE
run-3b1d6358d150adb38ff69e1da11e1340498fc51d4e5e69c5a7e2ee5ede747b89,duplicate.keys.e100.n10000.pqstr,measurement,0,determinism_small,full_reference,hash_one,a76bb9458b181500c7bfb9efefcfecfbb019b5a9,tadr-core,0.1.0,proprietary,,a37ec8d336d16dbe4b7a7448071808daaf5e3e0ab03afe3bb7de0ce6882bc31d,1.0,MVP_V1,1.0,1.0.12,354d07d7c83bd6265826bfeea5ad5a8ee1676a77d481616cf99ced47cbfd0b93,d4771be5474988df57cf885b339f6604b0599e5ce1b21751eb597aadcf7c8b49,a3f9bf2b671cb66ea52c1a6259c86cba85f0283264edff978e40352e6732e2da,1d4438ddaf9b6339e1c52deb4a6313aa48f2e91f654f85a160312f334854a8d7,56f2229a8d01fcb7d81254381995d51f850d00b858e94ec88623316d89bfad29,success,EVALUABLE
run-3b32c81bba64eb22844e2b25978845d53f122c353e2f9ff03acca29447b8b430,missing.target.m100.n10000.pqstr,measurement,0,determinism_small,full_reference,decimal_high,a76bb9458b181500c7bfb9efefcfecfbb019b5a9,tadr-core,0.1.0,proprietary,,a37ec8d336d16dbe4b7a7448071808daaf5e3e0ab03afe3bb7de0ce6882bc31d,1.0,MVP_V1,1.0,1.0.12,354d07d7c83bd6265826bfeea5ad5a8ee1676a77d481616cf99ced47cbfd0b93,8637f6905e96c3b06d75c68a1350e6a00570c0b072e3109dfd398f0221d43a26,dcc05a015dde9480b25b2259b6412b34ef38918193008241097bf0dcabebeb14,3cce36688f0fb571fe95924b2c76becaa4aec429d6a2dbacf7a6523f1774c51d,6e3056cac11814e5a889b2f01999946bf9b3d203a23245a7eacc4fdb2fd17997,success,EVALUABLE
run-3bdaf2af6a7e74c725fed1e2a47cb32ed18d5d7ff6a4f34f063662ef28b8f090,class.binary.min1001.n10000.pqstr,measurement,0,correctness,full_reference,standard,a76bb9458b181500c7bfb9efefcfecfbb019b5a9,tadr-core,0.1.0,proprietary,,a37ec8d336d16dbe4b7a7448071808daaf5e3e0ab03afe3bb7de0ce6882bc31d,1.0,MVP_V1,1.0,1.0.12,354d07d7c83bd6265826bfeea5ad5a8ee1676a77d481616cf99ced47cbfd0b93,7a820380fd36cbab0b8af9220a84fe0e10b0f3fe783b83ff15051439664e33e2,da6b52cda50c32d8b4a11a336dc084d0873b8569fbd3d7d236c1579b34d72a88,dac8e4e06008c76c935298966bb32dc557717def8a18caddb694ee5e44ded704,69a4905aa22c83c0b3d3f07b136ab6e391d8c6749cf52169c95ecae0e8962c34,success,EVALUABLE
run-3be6b3bfba6cb729ffd3db315ad8717243ee7c2a980725c82fca9dd8f1ae9d30,timestamp.regression.absent.n10000.csv,measurement,0,correctness,full_reference,standard,a76bb9458b181500c7bfb9efefcfecfbb019b5a9,tadr-core,0.1.0,proprietary,,a37ec8d336d16dbe4b7a7448071808daaf5e3e0ab03afe3bb7de0ce6882bc31d,1.0,MVP_V1,1.0,1.0.12,354d07d7c83bd6265826bfeea5ad5a8ee1676a77d481616cf99ced47cbfd0b93,4074641608b50021ddc12747949f1c7c03d4a2694d0a9eda3900afbfe241cc53,b59e631d5075f198ecbf6d9846ac7d64e599c50da1bf9ecd4122111b36f12e1b,47f3d1a7727698dc2d52483934ca829aed3aeaebfce3f4bbe0ee0113f6ac40b2,2ae2d4c76746d518216a015fb1217cd92ff924e360efbfb6c26f257b9d59a059,success,EVALUABLE
run-3beaec0a7b97c347e9485a9681b55ba8bff5989afc66df415745f30372e793fa,parse.numeric.f500.n10000.csv,measurement,0,correctness,full_reference,standard,a76bb9458b181500c7bfb9efefcfecfbb019b5a9,tadr-core,0.1.0,proprietary,,a37ec8d336d16dbe4b7a7448071808daaf5e3e0ab03afe3bb7de0ce6882bc31d,1.0,MVP_V1,1.0,1.0.12,354d07d7c83bd6265826bfeea5ad5a8ee1676a77d481616cf99ced47cbfd0b93,78bc2eca276ab68c8b005dd3f9838fa9487497f3b8c2e7cf653cf6ee8a7d69f0,87ec7d0d984e45e541556857cca5f1bfa60439ca2fff4ffbc6ef2794475ad59f,c4dd0df5d152a1aad44f0d2cf3883f0b0604ea01cbe5fd6b03ed46092ace666e,ddb4f03b73cdce5720e791f45d562d82ee57fc4ec83bf1a03559420b7b6905dc,success,EVALUABLE
run-3c2fed793cb0ccd5a1d1dd88d67d6026fae1d399abe661d4b5e0f7d50725082e,scale.regression.n100000.w20.pqnative,measurement,0,scale_regular,scale_default,standard,a76bb9458b181500c7bfb9efefcfecfbb019b5a9,tadr-core,0.1.0,proprietary,,a37ec8d336d16dbe4b7a7448071808daaf5e3e0ab03afe3bb7de0ce6882bc31d,1.0,MVP_V1,1.0,1.0.12,354d07d7c83bd6265826bfeea5ad5a8ee1676a77d481616cf99ced47cbfd0b93,8e6e7c0ef2fd7b24cf9a4615190168d53a79bc8779e96b6a89e0b4c8df8aa664,f58e2622e5fe925a2171c7c17ed266c303a06228eaab1a8cc2082fcaaf712443,6084c3a6ea4eda957f2cb2ffb65710427e1736bf4158ca57dbc11705999b730b,76ad09804496c62043e377caec6bd45b8eaedc26f27933df7620fcacc0871d0e,success,EVALUABLE
run-3d65894c15f4c51eac08ea2046f38a1e206ccac773f56dbc7eecd6e07cc0f563,leak.equality.m9989.n10000.pqstr,measurement,0,correctness,full_reference,standard,a76bb9458b181500c7bfb9efefcfecfbb019b5a9,tadr-core,0.1.0,proprietary,,a37ec8d336d16dbe4b7a7448071808daaf5e3e0ab03afe3bb7de0ce6882bc31d,1.0,MVP_V1,1.0,1.0.12,354d07d7c83bd6265826bfeea5ad5a8ee1676a77d481616cf99ced47cbfd0b93,b3352d49c1a2241c31d482e0415b27ce5f1a4b34d43c56fa03450fedae8a9920,71554577e985d9859351a940abd0ac19e802f2324e111c68eb3657d80200a663,ec7e65a5ff6ef7a1f434dc39cc0caa3219cd089f39ce486c6448f9ba66c46aa3,c9bd0449e0c7ba11ed9779309b7f97e84edb743bde6270647ac9d057f764c188,success,EVALUABLE
run-3e5297524c2108e6530c64e91e1735d734840dca3a4890149d570d1a58b54f1b,composite.quality_accumulation_k1.n10000.pqstr,measurement,0,correctness,full_reference,standard,a76bb9458b181500c7bfb9efefcfecfbb019b5a9,tadr-core,0.1.0,proprietary,,a37ec8d336d16dbe4b7a7448071808daaf5e3e0ab03afe3bb7de0ce6882bc31d,1.0,MVP_V1,1.0,1.0.12,354d07d7c83bd6265826bfeea5ad5a8ee1676a77d481616cf99ced47cbfd0b93,286c91b2e286cc4f744c65bb9b06fac1b8b9aeb252be0151bb67c85a5b2cde6b,c9bc519b9949f2dc6765132f953dd797946fb7442259c823a91718eabdfdfa0f,d3db684a7824f7eb5153d1a430a47d70a82a5737df91f8c1d7b76521a90b36df,7727d335df49002f03081a0562e3614c70fe80490b91b82177fad6c8f5305e06,success,EVALUABLE
run-3e9328b8efc647938cc4e0d31399e136669a1b35dcb927d35415e7072c48d214,group.group.r501.n10000.csv,measurement,0,correctness,full_reference,standard,a76bb9458b181500c7bfb9efefcfecfbb019b5a9,tadr-core,0.1.0,proprietary,,a37ec8d336d16dbe4b7a7448071808daaf5e3e0ab03afe3bb7de0ce6882bc31d,1.0,MVP_V1,1.0,1.0.12,354d07d7c83bd6265826bfeea5ad5a8ee1676a77d481616cf99ced47cbfd0b93,75fa3510bb6fa48e4e09e47001da82cbae954ef7e778ecf70d96102853d98493,a77d671ef9fa072426ebd2a0b489bde5f2d8b7c1e4bc115e43bc270bd736af5a,49d3d9bfd6a4bbfac915793dc384415d6605a3e65e47d1f45f24cb02a3b3f995,600c2ecd0193a7bca03e3c231cf8900504d7ab1374c7f1eedf7edc606e1ab3c6,success,EVALUABLE
run-3ebcd7e5aa0d932f40581b433dfd24c015f931e350000c54dece104a0cfd04ec,parse.numeric.f0.n10000.pqstr,measurement,0,correctness,full_reference,standard,a76bb9458b181500c7bfb9efefcfecfbb019b5a9,tadr-core,0.1.0,proprietary,,a37ec8d336d16dbe4b7a7448071808daaf5e3e0ab03afe3bb7de0ce6882bc31d,1.0,MVP_V1,1.0,1.0.12,354d07d7c83bd6265826bfeea5ad5a8ee1676a77d481616cf99ced47cbfd0b93,0798fb33857c127a1499733d4b37fe8d44c202fd5a04603d8a3d0872ce2be00a,c21bce58aa9857b4c0db0f0b8fc49257115ae1964241cf4ee2484b21c29d7efd,5cf27988e1ae3c6b815116bb089b3cdaa5908e0910e613d64ec192d49043e5ad,17f6f0a126b771610b729f6a93ed83d066eca2c1258d94731dc2f3bbb103c7ff,success,EVALUABLE
run-401cc0637aa2ee340f52300d454287fdff6f8b6ebb9d817d2dd9b2689ff074bf,split.ts_group.n10000.csv,measurement,0,correctness,full_reference,standard,a76bb9458b181500c7bfb9efefcfecfbb019b5a9,tadr-core,0.1.0,proprietary,,a37ec8d336d16dbe4b7a7448071808daaf5e3e0ab03afe3bb7de0ce6882bc31d,1.0,MVP_V1,1.0,1.0.12,354d07d7c83bd6265826bfeea5ad5a8ee1676a77d481616cf99ced47cbfd0b93,2b32a71d74fde7a0b91d9d18af57fec15f429721b5501edfc57dc93b2d05347a,63091278f2f63cdb55aceee96d54e67af250292962d0ff6deb4251db969e38f6,cb454257911f6ae64cfc65a96c2151a4739a6b5d1eba49c0be9291fa041b0604,884ef9f3e3f2fbca755d8586e4f02cedafb7ab53f6ba752be8ca7a91b3c959f1,success,EVALUABLE
run-409e971b8f79db30d839a91fbd9860e832c4fae6aa28540dec98188e14883e0a,scale.analytics.n100000.w100.pqnative,measurement,1,scale_regular,scale_default,standard,a76bb9458b181500c7bfb9efefcfecfbb019b5a9,tadr-core,0.1.0,proprietary,,a37ec8d336d16dbe4b7a7448071808daaf5e3e0ab03afe3bb7de0ce6882bc31d,1.0,MVP_V1,1.0,1.0.12,354d07d7c83bd6265826bfeea5ad5a8ee1676a77d481616cf99ced47cbfd0b93,c425a35090df82075b20a582f6a2d3e7a5aaa34576d48bf1ebb2ca198bd1c830,ceb558b73829037b2b7a7ac256c2dc73d687948c9c8c8185a6921ff8a4b58e3f,215f6eb497dd7b203240f93a2f4da2d69e358e95654591b3afb8c4ee25f8c215,0ef6a822e72fa1d543c6b3cfcbccaa61e189c02d0d2a29444897671b691f2e99,success,EVALUABLE
run-416f00ed3faef3d2baf150788867e574e00aac44b785da4c5df6f662740acc34,parse.numeric.f2001.n10000.csv,measurement,1,determinism_small,full_reference,standard,a76bb9458b181500c7bfb9efefcfecfbb019b5a9,tadr-core,0.1.0,proprietary,,a37ec8d336d16dbe4b7a7448071808daaf5e3e0ab03afe3bb7de0ce6882bc31d,1.0,MVP_V1,1.0,1.0.12,354d07d7c83bd6265826bfeea5ad5a8ee1676a77d481616cf99ced47cbfd0b93,3ce13524ae9d62dad846a763c42d9aacfb5a8589ed569d2b7e2c83c33307e762,d4e8fa6771ba7922c34782952a10d34189cc6e369636033f87d5d3e1004f25be,3ab1139de98968d383e401edbb099a71bbfa6f7c77eb63da0f020410dc8fbea9,798b3bb3a7a09e1690458cc12572f66a2526305e028621c09c8f3deaf7f9f5e6,success,EVALUABLE
run-41b9f0c7570505c9f0d7aa07a5e088e6f6947a1758238b892434ab9d8fb94b15,group.random.r2000.n10000.csv,measurement,1,determinism_small,full_reference,hash_fortytwo,a76bb9458b181500c7bfb9efefcfecfbb019b5a9,tadr-core,0.1.0,proprietary,,a37ec8d336d16dbe4b7a7448071808daaf5e3e0ab03afe3bb7de0ce6882bc31d,1.0,MVP_V1,1.0,1.0.12,354d07d7c83bd6265826bfeea5ad5a8ee1676a77d481616cf99ced47cbfd0b93,a7f2fa480a475a37fb77b449eadfbae99f0032003e6d3a9842f7a9094f231350,9594c53132cc5da7b983625018f02ce64e675a692247ea4230159680b2043661,1040d9b90d3d9437d2a8098d9f531add44dbfe183cadbbd17238e7cb126449f8,e2fbfbeaeabda936db187cf8d6b6f5ed419464b327427b2894a0dd2309238694,success,EVALUABLE
run-42eaa143b17e4ec2c01ba513bc7f1f4b1fff18d23c0596f599e71891a9463807,missing.feature.m2999.n10000.csv,measurement,0,correctness,full_reference,standard,a76bb9458b181500c7bfb9efefcfecfbb019b5a9,tadr-core,0.1.0,proprietary,,a37ec8d336d16dbe4b7a7448071808daaf5e3e0ab03afe3bb7de0ce6882bc31d,1.0,MVP_V1,1.0,1.0.12,354d07d7c83bd6265826bfeea5ad5a8ee1676a77d481616cf99ced47cbfd0b93,7a461fe4cd7903b6f42933e654d9b8c6d822b563e49b5481dafa23dd23007ee4,a9e50246d64d34464ef419c6ed003259f6c04fcff860fa877afb4cf1f692ca04,533d11fadc607aa184dedfa42102fbef67b3891f0bd436c4258031988d18d9b0,be35c2bb2a5ca43fd43f148f10f2091a5537bf47193a529d661b860e7fe31a76,success,EVALUABLE
run-436da6bbc3b47ae503e03a7d0f7a945e0c7f9ce2c3baa29c387013f63dd3651c,scale.analytics.n1000000.w20.csv,warmup,0,scale_regular,scale_default,standard,a76bb9458b181500c7bfb9efefcfecfbb019b5a9,tadr-core,0.1.0,proprietary,,a37ec8d336d16dbe4b7a7448071808daaf5e3e0ab03afe3bb7de0ce6882bc31d,1.0,MVP_V1,1.0,1.0.12,354d07d7c83bd6265826bfeea5ad5a8ee1676a77d481616cf99ced47cbfd0b93,bbec47646003d2d0788e088c026945db59024b54c2691ec4b92db81caa093724,7002e42b8a7e270e1e445ec52cecb7c1a8ba0a528084cb7d69eb31747d8d4a54,18e9bfe05fa13ff6fb2e19170ffa2f91a2cc6286b263b52de12c08a7cea8753e,9486b71d5951408f5ce4e4b20e90abdf6d91804efb9135a12fc6652d7ad64811,success,EVALUABLE
run-443cae02a6aba540c8a8e3aaaa42bd2ff7924014068b5c8f950a80011f59dcaa,inference.analytics.omit_one.n10000.pqstr,measurement,0,determinism_small,full_reference,hash_fortytwo,a76bb9458b181500c7bfb9efefcfecfbb019b5a9,tadr-core,0.1.0,proprietary,,a37ec8d336d16dbe4b7a7448071808daaf5e3e0ab03afe3bb7de0ce6882bc31d,1.0,MVP_V1,1.0,1.0.12,354d07d7c83bd6265826bfeea5ad5a8ee1676a77d481616cf99ced47cbfd0b93,a7c3e91cddedc578ff4faba06e8cdf7473946c00d616156efcfa1d03333de65d,c21bce58aa9857b4c0db0f0b8fc49257115ae1964241cf4ee2484b21c29d7efd,5cf27988e1ae3c6b815116bb089b3cdaa5908e0910e613d64ec192d49043e5ad,52993d17719a855b9f2fd7291909eb672f8c4155f0b88346a70b0ce100f9bd94,success,EVALUABLE
run-4466be0b54e1d3be56e606f865e2475ffe5d68f8022058c0e6aac603e7f496fe,sampling.leakage.middle.n300000.pqstr,measurement,0,sampling_reference,full_reference,standard,a76bb9458b181500c7bfb9efefcfecfbb019b5a9,tadr-core,0.1.0,proprietary,,a37ec8d336d16dbe4b7a7448071808daaf5e3e0ab03afe3bb7de0ce6882bc31d,1.0,MVP_V1,1.0,1.0.12,354d07d7c83bd6265826bfeea5ad5a8ee1676a77d481616cf99ced47cbfd0b93,146d735b2ff8894f04dd4187d11ebe5668e1c4b157b7a7952f817e41fb0b607f,bbd917e9a90090ca0cee2fe1b0a9f4194ff5ee233fd7b945d71ace10a3e35c97,f7c1cfe419f395c3fa0809e7153e0a4a385a8ff571021145111a4b8d8fb30104,a868a2ca510e76d175e55d1eff7c1729d66d563d65b4ce66b84551306ad109d4,success,EVALUABLE
run-4488ba921c7b7130ab49f4d5884cfe9dc1522c507679e8f60ebe51f8cafb943e,class.binary.min1.n10000.pqstr,measurement,0,correctness,full_reference,standard,a76bb9458b181500c7bfb9efefcfecfbb019b5a9,tadr-core,0.1.0,proprietary,,a37ec8d336d16dbe4b7a7448071808daaf5e3e0ab03afe3bb7de0ce6882bc31d,1.0,MVP_V1,1.0,1.0.12,354d07d7c83bd6265826bfeea5ad5a8ee1676a77d481616cf99ced47cbfd0b93,ee6793f6f626e8ab000a29bc57f5248a6097a11595dbd6d6e9caa1c97627b0c2,7d79a831d96f3031870241d9c71d7ae45ba6466a46b59a9d8d0a783ea18e8def,a260bd1840cf6f165f76bc8afc148d3b375969b2fe4671f826ffb36d2ee3e1be,64033ed6d8f1878219aef8d5e7b72478373fb248b4f784300130c5256fd0d05f,success,EVALUABLE
run-451143d4870ebf0d2f55e41021578a7783493b8584a4df672d70a3abd2cbd9f1,group.time.r500.n10000.pqstr,measurement,0,correctness,full_reference,standard,a76bb9458b181500c7bfb9efefcfecfbb019b5a9,tadr-core,0.1.0,proprietary,,a37ec8d336d16dbe4b7a7448071808daaf5e3e0ab03afe3bb7de0ce6882bc31d,1.0,MVP_V1,1.0,1.0.12,354d07d7c83bd6265826bfeea5ad5a8ee1676a77d481616cf99ced47cbfd0b93,745c3aca7685b00fae4073d0fa8538fb9d4ad19032f65d596876d5f6723ac7df,9898ed8c601f1db31b01873937bae14b7eae36e79b63c2025320102fbaeb0cf7,7fd1e7d9cec9b87119257e52965e181d76efc7357b43c987ccd5b8b9c3909309,a012a8be0d2d5a0d7520fd372b43dd216f792452f99b4a55a0fa2ced2190bae1,success,EVALUABLE
run-45148d7fa3cdc9bfc567d1ad4d56ef5fc57b92b7ab4dba1e38d11f8ab63432f3,missing.feature.m999.n10000.csv,measurement,0,correctness,full_reference,standard,a76bb9458b181500c7bfb9efefcfecfbb019b5a9,tadr-core,0.1.0,proprietary,,a37ec8d336d16dbe4b7a7448071808daaf5e3e0ab03afe3bb7de0ce6882bc31d,1.0,MVP_V1,1.0,1.0.12,354d07d7c83bd6265826bfeea5ad5a8ee1676a77d481616cf99ced47cbfd0b93,db31f0561ee97da87ef67cb9e5eaa882b1161f57d963aaffbda704936c8889d3,4cc16f2ffb4dda81a1d0c5c8c00baa3100d40cfcc63fa54b029f915d374be4a0,f84abb9b0ead87f87ca6c2eef9621428ff89a71632f63438191865e2dafe205c,9a74dca578a7125fc04ce364f82127407ae22a6417631fb3e31f1bb484ef4771,success,EVALUABLE
run-4620106f065f98bbc8207191828ce32da7ba7155fcc27b46b6419aa24395400e,group.random.r2000.n10000.csv,measurement,1,determinism_small,full_reference,timezone_berlin,a76bb9458b181500c7bfb9efefcfecfbb019b5a9,tadr-core,0.1.0,proprietary,,a37ec8d336d16dbe4b7a7448071808daaf5e3e0ab03afe3bb7de0ce6882bc31d,1.0,MVP_V1,1.0,1.0.12,354d07d7c83bd6265826bfeea5ad5a8ee1676a77d481616cf99ced47cbfd0b93,a7f2fa480a475a37fb77b449eadfbae99f0032003e6d3a9842f7a9094f231350,9594c53132cc5da7b983625018f02ce64e675a692247ea4230159680b2043661,1040d9b90d3d9437d2a8098d9f531add44dbfe183cadbbd17238e7cb126449f8,e2fbfbeaeabda936db187cf8d6b6f5ed419464b327427b2894a0dd2309238694,success,EVALUABLE
run-474a7f0bf7a439a249fd2f71f79bfad66345e7e985ddef31a5491c2ebceac79f,duplicate.rows.e0.n10000.pqstr,measurement,0,correctness,full_reference,standard,a76bb9458b181500c7bfb9efefcfecfbb019b5a9,tadr-core,0.1.0,proprietary,,a37ec8d336d16dbe4b7a7448071808daaf5e3e0ab03afe3bb7de0ce6882bc31d,1.0,MVP_V1,1.0,1.0.12,354d07d7c83bd6265826bfeea5ad5a8ee1676a77d481616cf99ced47cbfd0b93,6ccc74b800b8f506e5e60b1cddeb83888a415c6a2530da4e9c6573bc6b66fc78,c21bce58aa9857b4c0db0f0b8fc49257115ae1964241cf4ee2484b21c29d7efd,5cf27988e1ae3c6b815116bb089b3cdaa5908e0910e613d64ec192d49043e5ad,17f6f0a126b771610b729f6a93ed83d066eca2c1258d94731dc2f3bbb103c7ff,success,EVALUABLE
run-479af9700a9c02663b43400561117fcbb4aaa039651487a366f1c564c578799f,leak.control.support200.pqstr,measurement,0,correctness,full_reference,standard,a76bb9458b181500c7bfb9efefcfecfbb019b5a9,tadr-core,0.1.0,proprietary,,a37ec8d336d16dbe4b7a7448071808daaf5e3e0ab03afe3bb7de0ce6882bc31d,1.0,MVP_V1,1.0,1.0.12,354d07d7c83bd6265826bfeea5ad5a8ee1676a77d481616cf99ced47cbfd0b93,58dd52091af090f49c74428f9b2078ec33299dd9efb4f730d9823c125a82b1d3,04b4d35c29616c558d1a3798923ada03498105a1fd3b39133ee4a18f763a7cbd,56773cc0871070db77358fc6b4423cd3fc00864ec4bc3d83df3b29e947e0f06f,f800f92cc41b99dd6a6cde74f9c0f4e26491ce9074af28eec9cf0f22fa85cb69,success,EVALUABLE
run-48686f9f8168cffd070ddf263b11daf8e07bd8d78b0808eb3a99ff83110d97cd,composite.timestamp_random.n10000.csv,measurement,1,determinism_small,full_reference,timezone_berlin,a76bb9458b181500c7bfb9efefcfecfbb019b5a9,tadr-core,0.1.0,proprietary,,a37ec8d336d16dbe4b7a7448071808daaf5e3e0ab03afe3bb7de0ce6882bc31d,1.0,MVP_V1,1.0,1.0.12,354d07d7c83bd6265826bfeea5ad5a8ee1676a77d481616cf99ced47cbfd0b93,311d2b82f7a04ee6339a115a06983cdb8cea9c65e1ce94b27ddbd32834c45383,4ee0dd77819611eecbe0461587e7efa1ed30d8f4c8cb12f54be452974f7a17b6,310dd96abee2c9259a38a20c167219cb723f46d22fa9ceb7c218425a0b0f3994,3876c7266629585bc723a22d2351d27ea715aa05a0c8a29a8b21adcf1c89cacc,success,EVALUABLE
run-49b4d8753dde4624adb3fb3ab9adf3c5270da3d0d0638fb654e524270636340c,leak.mapping.r9989.n10000.csv,measurement,0,correctness,full_reference,standard,a76bb9458b181500c7bfb9efefcfecfbb019b5a9,tadr-core,0.1.0,proprietary,,a37ec8d336d16dbe4b7a7448071808daaf5e3e0ab03afe3bb7de0ce6882bc31d,1.0,MVP_V1,1.0,1.0.12,354d07d7c83bd6265826bfeea5ad5a8ee1676a77d481616cf99ced47cbfd0b93,c78fcf8053060b8bb585465acd5c58cdac660cc2cdf6b3b85a64150d0df34be4,b4d4b8d81f22e033230d17fcb4ab5896c869d31031272ebc1fffa4f0677a41f5,ea9cd6ae973254b7dae1ef07f1217ffdf0f886b048ca8670453472e1ec9eac95,6ffe48db64832e375e3163439d4f4e302c996e5ba5574753e3b414881b3a1f54,success,EVALUABLE
run-49e388af92512118d06f8278d4bd81cde4be4d9804880db48c97a00ca5ab943c,leak.mapping.r9990.n10000.pqstr,measurement,1,determinism_small,full_reference,standard,a76bb9458b181500c7bfb9efefcfecfbb019b5a9,tadr-core,0.1.0,proprietary,,a37ec8d336d16dbe4b7a7448071808daaf5e3e0ab03afe3bb7de0ce6882bc31d,1.0,MVP_V1,1.0,1.0.12,354d07d7c83bd6265826bfeea5ad5a8ee1676a77d481616cf99ced47cbfd0b93,a14a7eca9a67116beaeb2bf5bcce12e22957d2316e54dae8375150a513871888,0f91ced0fb3f4f6fdf7deeb8506c1a6a87cb65857cd138c40d2a843f0a42b586,ad6fe3f43221c4ba377525b8d6571ce833046f7bdc59f35cce37ecb46b06d26b,2c5d0a75623a1baadec7180fd9fb1e5b8ea97a1fcfb96f5a9e4045b79d729d1a,success,EVALUABLE
run-4a5acd45eb2122ab12b3a0b25ab813543148e686f28fd1b9361d048da69cef77,missing.feature.m2000.n10000.pqstr,measurement,0,correctness,full_reference,standard,a76bb9458b181500c7bfb9efefcfecfbb019b5a9,tadr-core,0.1.0,proprietary,,a37ec8d336d16dbe4b7a7448071808daaf5e3e0ab03afe3bb7de0ce6882bc31d,1.0,MVP_V1,1.0,1.0.12,354d07d7c83bd6265826bfeea5ad5a8ee1676a77d481616cf99ced47cbfd0b93,0474d857b7149aa09357e01eb5c085000c965dd00e6e0ce90edcf38019291c00,3014a86d89099b24d778c850f7a9a59b102eb0a23308da418e235a4bf87c5417,27e62b0b5789a039407f1431de7ab1ff030fb70db6ee98736efc03831e8a073e,ac8d141c4673789cc3fa8ee386456c0a1c41a7527d55b74233aa4079e0a8f225,success,EVALUABLE
run-4b23ea62002a6a2f31d22ac4b4e856878741cd4fa739fdf493c8ae656023adc2,inference.time_series.omit_one.n10000.csv,measurement,0,correctness,full_reference,standard,a76bb9458b181500c7bfb9efefcfecfbb019b5a9,tadr-core,0.1.0,proprietary,,a37ec8d336d16dbe4b7a7448071808daaf5e3e0ab03afe3bb7de0ce6882bc31d,1.0,MVP_V1,1.0,1.0.12,354d07d7c83bd6265826bfeea5ad5a8ee1676a77d481616cf99ced47cbfd0b93,eec82d5329bd5a8e0ea0621348a9d523aa9cb5b0f6c905269eaeb270d49dd6b5,4f838d4abee75cd21df2e8dca33c8ba961ae18c8b65acef38303383a66823ca0,211b3ba6007ab1bdf10408ec8d90dca47ad32e1f81dadf3ca5f0729ece64cb8d,3be317d11047b3355276d4b04a451fa3e4b8e6beeff5c9658628621b3bdca6c7,success,EVALUABLE
run-4b6ef9ee766bd5ac5fe2adbc6d9c3e5a4a54fc09d3bb7320f38bcb08c2b53ebf,composite.timestamp_random.n10000.csv,measurement,1,determinism_small,full_reference,decimal_low,a76bb9458b181500c7bfb9efefcfecfbb019b5a9,tadr-core,0.1.0,proprietary,,a37ec8d336d16dbe4b7a7448071808daaf5e3e0ab03afe3bb7de0ce6882bc31d,1.0,MVP_V1,1.0,1.0.12,354d07d7c83bd6265826bfeea5ad5a8ee1676a77d481616cf99ced47cbfd0b93,311d2b82f7a04ee6339a115a06983cdb8cea9c65e1ce94b27ddbd32834c45383,4ee0dd77819611eecbe0461587e7efa1ed30d8f4c8cb12f54be452974f7a17b6,310dd96abee2c9259a38a20c167219cb723f46d22fa9ceb7c218425a0b0f3994,3876c7266629585bc723a22d2351d27ea715aa05a0c8a29a8b21adcf1c89cacc,success,EVALUABLE
run-4c7e966dc634cc17671f512cd5281ee5f0153f72675c4243de4ab82b05443f49,group.group.r2001.n10000.csv,measurement,0,correctness,full_reference,standard,a76bb9458b181500c7bfb9efefcfecfbb019b5a9,tadr-core,0.1.0,proprietary,,a37ec8d336d16dbe4b7a7448071808daaf5e3e0ab03afe3bb7de0ce6882bc31d,1.0,MVP_V1,1.0,1.0.12,354d07d7c83bd6265826bfeea5ad5a8ee1676a77d481616cf99ced47cbfd0b93,5807d8337e0be32e184845709495ac706f85b274d9b69651fef416486f25f70d,b36021425ce74872e98ee6822c364aba21b8484209764fd4b61f0891fc99dd52,cecbb0a26592a21dc207ce964491183eb146d1a2d71f42b6a1fb04531984268f,229cde6564302e02928dbd759fadde8d493602c162cb6e99ac31d70a6b9efb30,success,EVALUABLE
run-4ca111d09e9103714510250344322e3a4b940fe8df7483e6f26f06c98305264e,sampling.cardinality.tail.n300000.pqstr,measurement,0,sampling_bounded,HEAD_STRIDE_V1,standard,a76bb9458b181500c7bfb9efefcfecfbb019b5a9,tadr-core,0.1.0,proprietary,,a37ec8d336d16dbe4b7a7448071808daaf5e3e0ab03afe3bb7de0ce6882bc31d,1.0,MVP_V1,1.0,1.0.12,354d07d7c83bd6265826bfeea5ad5a8ee1676a77d481616cf99ced47cbfd0b93,c004f7134338ba8c0a2e24341dfa9002badf26b6b51e22737e8425c812278370,47b9a8954b4301ccfa3078b241304fcd8f859f2a2613bd845f0f9ff882c98f4d,d23ec42403494cf5cf29047384e3aea414542155eb9579f893f49dbf1fdafdbf,05d80693cfbce0a054dc82aa07fe08fe75f594552064ddaf9446c3876ee05707,success,EVALUABLE
run-4d6b6691c597cfb9e18ed1963b5885febf3d20aef9a56569beccf640c656131c,clean.classification.n10000.csv,measurement,1,determinism_small,full_reference,hash_fortytwo,a76bb9458b181500c7bfb9efefcfecfbb019b5a9,tadr-core,0.1.0,proprietary,,a37ec8d336d16dbe4b7a7448071808daaf5e3e0ab03afe3bb7de0ce6882bc31d,1.0,MVP_V1,1.0,1.0.12,354d07d7c83bd6265826bfeea5ad5a8ee1676a77d481616cf99ced47cbfd0b93,e4e9d58fe89b7e1e6e157add2956c13dd3dbd59893ee45db1629261bed48a88e,54396f5a0a2e24afc00b12c9f7bfd0fd14c0fa44b46ee52e4811e096e3dce878,56ce133fa0edd9eb44a77aba46b91b3bf8bde4a67d67d9228b1ba8351d06e99b,16c3d31334c44ea9575b6366891977e65a866269efc479ddd24ab6fbf0b18ee6,success,EVALUABLE
run-4e5407ba6c2d9fc8c6937dd68d969ed04ce26fdf8b8737154519e6b854757cd9,leak.mapping.r9990.n10000.pqstr,measurement,1,determinism_small,full_reference,decimal_low,a76bb9458b181500c7bfb9efefcfecfbb019b5a9,tadr-core,0.1.0,proprietary,,a37ec8d336d16dbe4b7a7448071808daaf5e3e0ab03afe3bb7de0ce6882bc31d,1.0,MVP_V1,1.0,1.0.12,354d07d7c83bd6265826bfeea5ad5a8ee1676a77d481616cf99ced47cbfd0b93,a14a7eca9a67116beaeb2bf5bcce12e22957d2316e54dae8375150a513871888,0f91ced0fb3f4f6fdf7deeb8506c1a6a87cb65857cd138c40d2a843f0a42b586,ad6fe3f43221c4ba377525b8d6571ce833046f7bdc59f35cce37ecb46b06d26b,2c5d0a75623a1baadec7180fd9fb1e5b8ea97a1fcfb96f5a9e4045b79d729d1a,success,EVALUABLE
run-4ed55735df7fff47c080b0723d00b08b677216f84a8324b9360cb94ee0bb89f7,sampling.leakage.middle.n300000.pqstr,measurement,0,sampling_bounded,HEAD_STRIDE_V1,standard,a76bb9458b181500c7bfb9efefcfecfbb019b5a9,tadr-core,0.1.0,proprietary,,a37ec8d336d16dbe4b7a7448071808daaf5e3e0ab03afe3bb7de0ce6882bc31d,1.0,MVP_V1,1.0,1.0.12,354d07d7c83bd6265826bfeea5ad5a8ee1676a77d481616cf99ced47cbfd0b93,146d735b2ff8894f04dd4187d11ebe5668e1c4b157b7a7952f817e41fb0b607f,bbd917e9a90090ca0cee2fe1b0a9f4194ff5ee233fd7b945d71ace10a3e35c97,f7c1cfe419f395c3fa0809e7153e0a4a385a8ff571021145111a4b8d8fb30104,98f67ccf190fed665bc1bb5292e0d79ab119c8d43b6fa6fdab7873c97f5e5435,success,EVALUABLE
run-500d93ff9dac3cc36e26c7d84eb0d7c6a4b63e6e4e68cd37d4c2da0137b1b620,split.reg_time_valid.n10000.csv,measurement,0,correctness,full_reference,standard,a76bb9458b181500c7bfb9efefcfecfbb019b5a9,tadr-core,0.1.0,proprietary,,a37ec8d336d16dbe4b7a7448071808daaf5e3e0ab03afe3bb7de0ce6882bc31d,1.0,MVP_V1,1.0,1.0.12,354d07d7c83bd6265826bfeea5ad5a8ee1676a77d481616cf99ced47cbfd0b93,9f2f48f7fb72f461e706777303c1a1d620cabda9453b18bd7094877abf01077c,4f838d4abee75cd21df2e8dca33c8ba961ae18c8b65acef38303383a66823ca0,211b3ba6007ab1bdf10408ec8d90dca47ad32e1f81dadf3ca5f0729ece64cb8d,0a9462adb4f3a726e0c6c316d28af3c3f3221b362d080fd58c987dd210770d51,success,EVALUABLE
run-5062f2f0278a056990714ea05847213ce9b6487eb55aaf9cfec1150aaa846cf0,sampling.missingness.tail.n300000.pqstr,measurement,0,sampling_bounded,HEAD_STRIDE_V1,standard,a76bb9458b181500c7bfb9efefcfecfbb019b5a9,tadr-core,0.1.0,proprietary,,a37ec8d336d16dbe4b7a7448071808daaf5e3e0ab03afe3bb7de0ce6882bc31d,1.0,MVP_V1,1.0,1.0.12,354d07d7c83bd6265826bfeea5ad5a8ee1676a77d481616cf99ced47cbfd0b93,b31757a498978b6e1cc530a3dfb25e1b742d7638dc476154f921df55acd35cec,070ead6eaae53d996e8d8740da8d355f43b33f5b57633b0cc3647ec3b27eb8b9,56bd48a8da47056bc9812f99a884990201e968211645aa3b7a0411e1662d98fd,c1b04b47708c4c1ee686680da9b51893649599c0ba5735e07b6ec2586189df89,success,EVALUABLE
run-50b54f8393bf45af9924e20962e6f4355d5240b9597f4703dcfc1838f2ccebf7,missing.feature.m1001.n10000.pqstr,measurement,0,correctness,full_reference,standard,a76bb9458b181500c7bfb9efefcfecfbb019b5a9,tadr-core,0.1.0,proprietary,,a37ec8d336d16dbe4b7a7448071808daaf5e3e0ab03afe3bb7de0ce6882bc31d,1.0,MVP_V1,1.0,1.0.12,354d07d7c83bd6265826bfeea5ad5a8ee1676a77d481616cf99ced47cbfd0b93,fd1022d48eef2f8982aaf93ba0c21b6f63e1fe3a2f0926a73dc7a2533bf7a47e,f0a17a0bc9f1d1390355b7d09b7e3c97db80bfe2500e7844a4f2bb1721285893,118a0220914fd4f49d52aba32c90979cfb118758a77747a7e64092fc9d28a45f,8508bd66bf9b693f0706eade37f58794d8f3ac74bab770d6b08157118b88ef52,success,EVALUABLE
run-5183d6c7f6c2ccc2c0cd3d12dfaf074db90ae26334a49104808df01217d720cd,sampling.class_boundary.head.n300000.pqstr,measurement,0,sampling_bounded,HEAD_STRIDE_V1,standard,a76bb9458b181500c7bfb9efefcfecfbb019b5a9,tadr-core,0.1.0,proprietary,,a37ec8d336d16dbe4b7a7448071808daaf5e3e0ab03afe3bb7de0ce6882bc31d,1.0,MVP_V1,1.0,1.0.12,354d07d7c83bd6265826bfeea5ad5a8ee1676a77d481616cf99ced47cbfd0b93,1a00f85d9cb3a326b147fe8a4f4c31016af79ec8f488d0bc6e61589a0e2cbc3a,a2c240295c3480c4d492d5e7693e073d98448c4cf413c812841985440b0cb7c8,568afd47fc71b66affe6b6f12ff7fbf46d831c20470401217f30e389eed0de10,2cb1a1ccaa76e39867ad83d378917f8922b0fc336e4adf822586c22d0eb92071,success,EVALUABLE
run-51a45e9044663a96a59f39a74993d164682a94d2f54da6f4a4876a8aca45c341,timestamp.time_series.valid9500.n10000.pqstr,measurement,0,correctness,full_reference,standard,a76bb9458b181500c7bfb9efefcfecfbb019b5a9,tadr-core,0.1.0,proprietary,,a37ec8d336d16dbe4b7a7448071808daaf5e3e0ab03afe3bb7de0ce6882bc31d,1.0,MVP_V1,1.0,1.0.12,354d07d7c83bd6265826bfeea5ad5a8ee1676a77d481616cf99ced47cbfd0b93,1afcb0f95cebf80a6f2664895f2f0f8ea8ad725d7cd32379870ae6be9c499e31,45312665247d36bd5c1ef1abd90db9774a4360b7ad67689b133655bb5ec1bf75,bec364ebc06a6db4adc3293177df0ff5a3dd9fc88c8caf8f4aa416d1ac13fcc7,13d2e28bf62535406783e5d3ce313a10042461bed821673711966c85e877e7ed,success,EVALUABLE
run-51ba96ab74f34b1b44a7e9b926bb1e307cedf56f6738605fd4f9c516be771fb7,leak.control.constant_target.n10000.pqstr,measurement,0,correctness,full_reference,standard,a76bb9458b181500c7bfb9efefcfecfbb019b5a9,tadr-core,0.1.0,proprietary,,a37ec8d336d16dbe4b7a7448071808daaf5e3e0ab03afe3bb7de0ce6882bc31d,1.0,MVP_V1,1.0,1.0.12,354d07d7c83bd6265826bfeea5ad5a8ee1676a77d481616cf99ced47cbfd0b93,0d33a807e7c27996e79320b4186703ed9508d982166a5dd1cae7c51fbc84adc9,e0d73214a25bc2b6a667ffc232afe423ff454c7e2c4f768d1db0a6b290985c79,9c3818c39a123c648ee30673564d13cdee50c0a8dbcb5bbce75da849f4fdec0c,6571ca334dfd54b62d46ea5e920ad2db5c6489755a654fdb374622cdc889ee9d,success,EVALUABLE
run-51d12f0ff6f5561c8e2e525db46bb1306b590587d2e06ce1561fd08b6087e24f,split.ts_random.n10000.pqstr,measurement,0,correctness,full_reference,standard,a76bb9458b181500c7bfb9efefcfecfbb019b5a9,tadr-core,0.1.0,proprietary,,a37ec8d336d16dbe4b7a7448071808daaf5e3e0ab03afe3bb7de0ce6882bc31d,1.0,MVP_V1,1.0,1.0.12,354d07d7c83bd6265826bfeea5ad5a8ee1676a77d481616cf99ced47cbfd0b93,80d18f120afccad10bbdd977d92050d16afa8e7276d5d7701cb0881b476b680f,4f838d4abee75cd21df2e8dca33c8ba961ae18c8b65acef38303383a66823ca0,2003b2258425e91889e0dbe0f3d1b8e8fbd5339102ae656beb08dae10b7e672f,85ff1cf6d5eedeae3c92c1701cf2723fad98d1664aed4502787a90c110aa0485,success,EVALUABLE
run-533989dba3feb21b4cd030032cff5fc27f05517bd0dbef84da43cbab1d4a45f0,sampling.class_rare.tail.n300000.pqstr,measurement,0,sampling_bounded,HEAD_STRIDE_V1,standard,a76bb9458b181500c7bfb9efefcfecfbb019b5a9,tadr-core,0.1.0,proprietary,,a37ec8d336d16dbe4b7a7448071808daaf5e3e0ab03afe3bb7de0ce6882bc31d,1.0,MVP_V1,1.0,1.0.12,354d07d7c83bd6265826bfeea5ad5a8ee1676a77d481616cf99ced47cbfd0b93,e9c34c179eec774e7cf82fd53028712dd48a44484a1c8fef81d7e2fe205b0c6d,1715935a5ff9c51b0b5793fb8f17b774d4fefcca234bd29a89d3399a86927d2c,aa425b95443059b75147ed201f3438bf07308a9962535fd0b4af06961c541b2f,5673c02c0064e05da05bbbae8fcb8f10e2022b4455775912eb3ed1d2a08d085e,success,EVALUABLE
run-536c6d3fdb1c54dafd3f1ad3e98beb97f316870a51b3cb3473d26c18bbc7bdba,timestamp.time_series.valid0.n10000.csv,measurement,0,correctness,full_reference,standard,a76bb9458b181500c7bfb9efefcfecfbb019b5a9,tadr-core,0.1.0,proprietary,,a37ec8d336d16dbe4b7a7448071808daaf5e3e0ab03afe3bb7de0ce6882bc31d,1.0,MVP_V1,1.0,1.0.12,354d07d7c83bd6265826bfeea5ad5a8ee1676a77d481616cf99ced47cbfd0b93,0d58f81ff3a98cf613cd55e2c2a3666d8edbf9bd4922cffe6603f3ed0f994021,3336d01864420bf63eb877a82c16999c69cfbe4131ebb68f82cb20b3ced64453,d16ff9f9651f2c15b83c2020f71d6db25cb6d1f9f93719705dc7dab17222cf38,8bf196a19667a1b723872ffaf0c4f4535fcca21ce228695bba47e8a912e778ce,success,EVALUABLE
run-53fed9115db743fa6aa62b6d2488922b93875a83769f7a51c020551c02fd261a,negative.analytics_entity.n10000.csv,measurement,0,correctness,full_reference,standard,a76bb9458b181500c7bfb9efefcfecfbb019b5a9,tadr-core,0.1.0,proprietary,,a37ec8d336d16dbe4b7a7448071808daaf5e3e0ab03afe3bb7de0ce6882bc31d,1.0,MVP_V1,1.0,1.0.12,354d07d7c83bd6265826bfeea5ad5a8ee1676a77d481616cf99ced47cbfd0b93,d4b53c58ecf5dc5bd15d8f15b830570761ece632ac59ef72c4a1c90e293e0f2a,345c18963a923a62d75b0bcd40a44f00918ab15da8c5b1440324702baebca753,921fe4d37335ed35da7a412e348a2ceb7e2df694a62d570a290df560f0a8245e,33e09b4bb9f858e21e36ebe6640f656a704a3c9260c4edd3287a611599cd4fe2,success,EVALUABLE
run-543ae978b80647dbab2f61482b9037bd74d0de16f5b5a50e20b87114402d53dc,leak.control.allowlisted_copy.n10000.csv,measurement,0,correctness,full_reference,standard,a76bb9458b181500c7bfb9efefcfecfbb019b5a9,tadr-core,0.1.0,proprietary,,a37ec8d336d16dbe4b7a7448071808daaf5e3e0ab03afe3bb7de0ce6882bc31d,1.0,MVP_V1,1.0,1.0.12,354d07d7c83bd6265826bfeea5ad5a8ee1676a77d481616cf99ced47cbfd0b93,b479566eec5b4857637306c5dd7b4a3b4954f2b56880ff753035a9b7b2ba3e20,7beae5f5e03ba7b546d723234810a9cc59feb8e3c481e2e5d40a8b35de190874,5e228f9badee45d07a9923defcc579ea0e4ecc48fa8e51879ab59c2de475ba2a,4e7471035faf3fd5cab91a2001503dd7a747c3f1a72ccdba1eb53f16119a08d2,success,EVALUABLE
run-545563b47000aa76a12a1df14fb1e80adccc05e771051cc85cef2c5c0efc711a,duplicate.keys.e10.n10000.csv,measurement,0,correctness,full_reference,standard,a76bb9458b181500c7bfb9efefcfecfbb019b5a9,tadr-core,0.1.0,proprietary,,a37ec8d336d16dbe4b7a7448071808daaf5e3e0ab03afe3bb7de0ce6882bc31d,1.0,MVP_V1,1.0,1.0.12,354d07d7c83bd6265826bfeea5ad5a8ee1676a77d481616cf99ced47cbfd0b93,ea4b645487ba37449be2d70d616da9df120034ad290fdee72b3291ac310fb5c9,6a02c82aaff932d903687c2339efa6a83ed6c3bbede56eee6929c94815098bd6,9e331db981c9ba91dc74a951e9b98f9217d5b4b24c4aeba799d0cb468a5c9f25,9a743860eb53834a0520c11cf6503a3308d20b0136a8fe67f06c5021c828a60a,success,EVALUABLE
run-56e52205fd6cbdf8275fbf6336e097f4d6449215339cd6fec281d8cecfeadc9f,missing.target.m100.n10000.pqstr,measurement,1,determinism_small,full_reference,standard,a76bb9458b181500c7bfb9efefcfecfbb019b5a9,tadr-core,0.1.0,proprietary,,a37ec8d336d16dbe4b7a7448071808daaf5e3e0ab03afe3bb7de0ce6882bc31d,1.0,MVP_V1,1.0,1.0.12,354d07d7c83bd6265826bfeea5ad5a8ee1676a77d481616cf99ced47cbfd0b93,8637f6905e96c3b06d75c68a1350e6a00570c0b072e3109dfd398f0221d43a26,dcc05a015dde9480b25b2259b6412b34ef38918193008241097bf0dcabebeb14,3cce36688f0fb571fe95924b2c76becaa4aec429d6a2dbacf7a6523f1774c51d,6e3056cac11814e5a889b2f01999946bf9b3d203a23245a7eacc4fdb2fd17997,success,EVALUABLE
run-574dff27a4491249282bd8a46830967235cd1681dccf4bb598ccc8ecf12ff3e4,split.reg_time_valid.n10000.pqstr,measurement,0,correctness,full_reference,standard,a76bb9458b181500c7bfb9efefcfecfbb019b5a9,tadr-core,0.1.0,proprietary,,a37ec8d336d16dbe4b7a7448071808daaf5e3e0ab03afe3bb7de0ce6882bc31d,1.0,MVP_V1,1.0,1.0.12,354d07d7c83bd6265826bfeea5ad5a8ee1676a77d481616cf99ced47cbfd0b93,6c83fca6bd53c4a188d8c804bd0c33f2b7f3b86170bd7b9b20d39089b8e7b800,4f838d4abee75cd21df2e8dca33c8ba961ae18c8b65acef38303383a66823ca0,2003b2258425e91889e0dbe0f3d1b8e8fbd5339102ae656beb08dae10b7e672f,0a9462adb4f3a726e0c6c316d28af3c3f3221b362d080fd58c987dd210770d51,success,EVALUABLE
run-575660b9b0606d7321a23372285cb3c3f5ba4e7fc49c2aebb3b0f79ddb859459,clean.classification.n10000.csv,measurement,1,determinism_small,full_reference,hash_one,a76bb9458b181500c7bfb9efefcfecfbb019b5a9,tadr-core,0.1.0,proprietary,,a37ec8d336d16dbe4b7a7448071808daaf5e3e0ab03afe3bb7de0ce6882bc31d,1.0,MVP_V1,1.0,1.0.12,354d07d7c83bd6265826bfeea5ad5a8ee1676a77d481616cf99ced47cbfd0b93,e4e9d58fe89b7e1e6e157add2956c13dd3dbd59893ee45db1629261bed48a88e,54396f5a0a2e24afc00b12c9f7bfd0fd14c0fa44b46ee52e4811e096e3dce878,56ce133fa0edd9eb44a77aba46b91b3bf8bde4a67d67d9228b1ba8351d06e99b,16c3d31334c44ea9575b6366891977e65a866269efc479ddd24ab6fbf0b18ee6,success,EVALUABLE
run-57953f81a4e73633cccef1efe081f04cc960482469892f36d65bb9ff4599726f,clean.time_series.n10000.pqstr,measurement,1,determinism_small,full_reference,standard,a76bb9458b181500c7bfb9efefcfecfbb019b5a9,tadr-core,0.1.0,proprietary,,a37ec8d336d16dbe4b7a7448071808daaf5e3e0ab03afe3bb7de0ce6882bc31d,1.0,MVP_V1,1.0,1.0.12,354d07d7c83bd6265826bfeea5ad5a8ee1676a77d481616cf99ced47cbfd0b93,8322062e63685b8112167dcb49a36fe157f77e6501ba63e3b7278e359c264d9b,4f838d4abee75cd21df2e8dca33c8ba961ae18c8b65acef38303383a66823ca0,2003b2258425e91889e0dbe0f3d1b8e8fbd5339102ae656beb08dae10b7e672f,0a9462adb4f3a726e0c6c316d28af3c3f3221b362d080fd58c987dd210770d51,success,EVALUABLE
run-57ee8f991cc96f710640c79c976ca6f3dfac9ff763175467554e222c15b01e93,sampling.cardinality.gaps.n300000.pqstr,measurement,0,sampling_reference,full_reference,standard,a76bb9458b181500c7bfb9efefcfecfbb019b5a9,tadr-core,0.1.0,proprietary,,a37ec8d336d16dbe4b7a7448071808daaf5e3e0ab03afe3bb7de0ce6882bc31d,1.0,MVP_V1,1.0,1.0.12,354d07d7c83bd6265826bfeea5ad5a8ee1676a77d481616cf99ced47cbfd0b93,4bf2e338e3009c3bb4f0762353739566db8e7dc357c160b58c91f89f857cb3f6,ff84062d308e2695d1bbcb4b2bcda560866c3f37a38df802a3491e1481d47268,7a5ecf3b9a21376ff0cab87f2d25fdf3a09c1a6e76f749cbe7a317cca51a4be1,efcbdfacdedc6a29eb4c802173bfe10b83648c7be2e2d07ba3face0eefaa3753,success,EVALUABLE
run-591ca1456ba2dc8020eb1f4e67c16ac26f48ae811e8583057de3404020f16c00,leak.control.bool_numeric_mapping.n10000.csv,measurement,0,correctness,full_reference,standard,a76bb9458b181500c7bfb9efefcfecfbb019b5a9,tadr-core,0.1.0,proprietary,,a37ec8d336d16dbe4b7a7448071808daaf5e3e0ab03afe3bb7de0ce6882bc31d,1.0,MVP_V1,1.0,1.0.12,354d07d7c83bd6265826bfeea5ad5a8ee1676a77d481616cf99ced47cbfd0b93,3ddbc8303178ee5807406dafea378fffc3e8837dd9a27a238c49ac3800efea91,5a2941c8c41aa5c0268afa7397e1ee07bc7bf23a756e45621b156c942b0cbbfe,8fdb2c2917727463cf71a7d8103b0c055d8bd2811a391db687a746ea7a8a1687,a47a22c79af9570257f448dfc6626eaa8aea67b95c38be6feadd7720ba2079db,success,EVALUABLE
run-5963ad6971d35f5163b512d87c4cc5f40c6615eda142d468f61fb1c73b514235,identifier.support.n100.pqstr,measurement,0,correctness,full_reference,standard,a76bb9458b181500c7bfb9efefcfecfbb019b5a9,tadr-core,0.1.0,proprietary,,a37ec8d336d16dbe4b7a7448071808daaf5e3e0ab03afe3bb7de0ce6882bc31d,1.0,MVP_V1,1.0,1.0.12,354d07d7c83bd6265826bfeea5ad5a8ee1676a77d481616cf99ced47cbfd0b93,d361676ea0eb68830f6260b66899635a36dd1a00d740700719c2e3f1ee1f21aa,aa9d4c086deef02550112a116f1928ecd436588f57ab9d0aee6ff1aa8c99cc01,7b573a79d905ab73d94e97b2c6a15c089b63f09ba70d34406d1277bb350a107f,3802975a0a74176095a763a2cfbb6c4f9f56647c80b923113dce1e2fd7558193,success,EVALUABLE
run-59a3d4b8538b8641dd4607bf31b328d0d5a329ae65ba2673085fbcec63996af9,scale.analytics.n100000.w20.pqnative,measurement,0,scale_regular,scale_default,standard,a76bb9458b181500c7bfb9efefcfecfbb019b5a9,tadr-core,0.1.0,proprietary,,a37ec8d336d16dbe4b7a7448071808daaf5e3e0ab03afe3bb7de0ce6882bc31d,1.0,MVP_V1,1.0,1.0.12,354d07d7c83bd6265826bfeea5ad5a8ee1676a77d481616cf99ced47cbfd0b93,56bbb890c3ea097d4f1ac1ea2744cec99a8293719d33013546216a6128cdd239,1a2aa9664c71333b1ae7550c3d8748b5a4818ff1e7605c3565bba01c40d24f32,5194f990dbfc69ba580ea86b4ddba2b0fc0acafa38eb4b5cb3d88ba494ef91aa,3a9bc22fe5af1a608665db33a4fc1c0b24866481887739bb56f4cbe4e4c77ce4,success,EVALUABLE
run-59a9de2f5110e1dc5b8a10577109156dd76d03f3a499609c6f8fd63efcc3519b,sampling.parse.tail.n300000.pqstr,measurement,0,sampling_bounded,HEAD_STRIDE_V1,standard,a76bb9458b181500c7bfb9efefcfecfbb019b5a9,tadr-core,0.1.0,proprietary,,a37ec8d336d16dbe4b7a7448071808daaf5e3e0ab03afe3bb7de0ce6882bc31d,1.0,MVP_V1,1.0,1.0.12,354d07d7c83bd6265826bfeea5ad5a8ee1676a77d481616cf99ced47cbfd0b93,88467ca7c04a60783012e8a0a879b5816fdeb2ab4832a6597444d304801dc145,5cec22239b57d2f96611f249bbc8db2a68294c6553ae123e872bb19058b00025,91b66100303149392a9b00d0d3487714fa40331d53fbf078b7503f973c05ca5c,a4a51a2ffcbd30d440323e3a3dd6834c537b8c76f40b2408a3360ac79d0d07a5,success,EVALUABLE
run-59e6967791f6d81dd035303467225af56801679d38f2de706685ef507ded1886,clean.time_series.n10000.pqstr,measurement,0,determinism_small,full_reference,decimal_low,a76bb9458b181500c7bfb9efefcfecfbb019b5a9,tadr-core,0.1.0,proprietary,,a37ec8d336d16dbe4b7a7448071808daaf5e3e0ab03afe3bb7de0ce6882bc31d,1.0,MVP_V1,1.0,1.0.12,354d07d7c83bd6265826bfeea5ad5a8ee1676a77d481616cf99ced47cbfd0b93,8322062e63685b8112167dcb49a36fe157f77e6501ba63e3b7278e359c264d9b,4f838d4abee75cd21df2e8dca33c8ba961ae18c8b65acef38303383a66823ca0,2003b2258425e91889e0dbe0f3d1b8e8fbd5339102ae656beb08dae10b7e672f,0a9462adb4f3a726e0c6c316d28af3c3f3221b362d080fd58c987dd210770d51,success,EVALUABLE
run-5a3749c8da2a59a2297d256017e004bb7b8f7c5f568d855a8c087cfc15556ed0,parse.numeric.f499.n10000.pqstr,measurement,0,correctness,full_reference,standard,a76bb9458b181500c7bfb9efefcfecfbb019b5a9,tadr-core,0.1.0,proprietary,,a37ec8d336d16dbe4b7a7448071808daaf5e3e0ab03afe3bb7de0ce6882bc31d,1.0,MVP_V1,1.0,1.0.12,354d07d7c83bd6265826bfeea5ad5a8ee1676a77d481616cf99ced47cbfd0b93,f3870e13a2d989840501c7605458c932e6442dd09e3117649c71c92c76e8baf3,535c23f4a716348f9dd0022f36adcc7b57fb49ac3fad521dc9cf683fcfd7126b,d5e5c446bf12349b4f1247b673d71138f42f9faa84b748349941974b380ca578,844789a962af0115dcebe7ad3122215aaae036e3a1a028fca5c372a752a80093,success,EVALUABLE
run-5b0ac5cfeccd52ccefab9ada729eca3d3cbe0abca5ea01fa364b8f99885b0dc5,sampling.class_rare.tail.n300000.pqstr,measurement,0,sampling_reference,full_reference,standard,a76bb9458b181500c7bfb9efefcfecfbb019b5a9,tadr-core,0.1.0,proprietary,,a37ec8d336d16dbe4b7a7448071808daaf5e3e0ab03afe3bb7de0ce6882bc31d,1.0,MVP_V1,1.0,1.0.12,354d07d7c83bd6265826bfeea5ad5a8ee1676a77d481616cf99ced47cbfd0b93,e9c34c179eec774e7cf82fd53028712dd48a44484a1c8fef81d7e2fe205b0c6d,1715935a5ff9c51b0b5793fb8f17b774d4fefcca234bd29a89d3399a86927d2c,aa425b95443059b75147ed201f3438bf07308a9962535fd0b4af06961c541b2f,b9546d759c9a06fc68d3293885885cab768803deeebfd0ff5b4cf207d2ab65c2,success,EVALUABLE
run-5b40189e9d4e9bffaab3065849c5e69226e9b2f7e413f651d5f977628662592c,parse.numeric.f2001.n10000.csv,measurement,1,determinism_small,full_reference,hash_fortytwo,a76bb9458b181500c7bfb9efefcfecfbb019b5a9,tadr-core,0.1.0,proprietary,,a37ec8d336d16dbe4b7a7448071808daaf5e3e0ab03afe3bb7de0ce6882bc31d,1.0,MVP_V1,1.0,1.0.12,354d07d7c83bd6265826bfeea5ad5a8ee1676a77d481616cf99ced47cbfd0b93,3ce13524ae9d62dad846a763c42d9aacfb5a8589ed569d2b7e2c83c33307e762,d4e8fa6771ba7922c34782952a10d34189cc6e369636033f87d5d3e1004f25be,3ab1139de98968d383e401edbb099a71bbfa6f7c77eb63da0f020410dc8fbea9,798b3bb3a7a09e1690458cc12572f66a2526305e028621c09c8f3deaf7f9f5e6,success,EVALUABLE
run-5c83332ee8a47e2c6f598eaf6a6d458fe1fa20787bd57b7bf568351f8fa3109e,duplicate.keys.e100.n10000.pqstr,measurement,1,determinism_small,full_reference,decimal_high,a76bb9458b181500c7bfb9efefcfecfbb019b5a9,tadr-core,0.1.0,proprietary,,a37ec8d336d16dbe4b7a7448071808daaf5e3e0ab03afe3bb7de0ce6882bc31d,1.0,MVP_V1,1.0,1.0.12,354d07d7c83bd6265826bfeea5ad5a8ee1676a77d481616cf99ced47cbfd0b93,d4771be5474988df57cf885b339f6604b0599e5ce1b21751eb597aadcf7c8b49,a3f9bf2b671cb66ea52c1a6259c86cba85f0283264edff978e40352e6732e2da,1d4438ddaf9b6339e1c52deb4a6313aa48f2e91f654f85a160312f334854a8d7,56f2229a8d01fcb7d81254381995d51f850d00b858e94ec88623316d89bfad29,success,EVALUABLE
run-5c8f074ad4383f6015f9ff4b4d37fde610b3490a808f175f3f62bc13fdd554cd,inference.analytics.omit_one.n10000.pqstr,measurement,1,determinism_small,full_reference,decimal_low,a76bb9458b181500c7bfb9efefcfecfbb019b5a9,tadr-core,0.1.0,proprietary,,a37ec8d336d16dbe4b7a7448071808daaf5e3e0ab03afe3bb7de0ce6882bc31d,1.0,MVP_V1,1.0,1.0.12,354d07d7c83bd6265826bfeea5ad5a8ee1676a77d481616cf99ced47cbfd0b93,a7c3e91cddedc578ff4faba06e8cdf7473946c00d616156efcfa1d03333de65d,c21bce58aa9857b4c0db0f0b8fc49257115ae1964241cf4ee2484b21c29d7efd,5cf27988e1ae3c6b815116bb089b3cdaa5908e0910e613d64ec192d49043e5ad,52993d17719a855b9f2fd7291909eb672f8c4155f0b88346a70b0ce100f9bd94,success,EVALUABLE
run-5caa4b4a943e3d5a82375dd487729305f16741753497485f4eb31235252074bf,missing.target.m100.n10000.pqstr,measurement,0,determinism_small,full_reference,hash_one,a76bb9458b181500c7bfb9efefcfecfbb019b5a9,tadr-core,0.1.0,proprietary,,a37ec8d336d16dbe4b7a7448071808daaf5e3e0ab03afe3bb7de0ce6882bc31d,1.0,MVP_V1,1.0,1.0.12,354d07d7c83bd6265826bfeea5ad5a8ee1676a77d481616cf99ced47cbfd0b93,8637f6905e96c3b06d75c68a1350e6a00570c0b072e3109dfd398f0221d43a26,dcc05a015dde9480b25b2259b6412b34ef38918193008241097bf0dcabebeb14,3cce36688f0fb571fe95924b2c76becaa4aec429d6a2dbacf7a6523f1774c51d,6e3056cac11814e5a889b2f01999946bf9b3d203a23245a7eacc4fdb2fd17997,success,EVALUABLE
run-5d7ba4ecf46cea47bce1b47b547e04d51968e58aabad8e28bfba576bd85eb6a7,inference.regression.omit_one.n10000.csv,measurement,0,correctness,full_reference,standard,a76bb9458b181500c7bfb9efefcfecfbb019b5a9,tadr-core,0.1.0,proprietary,,a37ec8d336d16dbe4b7a7448071808daaf5e3e0ab03afe3bb7de0ce6882bc31d,1.0,MVP_V1,1.0,1.0.12,354d07d7c83bd6265826bfeea5ad5a8ee1676a77d481616cf99ced47cbfd0b93,b57c963e839e55284c8a5fe3db2c3ff78e96c355f8ad4d62e71c6b86671f6546,b59e631d5075f198ecbf6d9846ac7d64e599c50da1bf9ecd4122111b36f12e1b,47f3d1a7727698dc2d52483934ca829aed3aeaebfce3f4bbe0ee0113f6ac40b2,c45ccf584ba2ea3f1900a21283dc491475404dc87eba74bdd24249d951172ab3,success,EVALUABLE
run-5dc46bcb9f128082e55cf81b440f898a7aa6ad76e382063e7738cb41d1a093c4,duplicate.keys.e100.n10000.pqstr,measurement,0,determinism_small,full_reference,decimal_low,a76bb9458b181500c7bfb9efefcfecfbb019b5a9,tadr-core,0.1.0,proprietary,,a37ec8d336d16dbe4b7a7448071808daaf5e3e0ab03afe3bb7de0ce6882bc31d,1.0,MVP_V1,1.0,1.0.12,354d07d7c83bd6265826bfeea5ad5a8ee1676a77d481616cf99ced47cbfd0b93,d4771be5474988df57cf885b339f6604b0599e5ce1b21751eb597aadcf7c8b49,a3f9bf2b671cb66ea52c1a6259c86cba85f0283264edff978e40352e6732e2da,1d4438ddaf9b6339e1c52deb4a6313aa48f2e91f654f85a160312f334854a8d7,56f2229a8d01fcb7d81254381995d51f850d00b858e94ec88623316d89bfad29,success,EVALUABLE
run-5e01aee397cc21f5e685781898468454616c042443d9e91398c036fa020525d1,composite.timestamp_random.n10000.csv,measurement,0,determinism_small,full_reference,standard,a76bb9458b181500c7bfb9efefcfecfbb019b5a9,tadr-core,0.1.0,proprietary,,a37ec8d336d16dbe4b7a7448071808daaf5e3e0ab03afe3bb7de0ce6882bc31d,1.0,MVP_V1,1.0,1.0.12,354d07d7c83bd6265826bfeea5ad5a8ee1676a77d481616cf99ced47cbfd0b93,311d2b82f7a04ee6339a115a06983cdb8cea9c65e1ce94b27ddbd32834c45383,4ee0dd77819611eecbe0461587e7efa1ed30d8f4c8cb12f54be452974f7a17b6,310dd96abee2c9259a38a20c167219cb723f46d22fa9ceb7c218425a0b0f3994,3876c7266629585bc723a22d2351d27ea715aa05a0c8a29a8b21adcf1c89cacc,success,EVALUABLE
run-5e23a135bd5daa029f6fe8936b86077d07f82f0271ba912d31a10148c0e1ebcc,class.binary.min999.n10000.csv,measurement,0,correctness,full_reference,standard,a76bb9458b181500c7bfb9efefcfecfbb019b5a9,tadr-core,0.1.0,proprietary,,a37ec8d336d16dbe4b7a7448071808daaf5e3e0ab03afe3bb7de0ce6882bc31d,1.0,MVP_V1,1.0,1.0.12,354d07d7c83bd6265826bfeea5ad5a8ee1676a77d481616cf99ced47cbfd0b93,ab68ea67262d56691955febd3e62c4d969a056fc915a2b97e8c24ac9d3ad5f28,73c2035a2f7f62218dd9bdab47ceb85085356fe7f4575581cc02dce738c6b3b0,0df3f2e973dcbe49165f50673f17ddbe0fb06ad34be47e2acffb43001a9295d2,0b14661f2d75502abfa48e3f7d4676268060fdea47112e340f339c4aac074f3e,success,EVALUABLE
run-5e3011c55d87947e6b2e37ea0704f1f866a1687fb95118dd19ee64a8c0c9d66e,duplicate.rows.e500.n10000.csv,measurement,1,determinism_small,full_reference,decimal_low,a76bb9458b181500c7bfb9efefcfecfbb019b5a9,tadr-core,0.1.0,proprietary,,a37ec8d336d16dbe4b7a7448071808daaf5e3e0ab03afe3bb7de0ce6882bc31d,1.0,MVP_V1,1.0,1.0.12,354d07d7c83bd6265826bfeea5ad5a8ee1676a77d481616cf99ced47cbfd0b93,644dcee9707dec5114f2d81d7a0203e70e474037f8daecee75dee486a0fe8732,266dbcf0f8269bb64d47322d4f374dccecb313c65eb95fb40f83d5356d46531a,d18babeae2628e826903b1cfa7724f03fe9f1f8451d8d8ed5dc4c94175f30cfd,6bf4c3e8e8b5b5acffd3304d13e94e2589e2fda5f5f01317b809b2221c49704a,success,EVALUABLE
run-5eb1ad6ca9bca609b8d954fc4aaecb574190e5c6367f83e615c2c6d30a7b8bc2,parse.numeric.f101.n10000.csv,measurement,0,correctness,full_reference,standard,a76bb9458b181500c7bfb9efefcfecfbb019b5a9,tadr-core,0.1.0,proprietary,,a37ec8d336d16dbe4b7a7448071808daaf5e3e0ab03afe3bb7de0ce6882bc31d,1.0,MVP_V1,1.0,1.0.12,354d07d7c83bd6265826bfeea5ad5a8ee1676a77d481616cf99ced47cbfd0b93,2a8f3b98b3714f066349410f64c5e18d8172ca9b6ab5a5bd3a43e33850730fbd,2ca3de27ceda468dfc8ebb18f9722ca1b886fbff618cf8cb482333ddeffbdbad,756f32b624b09a2bccb9e2b163cec217f9faf210c8c626fdec38bf4399a09a43,d184c9b6f049aa7a35a54a7e40bec5687ac790fcc31a2984cc08927c9f2ed5d2,success,EVALUABLE
run-5fc5a0d29ab45df9d12248f3d09371de70bf5b9d88c75c947104f2d04015a3c8,split.reg_random_degraded.n10000.csv,measurement,0,correctness,full_reference,standard,a76bb9458b181500c7bfb9efefcfecfbb019b5a9,tadr-core,0.1.0,proprietary,,a37ec8d336d16dbe4b7a7448071808daaf5e3e0ab03afe3bb7de0ce6882bc31d,1.0,MVP_V1,1.0,1.0.12,354d07d7c83bd6265826bfeea5ad5a8ee1676a77d481616cf99ced47cbfd0b93,f832fd06d267b99ea221c08f8b2554e28e3a342ec7023793df688535da957f95,5c4992cd925e0f8bbbb24a66c581c20bc7dfa51d5e11b5fddf8e48946caccdca,432669509796a6b41b68d63286e255c88c06448ab5fd13d2790447fabe26173e,204f9ff757398127d14aac52407f8d0763fe9bc53570f384b2f8c2603cd54248,success,EVALUABLE
run-5fd269c576c9ce8a7abf4bc9a8843522900c7bfaaa76547c86a7c787609b401c,duplicate.rows.e9.n10000.pqstr,measurement,0,correctness,full_reference,standard,a76bb9458b181500c7bfb9efefcfecfbb019b5a9,tadr-core,0.1.0,proprietary,,a37ec8d336d16dbe4b7a7448071808daaf5e3e0ab03afe3bb7de0ce6882bc31d,1.0,MVP_V1,1.0,1.0.12,354d07d7c83bd6265826bfeea5ad5a8ee1676a77d481616cf99ced47cbfd0b93,16c185aef2d0af3ec54347ad59d95a121db2ea5bcbcd8aa09964d96621fcc831,d5f2e9d860c8d0c80c11f7e3f91b53c5e70094df2102b2304517d24383f6d9b4,3646efb65cb204afda811dbe7856b05d4660109cc2e3216426478d959d594aef,4743cc02d00592fb2990ec8ad41d2bb6fa1a18e72a48abcc67c63632fae4bf27,success,EVALUABLE
run-6105df7a35d2763f0ee44d237ff1b628c2464fe62c4401af8a1a6f92558cd17d,group.random.r501.n10000.pqstr,measurement,0,correctness,full_reference,standard,a76bb9458b181500c7bfb9efefcfecfbb019b5a9,tadr-core,0.1.0,proprietary,,a37ec8d336d16dbe4b7a7448071808daaf5e3e0ab03afe3bb7de0ce6882bc31d,1.0,MVP_V1,1.0,1.0.12,354d07d7c83bd6265826bfeea5ad5a8ee1676a77d481616cf99ced47cbfd0b93,457d4f815d4c53efef51e347e40dc1d40d9d4997a9e779fb3e8a7b99c5d04110,a77d671ef9fa072426ebd2a0b489bde5f2d8b7c1e4bc115e43bc270bd736af5a,a1c0512694a567e39129ce9cacd4ee7185913815c7fa776bb6e94c70ef8236c6,4cd6f744f2af65918a7b4b5f9600b47b864890788b08e39c56efbb8a8cd821af,success,EVALUABLE
run-61d67660014e48b4bd2034405c5d418da35c9265cc2308c24221b1e0c9129985,sampling.leakage.head.n300000.pqstr,measurement,0,determinism_sampled,HEAD_STRIDE_V1,decimal_low,a76bb9458b181500c7bfb9efefcfecfbb019b5a9,tadr-core,0.1.0,proprietary,,a37ec8d336d16dbe4b7a7448071808daaf5e3e0ab03afe3bb7de0ce6882bc31d,1.0,MVP_V1,1.0,1.0.12,354d07d7c83bd6265826bfeea5ad5a8ee1676a77d481616cf99ced47cbfd0b93,391ee878f387100813856573a5c36985cb0c9a71b0a90d550ff2764d9fcf3e1f,dbbd4574489e44a2b39ba6fa1a88dd626e04349ed702bd50fc8cb496a303c758,9e190bbc9e80d012e33002628a2aa6b9550dc843afa9163c4192c419f7f30256,77b6da31cfc68fc7ef435fc38d511541410887738dae217ae0579c5de21b9a63,success,EVALUABLE
run-6203acf84b8591bc0b8a90cc2e4552fe77f0b09ec467fac6709f32688c3d2abf,sampling.duplicate_rows.gaps.n300000.pqstr,measurement,0,determinism_sampled,HEAD_STRIDE_V1,hash_fortytwo,a76bb9458b181500c7bfb9efefcfecfbb019b5a9,tadr-core,0.1.0,proprietary,,a37ec8d336d16dbe4b7a7448071808daaf5e3e0ab03afe3bb7de0ce6882bc31d,1.0,MVP_V1,1.0,1.0.12,354d07d7c83bd6265826bfeea5ad5a8ee1676a77d481616cf99ced47cbfd0b93,3023f1ab50b0238fb78ded29f1e5fe537251eeefe145fe3c5511c463f5fb2529,dca64ab915085ef54aab1c6005cb3ae0bb6e1e653f1cdd4e56567b1dc62b6214,4f4537d8606299c589e3d4d73210dd25314804effe7dddd293de8fd398cb5333,2172640162e2476eed3814dbe606c92dcd731a341f047492d889141823258cca,success,EVALUABLE
run-62251173043fb1f56324eefe1dfec5f43a7d6a76e90027f3b13a330cb32ce8f0,duplicate.keys.e9.n10000.csv,measurement,0,correctness,full_reference,standard,a76bb9458b181500c7bfb9efefcfecfbb019b5a9,tadr-core,0.1.0,proprietary,,a37ec8d336d16dbe4b7a7448071808daaf5e3e0ab03afe3bb7de0ce6882bc31d,1.0,MVP_V1,1.0,1.0.12,354d07d7c83bd6265826bfeea5ad5a8ee1676a77d481616cf99ced47cbfd0b93,85e786c8278a2d3911bc981a31e6197ed72b13b0cceafc01dd836193efe69225,54e998cb448b4bec97339184f84c3453b94f9a2bb8cb68555fda8c32943e75b6,dba01946942dcff82658c1fab355c342ea543d1db49f7007987105c78b2b97e9,d07c7502bf646b4d7de1cc01fc5542de5a23d2108f3141c72dcfa25a10834074,success,EVALUABLE
run-629f7307e93c3b6b508ac19dd0a59a0796a30795e7b27fa9853d2de43a4b6391,parse.numeric.f2001.n10000.csv,measurement,1,determinism_small,full_reference,decimal_high,a76bb9458b181500c7bfb9efefcfecfbb019b5a9,tadr-core,0.1.0,proprietary,,a37ec8d336d16dbe4b7a7448071808daaf5e3e0ab03afe3bb7de0ce6882bc31d,1.0,MVP_V1,1.0,1.0.12,354d07d7c83bd6265826bfeea5ad5a8ee1676a77d481616cf99ced47cbfd0b93,3ce13524ae9d62dad846a763c42d9aacfb5a8589ed569d2b7e2c83c33307e762,d4e8fa6771ba7922c34782952a10d34189cc6e369636033f87d5d3e1004f25be,3ab1139de98968d383e401edbb099a71bbfa6f7c77eb63da0f020410dc8fbea9,798b3bb3a7a09e1690458cc12572f66a2526305e028621c09c8f3deaf7f9f5e6,success,EVALUABLE
run-62fd5a21b638476aa1a1dee064d425edf7159823b0b7b427f133ae054be435e5,missing.target.m100.n10000.pqstr,measurement,1,determinism_small,full_reference,hash_one,a76bb9458b181500c7bfb9efefcfecfbb019b5a9,tadr-core,0.1.0,proprietary,,a37ec8d336d16dbe4b7a7448071808daaf5e3e0ab03afe3bb7de0ce6882bc31d,1.0,MVP_V1,1.0,1.0.12,354d07d7c83bd6265826bfeea5ad5a8ee1676a77d481616cf99ced47cbfd0b93,8637f6905e96c3b06d75c68a1350e6a00570c0b072e3109dfd398f0221d43a26,dcc05a015dde9480b25b2259b6412b34ef38918193008241097bf0dcabebeb14,3cce36688f0fb571fe95924b2c76becaa4aec429d6a2dbacf7a6523f1774c51d,6e3056cac11814e5a889b2f01999946bf9b3d203a23245a7eacc4fdb2fd17997,success,EVALUABLE
run-63021d882e6c05a31ebef8d88d4bc0fd13fe2a01d6354a690e79f663fe691e59,parse.numeric.f6000.n10000.csv,measurement,0,correctness,full_reference,standard,a76bb9458b181500c7bfb9efefcfecfbb019b5a9,tadr-core,0.1.0,proprietary,,a37ec8d336d16dbe4b7a7448071808daaf5e3e0ab03afe3bb7de0ce6882bc31d,1.0,MVP_V1,1.0,1.0.12,354d07d7c83bd6265826bfeea5ad5a8ee1676a77d481616cf99ced47cbfd0b93,5d41eba527ec1fb2921a1bf5f3535dcb7529b53dbd25757a658a6a9b39bb7543,b000c8ae68b6d835adcbbf08cfe02308d23e7f12a304e0f3545fa3c7d36063ce,0ad9e07b29878b24e60ca874c62c06338c448d67c2bf67eb50950465190b45e8,2d381ce6852abc0a53f9344108952fcc323c9e654c5713f416c49c2f4af6fd3c,success,EVALUABLE
run-631811fb184159010bb5ec99a5f2b1c60f7dc9a256f1a014c19034e0fbdc6484,composite.quality_accumulation_k2.n10000.csv,measurement,0,correctness,full_reference,standard,a76bb9458b181500c7bfb9efefcfecfbb019b5a9,tadr-core,0.1.0,proprietary,,a37ec8d336d16dbe4b7a7448071808daaf5e3e0ab03afe3bb7de0ce6882bc31d,1.0,MVP_V1,1.0,1.0.12,354d07d7c83bd6265826bfeea5ad5a8ee1676a77d481616cf99ced47cbfd0b93,b3aa48337afe3b97e6811109902edc8f46a217787725954853c85abcc50aafae,126ae2a333d3a2e930915cd2a5160711cbb38cbb55394bf511be97d2063a7dd8,1ed5753b637239972092603f1717a3c7d95e7da4c2d804799628b6254c316ca7,ed648a9b29644338c8005fc07cfcd7551be4a6d7fb94767788f481a13d169aba,success,EVALUABLE
run-63abae647a2ae70fb86922bb8f9b654f2ab9260d763444dde48f24471f145c1a,missing.feature.m0.n10000.csv,measurement,0,correctness,full_reference,standard,a76bb9458b181500c7bfb9efefcfecfbb019b5a9,tadr-core,0.1.0,proprietary,,a37ec8d336d16dbe4b7a7448071808daaf5e3e0ab03afe3bb7de0ce6882bc31d,1.0,MVP_V1,1.0,1.0.12,354d07d7c83bd6265826bfeea5ad5a8ee1676a77d481616cf99ced47cbfd0b93,4ff7667675d3b11981ce2a2be03e25707dcdf32695e55f086a844fe35880bed8,c21bce58aa9857b4c0db0f0b8fc49257115ae1964241cf4ee2484b21c29d7efd,092e5d7185303414a25438bb0bc0d5f65766ac28881bfe5e77acb96d29d804ee,17f6f0a126b771610b729f6a93ed83d066eca2c1258d94731dc2f3bbb103c7ff,success,EVALUABLE
run-652ad766ff3ff6ed81131be05756f383baaea5a82530c96042bca56e9aee46fa,sampling.group.head.n300000.pqstr,measurement,0,sampling_reference,full_reference,standard,a76bb9458b181500c7bfb9efefcfecfbb019b5a9,tadr-core,0.1.0,proprietary,,a37ec8d336d16dbe4b7a7448071808daaf5e3e0ab03afe3bb7de0ce6882bc31d,1.0,MVP_V1,1.0,1.0.12,354d07d7c83bd6265826bfeea5ad5a8ee1676a77d481616cf99ced47cbfd0b93,fa95bf967269c417d9e61ed706cfb3f401aaa95841bde4b3227296067c73ebca,991b7d74fceaa84478484b5e703ec364c8464ec0d2378dc8b6fc12cfac00f74c,dc116d256fad0e925b54e3434452f86cac4a7ea3dcac75fe57bec74d5dc6b4f1,09c656a081060489be80b9df69deb2c5d97c5ff4f23657c0eb6be64d15218acf,success,EVALUABLE
run-6605483ef232b418369489a365a81d6f4920d33549e24e38e7eae0285f69e827,duplicate.keys.e0.n10000.csv,measurement,0,correctness,full_reference,standard,a76bb9458b181500c7bfb9efefcfecfbb019b5a9,tadr-core,0.1.0,proprietary,,a37ec8d336d16dbe4b7a7448071808daaf5e3e0ab03afe3bb7de0ce6882bc31d,1.0,MVP_V1,1.0,1.0.12,354d07d7c83bd6265826bfeea5ad5a8ee1676a77d481616cf99ced47cbfd0b93,89f9a01d4c65a88c64dab030b9df81e4bc94c39387e7596edfca13abe12a5bc2,36b066ae1718a8270e1a580a4493f8cf05df787b633e6767242ecdb1905282b6,cf6075c75a2a3008bf873f69e7dce1c1ebc278850b07377c01471b5ad37bf4a6,5b3f43f9326789f9a9e90e0f44f3a3c8e34005afd3d34e439e2409688f316d94,success,EVALUABLE
run-66e7f5a695cde77e400c2845bde8c7b11896a02a2dd8a2f6553bd54aa21fb0c6,scale.analytics.n1000000.w100.pqnative,measurement,1,scale_regular,scale_default,standard,a76bb9458b181500c7bfb9efefcfecfbb019b5a9,tadr-core,0.1.0,proprietary,,a37ec8d336d16dbe4b7a7448071808daaf5e3e0ab03afe3bb7de0ce6882bc31d,1.0,MVP_V1,1.0,1.0.12,354d07d7c83bd6265826bfeea5ad5a8ee1676a77d481616cf99ced47cbfd0b93,d25dbbf63ac4e299bca118dcf7efa412f5c9e0160cfdacfd074c64cf2324340a,10d9a367a99fed8ea721af4a86aea144f75a56a8c041935bccdfd2b46ae5ef4b,fd12287683aff028fac2bdc23d1559bacd5aae6164479432964902b83d2cba06,ff74c6f99487c34b1f8d5f6812a73084ecea70ffd48738e610206edfb4166a52,success,EVALUABLE
run-673cd62be9605d11e20860dcdf9d207088a0929fd98fb6cf8a9506305be1de70,class.support.n100.min5.csv,measurement,0,correctness,full_reference,standard,a76bb9458b181500c7bfb9efefcfecfbb019b5a9,tadr-core,0.1.0,proprietary,,a37ec8d336d16dbe4b7a7448071808daaf5e3e0ab03afe3bb7de0ce6882bc31d,1.0,MVP_V1,1.0,1.0.12,354d07d7c83bd6265826bfeea5ad5a8ee1676a77d481616cf99ced47cbfd0b93,f6b0af13dbe1f01e02608d5aacae0fa534d6697c4753b71c62897364415b04b8,ca3689e7d3c4c19d79e7daccf7ddff644d307c378e4c31b5f53db2e796c15e23,0e8aa2ced429fc8503c4f0b49d3cf81478437b7eb8d6ea0ec7092c964e3b812a,14c1d26d675ce01e30db8083e397029e5e94477d3d927d3e4ec4e489c3b3f2d6,success,EVALUABLE
run-6782bda2c2c5f9295984ce3fe3b2018906e2e6db58535b0bbe1f1d334bff6cc6,group.random.r2000.n10000.csv,measurement,0,determinism_small,full_reference,timezone_berlin,a76bb9458b181500c7bfb9efefcfecfbb019b5a9,tadr-core,0.1.0,proprietary,,a37ec8d336d16dbe4b7a7448071808daaf5e3e0ab03afe3bb7de0ce6882bc31d,1.0,MVP_V1,1.0,1.0.12,354d07d7c83bd6265826bfeea5ad5a8ee1676a77d481616cf99ced47cbfd0b93,a7f2fa480a475a37fb77b449eadfbae99f0032003e6d3a9842f7a9094f231350,9594c53132cc5da7b983625018f02ce64e675a692247ea4230159680b2043661,1040d9b90d3d9437d2a8098d9f531add44dbfe183cadbbd17238e7cb126449f8,e2fbfbeaeabda936db187cf8d6b6f5ed419464b327427b2894a0dd2309238694,success,EVALUABLE
run-67c3289f94c8de7955313213abd3d3f09d233ae7ab92216938998568ae29c1ce,timestamp.time_series.valid10000.n10000.csv,measurement,0,correctness,full_reference,standard,a76bb9458b181500c7bfb9efefcfecfbb019b5a9,tadr-core,0.1.0,proprietary,,a37ec8d336d16dbe4b7a7448071808daaf5e3e0ab03afe3bb7de0ce6882bc31d,1.0,MVP_V1,1.0,1.0.12,354d07d7c83bd6265826bfeea5ad5a8ee1676a77d481616cf99ced47cbfd0b93,c1ab1d182404024b3425ddeb5493d25f94bc9ccdbda8f7315c7a011cc1fc9568,4f838d4abee75cd21df2e8dca33c8ba961ae18c8b65acef38303383a66823ca0,211b3ba6007ab1bdf10408ec8d90dca47ad32e1f81dadf3ca5f0729ece64cb8d,0a9462adb4f3a726e0c6c316d28af3c3f3221b362d080fd58c987dd210770d51,success,EVALUABLE
run-6804e045fa9c8d0ae0d81579a3fad4df7033edea82da54c23f4e4f09507decab,missing.target.m101.n10000.pqstr,measurement,0,correctness,full_reference,standard,a76bb9458b181500c7bfb9efefcfecfbb019b5a9,tadr-core,0.1.0,proprietary,,a37ec8d336d16dbe4b7a7448071808daaf5e3e0ab03afe3bb7de0ce6882bc31d,1.0,MVP_V1,1.0,1.0.12,354d07d7c83bd6265826bfeea5ad5a8ee1676a77d481616cf99ced47cbfd0b93,9c120c31936ae235712f6c3d7d5fad9a2797b92a412def145171acc68c5dd3db,9c84f42c7bf199501301ae2a561201647878d2cabdf2121128ef939715fce7fd,1e0970e4582447772dc06aff88ebe8d80bee7c4285f292778cbb4fe51a97fb87,497a1ee63095143c86a1688c5b294b1f5967af158b32647402a806f06e80ac02,success,EVALUABLE
run-682006fe22db5b912fba39150013dec1ae6b8907681063f4b24106ac8793384b,sampling.leakage.head.n300000.pqstr,measurement,0,sampling_reference,full_reference,standard,a76bb9458b181500c7bfb9efefcfecfbb019b5a9,tadr-core,0.1.0,proprietary,,a37ec8d336d16dbe4b7a7448071808daaf5e3e0ab03afe3bb7de0ce6882bc31d,1.0,MVP_V1,1.0,1.0.12,354d07d7c83bd6265826bfeea5ad5a8ee1676a77d481616cf99ced47cbfd0b93,391ee878f387100813856573a5c36985cb0c9a71b0a90d550ff2764d9fcf3e1f,dbbd4574489e44a2b39ba6fa1a88dd626e04349ed702bd50fc8cb496a303c758,9e190bbc9e80d012e33002628a2aa6b9550dc843afa9163c4192c419f7f30256,a868a2ca510e76d175e55d1eff7c1729d66d563d65b4ce66b84551306ad109d4,success,EVALUABLE
run-69e55fcb2a3ab841051f682164eb3ff5b7a89ca8edd1c3e3f9a210669d2804b8,challenge.lexical_paid.n10000.csv,measurement,0,correctness,full_reference,standard,a76bb9458b181500c7bfb9efefcfecfbb019b5a9,tadr-core,0.1.0,proprietary,,a37ec8d336d16dbe4b7a7448071808daaf5e3e0ab03afe3bb7de0ce6882bc31d,1.0,MVP_V1,1.0,1.0.12,354d07d7c83bd6265826bfeea5ad5a8ee1676a77d481616cf99ced47cbfd0b93,55d08163cb7f9e693f4fd105c745a80fd81044396e08cc04e1b4715a4cbec1c9,0b75973f42642eaf85a86a395bdd385e5eaec4eeedbbe21a51165cb0c6008d59,7d643df7c01998cdf16b3c127b047f0a1a38be6341cb79adb583953532c22d2a,c64b449b6542ea49de960fd6074c2e480a503bf79eeb15c3c91cf8d61b92b30e,success,EVALUABLE
run-69fe4f195009530e04828796fd22afb5a89920e38426d896dc9bdde0687ea12a,scale.regression.n100000.w20.pqnative,measurement,1,scale_regular,scale_default,standard,a76bb9458b181500c7bfb9efefcfecfbb019b5a9,tadr-core,0.1.0,proprietary,,a37ec8d336d16dbe4b7a7448071808daaf5e3e0ab03afe3bb7de0ce6882bc31d,1.0,MVP_V1,1.0,1.0.12,354d07d7c83bd6265826bfeea5ad5a8ee1676a77d481616cf99ced47cbfd0b93,8e6e7c0ef2fd7b24cf9a4615190168d53a79bc8779e96b6a89e0b4c8df8aa664,f58e2622e5fe925a2171c7c17ed266c303a06228eaab1a8cc2082fcaaf712443,6084c3a6ea4eda957f2cb2ffb65710427e1736bf4158ca57dbc11705999b730b,76ad09804496c62043e377caec6bd45b8eaedc26f27933df7620fcacc0871d0e,success,EVALUABLE
run-6a7bcee8c1c07cce9393ea3a052aae530ddc29cbfded9b6fc4383ccf57d54cac,scale.analytics.n10000.w20.csv,measurement,1,scale_regular,scale_default,standard,a76bb9458b181500c7bfb9efefcfecfbb019b5a9,tadr-core,0.1.0,proprietary,,a37ec8d336d16dbe4b7a7448071808daaf5e3e0ab03afe3bb7de0ce6882bc31d,1.0,MVP_V1,1.0,1.0.12,354d07d7c83bd6265826bfeea5ad5a8ee1676a77d481616cf99ced47cbfd0b93,32ef1770e6e778226a33f03bb350d28f3fa415b58f165af87f6dc16d812bf684,c3405fbdaa9b6adefec6e61f4ab27c6f35cb4ea48ede5986b0805a11a21acf89,e8cd5f712d1f9ee3c3084d9717ec85fc48bd7ab83a4e027b24903cac62457fc7,e8a86697ac481fe44301c314b1ace960374df0e2ef0062b42761d33ac8305481,success,EVALUABLE
run-6b28eed17f3b7b7a2694574b441a13f264ea941d342e58c4f14573a7cea2e22a,sampling.duplicate_rows.tail.n300000.pqstr,measurement,0,sampling_reference,full_reference,standard,a76bb9458b181500c7bfb9efefcfecfbb019b5a9,tadr-core,0.1.0,proprietary,,a37ec8d336d16dbe4b7a7448071808daaf5e3e0ab03afe3bb7de0ce6882bc31d,1.0,MVP_V1,1.0,1.0.12,354d07d7c83bd6265826bfeea5ad5a8ee1676a77d481616cf99ced47cbfd0b93,e7f9199137761ba7fe3eea7fcb50a81eed02d7c1ab394714796aa2f3e5278547,6074ad6099d17ba664121653c6061aa95fbcc817d5fb1430010f83c035a296f2,b2bd76b6ec395224076c30131ef3e7831df810a7e2abecd8e0a2b1630e152977,28c9419959af8d4272537912950ec5b7ee61a2df0d3b87b5d83637ff8e7d11c0,success,EVALUABLE
run-6b3a78b043706d7368e6e5cc2c4db0ce0c4986b9f749154a0481a9fd531cbd2b,composite.timestamp_random.n10000.csv,measurement,0,determinism_small,full_reference,decimal_low,a76bb9458b181500c7bfb9efefcfecfbb019b5a9,tadr-core,0.1.0,proprietary,,a37ec8d336d16dbe4b7a7448071808daaf5e3e0ab03afe3bb7de0ce6882bc31d,1.0,MVP_V1,1.0,1.0.12,354d07d7c83bd6265826bfeea5ad5a8ee1676a77d481616cf99ced47cbfd0b93,311d2b82f7a04ee6339a115a06983cdb8cea9c65e1ce94b27ddbd32834c45383,4ee0dd77819611eecbe0461587e7efa1ed30d8f4c8cb12f54be452974f7a17b6,310dd96abee2c9259a38a20c167219cb723f46d22fa9ceb7c218425a0b0f3994,3876c7266629585bc723a22d2351d27ea715aa05a0c8a29a8b21adcf1c89cacc,success,EVALUABLE
run-6b7b48825922c29a6f6f66c0cf19678f1555788beffba6215d4cfdce739c22d6,duplicate.rows.e9.n10000.csv,measurement,0,correctness,full_reference,standard,a76bb9458b181500c7bfb9efefcfecfbb019b5a9,tadr-core,0.1.0,proprietary,,a37ec8d336d16dbe4b7a7448071808daaf5e3e0ab03afe3bb7de0ce6882bc31d,1.0,MVP_V1,1.0,1.0.12,354d07d7c83bd6265826bfeea5ad5a8ee1676a77d481616cf99ced47cbfd0b93,268c1a2096ff7379054ff7585b7808a58ed2a80799ea48310c4dd30fbb1159f8,d5f2e9d860c8d0c80c11f7e3f91b53c5e70094df2102b2304517d24383f6d9b4,7e704b4f272e74ddcc36d8f19c81c6fa17f95574263f9df7ab914757c0b73eb3,4743cc02d00592fb2990ec8ad41d2bb6fa1a18e72a48abcc67c63632fae4bf27,success,EVALUABLE
run-6bb8509f324ed626d5df0cab661b77d2e946fc2e5cdabb979e8abc3704dec532,duplicate.keys.e100.n10000.pqstr,measurement,1,determinism_small,full_reference,timezone_berlin,a76bb9458b181500c7bfb9efefcfecfbb019b5a9,tadr-core,0.1.0,proprietary,,a37ec8d336d16dbe4b7a7448071808daaf5e3e0ab03afe3bb7de0ce6882bc31d,1.0,MVP_V1,1.0,1.0.12,354d07d7c83bd6265826bfeea5ad5a8ee1676a77d481616cf99ced47cbfd0b93,d4771be5474988df57cf885b339f6604b0599e5ce1b21751eb597aadcf7c8b49,a3f9bf2b671cb66ea52c1a6259c86cba85f0283264edff978e40352e6732e2da,1d4438ddaf9b6339e1c52deb4a6313aa48f2e91f654f85a160312f334854a8d7,56f2229a8d01fcb7d81254381995d51f850d00b858e94ec88623316d89bfad29,success,EVALUABLE
run-6c7f8a056869f353057db02162d593a236733783d4b5432a3efd75408a57f0e4,sampling.parse.tail.n300000.pqstr,measurement,0,sampling_reference,full_reference,standard,a76bb9458b181500c7bfb9efefcfecfbb019b5a9,tadr-core,0.1.0,proprietary,,a37ec8d336d16dbe4b7a7448071808daaf5e3e0ab03afe3bb7de0ce6882bc31d,1.0,MVP_V1,1.0,1.0.12,354d07d7c83bd6265826bfeea5ad5a8ee1676a77d481616cf99ced47cbfd0b93,88467ca7c04a60783012e8a0a879b5816fdeb2ab4832a6597444d304801dc145,5cec22239b57d2f96611f249bbc8db2a68294c6553ae123e872bb19058b00025,91b66100303149392a9b00d0d3487714fa40331d53fbf078b7503f973c05ca5c,5378f9ea422cb6ecfa95c225aa468410015bc4f70ac857fe1c2ea138357c829f,success,EVALUABLE
run-6cc7f6a8af9b5bc37b86328c2c266b8342e7bbfb58b54469d73cfa8a1734b5fc,missing.feature.m999.n10000.pqstr,measurement,0,correctness,full_reference,standard,a76bb9458b181500c7bfb9efefcfecfbb019b5a9,tadr-core,0.1.0,proprietary,,a37ec8d336d16dbe4b7a7448071808daaf5e3e0ab03afe3bb7de0ce6882bc31d,1.0,MVP_V1,1.0,1.0.12,354d07d7c83bd6265826bfeea5ad5a8ee1676a77d481616cf99ced47cbfd0b93,048b3d9e3be1802e7870df906bb006238dc786db3f769e864aff01be96b1551e,4cc16f2ffb4dda81a1d0c5c8c00baa3100d40cfcc63fa54b029f915d374be4a0,05b88c0ea64477b40918ff40eb5b7579d7920b999500a89d07b71aebce07d86d,5e2b9e670062380a89faa81af16bbcd3a2a27a46f54cdf990d4c2398ea33cbc6,success,EVALUABLE
run-6ce3cd42c5ff876f02dd13a6fe5e2360b9f1aefb2249734691f63289a98fef64,sampling.parse.middle.n300000.pqstr,measurement,0,sampling_bounded,HEAD_STRIDE_V1,standard,a76bb9458b181500c7bfb9efefcfecfbb019b5a9,tadr-core,0.1.0,proprietary,,a37ec8d336d16dbe4b7a7448071808daaf5e3e0ab03afe3bb7de0ce6882bc31d,1.0,MVP_V1,1.0,1.0.12,354d07d7c83bd6265826bfeea5ad5a8ee1676a77d481616cf99ced47cbfd0b93,225d228adc32efd2d4f5771021f65b39b94777bb9585bc1c5eb32cc9221254d5,24062c16daaa058cc81605fdae017b3f928432da5c46ec57e33f838d7603c7f3,a81b530740621e592d1e4b39df0f4a06a22c7ab7b0f4b185700a2c6726b14469,99c530d055b3f33a9b03dfda4535dffb20031bf5f611fe4818ffa27d73d4a262,success,EVALUABLE
run-6dc61056f8974577249099ec117fe47258f325a8d4077149599ba2fc8efb0427,scale.analytics.n100000.w20.csv,measurement,0,scale_regular,scale_default,standard,a76bb9458b181500c7bfb9efefcfecfbb019b5a9,tadr-core,0.1.0,proprietary,,a37ec8d336d16dbe4b7a7448071808daaf5e3e0ab03afe3bb7de0ce6882bc31d,1.0,MVP_V1,1.0,1.0.12,354d07d7c83bd6265826bfeea5ad5a8ee1676a77d481616cf99ced47cbfd0b93,47e2a863c7a694dd2451d632de0af1b6fffc233ee254a444ff4be1c565f51ea2,440919d1c96ea48c6d2c07b5e0155d74db5dc760df2e857b1f3367b7c92e7a68,cdea3a53f3218d6a0305efb64896e6250b049e2f5483d27f12571b8787cd0a7a,edc465bd6dbdbac0d20c629fef72972caf6f97ffba6bded92c029e2d17d2d1d7,success,EVALUABLE
run-6e22a3d6acbe750d3e47914fa9c3413fd3d5f93a36c79d8dc868966f3a41f89b,parse.numeric.f501.n10000.csv,measurement,0,correctness,full_reference,standard,a76bb9458b181500c7bfb9efefcfecfbb019b5a9,tadr-core,0.1.0,proprietary,,a37ec8d336d16dbe4b7a7448071808daaf5e3e0ab03afe3bb7de0ce6882bc31d,1.0,MVP_V1,1.0,1.0.12,354d07d7c83bd6265826bfeea5ad5a8ee1676a77d481616cf99ced47cbfd0b93,b201bed2a742cc7ebc8a068905b15842c085b138fdb0132505db8ef9f4358318,ce5fe7948e754b215c153a8a912a3aa39fb55e5f478c61d4838e3d192e0913c6,b0a2c62d220207fa03076500cfd9c324183a7226857e964f143324fd974c983b,ee21622ac1519efb1c91cc682ea9d4aaaca83251f28389da0768fb200d56d38f,success,EVALUABLE
run-6e272be76f99b2a9eea1fb9d732f8167558a17c6138c67a3c6bd93016af5694b,composite.quality_accumulation_k2.n10000.pqstr,measurement,0,correctness,full_reference,standard,a76bb9458b181500c7bfb9efefcfecfbb019b5a9,tadr-core,0.1.0,proprietary,,a37ec8d336d16dbe4b7a7448071808daaf5e3e0ab03afe3bb7de0ce6882bc31d,1.0,MVP_V1,1.0,1.0.12,354d07d7c83bd6265826bfeea5ad5a8ee1676a77d481616cf99ced47cbfd0b93,ee2572aadc66ea987d3e8e822dddc7ebb97c582e0f24f9a271b7678f2ba03228,126ae2a333d3a2e930915cd2a5160711cbb38cbb55394bf511be97d2063a7dd8,55da4c06c77f1afebe804a5dd0fe29af8fef98694589b3f250c47b4147d4db43,51fea09864c937afa9f2cd95c58f8f5e4ba4998d0728f064c3639d7fc531fba3,success,EVALUABLE
run-6e66a39994379c123f4fdca4ee72e8c2a833f9a40fd1cde835df8772dc9a43ef,scale.analytics.n10000.w20.csv,measurement,2,scale_regular,scale_default,standard,a76bb9458b181500c7bfb9efefcfecfbb019b5a9,tadr-core,0.1.0,proprietary,,a37ec8d336d16dbe4b7a7448071808daaf5e3e0ab03afe3bb7de0ce6882bc31d,1.0,MVP_V1,1.0,1.0.12,354d07d7c83bd6265826bfeea5ad5a8ee1676a77d481616cf99ced47cbfd0b93,32ef1770e6e778226a33f03bb350d28f3fa415b58f165af87f6dc16d812bf684,c3405fbdaa9b6adefec6e61f4ab27c6f35cb4ea48ede5986b0805a11a21acf89,e8cd5f712d1f9ee3c3084d9717ec85fc48bd7ab83a4e027b24903cac62457fc7,e8a86697ac481fe44301c314b1ace960374df0e2ef0062b42761d33ac8305481,success,EVALUABLE
run-6e76bc616ef60ddbac64f9c4ffca5329ccdfa7b1debbde1f07f2c2e060061f0a,identifier.measurement.u9801.n10000.csv,measurement,0,correctness,full_reference,standard,a76bb9458b181500c7bfb9efefcfecfbb019b5a9,tadr-core,0.1.0,proprietary,,a37ec8d336d16dbe4b7a7448071808daaf5e3e0ab03afe3bb7de0ce6882bc31d,1.0,MVP_V1,1.0,1.0.12,354d07d7c83bd6265826bfeea5ad5a8ee1676a77d481616cf99ced47cbfd0b93,7bedd2237542e618a84181fc6fa54c7f7b5ce47a3cff079c57792e54d73546a1,2cc22276d6a3451d06f10666bcaeb6302cb95ebc65409b14ef4774168f5676fe,41aa960ea2dab38a7a1382d8a158a714d41c6c60b35e64aa40d0c25cf2eaa77d,6403fb448fbc55e4781992b59b9297664ad4f542cdfdac806d7b69999782599b,success,EVALUABLE
run-6eb1bf8d66c01a7fe8f992d117b536b9803802c8f1602c2194f433ea4ba0c673,identifier.measurement.u9799.n10000.csv,measurement,0,correctness,full_reference,standard,a76bb9458b181500c7bfb9efefcfecfbb019b5a9,tadr-core,0.1.0,proprietary,,a37ec8d336d16dbe4b7a7448071808daaf5e3e0ab03afe3bb7de0ce6882bc31d,1.0,MVP_V1,1.0,1.0.12,354d07d7c83bd6265826bfeea5ad5a8ee1676a77d481616cf99ced47cbfd0b93,3cc34b76b2220dd7dab98a5b34ff09600e68ea67ac71e48d1cbae289b227af29,dfcdeb6772a333534c0f8237f31be045393e93273092b475e2a4ee876bd92143,15e4eeb16a57e989e05762179b595ba6e9c25bb3349d20c7262e6aef80c5be13,727bf58fa2243dfebafe5bc94708f6fb9597fea97b6a8b623043c2a328ef5f36,success,EVALUABLE
run-6f00dcaf89f4ae69699542021e90241a57c1df2731764d9f589972bebb9a8948,duplicate.rows.e500.n10000.pqstr,measurement,0,correctness,full_reference,standard,a76bb9458b181500c7bfb9efefcfecfbb019b5a9,tadr-core,0.1.0,proprietary,,a37ec8d336d16dbe4b7a7448071808daaf5e3e0ab03afe3bb7de0ce6882bc31d,1.0,MVP_V1,1.0,1.0.12,354d07d7c83bd6265826bfeea5ad5a8ee1676a77d481616cf99ced47cbfd0b93,6eb5e224d44eb947222a1f4fc60d71dc5e53314e38486a63c00d4ae951cf453d,266dbcf0f8269bb64d47322d4f374dccecb313c65eb95fb40f83d5356d46531a,74d8a76fca8cb6284a2524914958726731b9d0fb37351dde3376cfe9d778b3de,6bf4c3e8e8b5b5acffd3304d13e94e2589e2fda5f5f01317b809b2221c49704a,success,EVALUABLE
run-6f9124d6a521586d6762d6683749b857aca33f0492cef66d1d98c9c0b8586ea0,challenge.lexical_paid.n10000.pqstr,measurement,0,correctness,full_reference,standard,a76bb9458b181500c7bfb9efefcfecfbb019b5a9,tadr-core,0.1.0,proprietary,,a37ec8d336d16dbe4b7a7448071808daaf5e3e0ab03afe3bb7de0ce6882bc31d,1.0,MVP_V1,1.0,1.0.12,354d07d7c83bd6265826bfeea5ad5a8ee1676a77d481616cf99ced47cbfd0b93,901b90b002f1abb03532fbc5619bda3de7e77d946de3b7eab54195ce737b0506,0b75973f42642eaf85a86a395bdd385e5eaec4eeedbbe21a51165cb0c6008d59,a86300615ec8479951f899cc6bce05f8ae722904af033e5b06f2c10bcb6d8284,c64b449b6542ea49de960fd6074c2e480a503bf79eeb15c3c91cf8d61b92b30e,success,EVALUABLE
run-6fef5d9d16b2de7b9a77b45716c98b15af44e0f41032c2d0fcf01f6804945098,missing.target.m99.n10000.pqstr,measurement,0,correctness,full_reference,standard,a76bb9458b181500c7bfb9efefcfecfbb019b5a9,tadr-core,0.1.0,proprietary,,a37ec8d336d16dbe4b7a7448071808daaf5e3e0ab03afe3bb7de0ce6882bc31d,1.0,MVP_V1,1.0,1.0.12,354d07d7c83bd6265826bfeea5ad5a8ee1676a77d481616cf99ced47cbfd0b93,44976d4255ac34783e67ea63c262dcac04c6ffde3b410f180684927ca36660a6,08c785783a1ff497831d55224d2fc0697790a30f34001614f859fd0ebc8422b9,006191f32d20138e81bac9c5e5da745e4d8080ae4623999ad29d8975c7509064,4af1737a5a09dba4680bbb95a019622a65dddb83c913ceee9e00252773dbca7f,success,EVALUABLE
run-7040dad18a215f95bcea2f5c9190dcc658db5464e64d57c26dcfb15d770183a3,clean.classification.n10000.csv,measurement,0,determinism_small,full_reference,decimal_high,a76bb9458b181500c7bfb9efefcfecfbb019b5a9,tadr-core,0.1.0,proprietary,,a37ec8d336d16dbe4b7a7448071808daaf5e3e0ab03afe3bb7de0ce6882bc31d,1.0,MVP_V1,1.0,1.0.12,354d07d7c83bd6265826bfeea5ad5a8ee1676a77d481616cf99ced47cbfd0b93,e4e9d58fe89b7e1e6e157add2956c13dd3dbd59893ee45db1629261bed48a88e,54396f5a0a2e24afc00b12c9f7bfd0fd14c0fa44b46ee52e4811e096e3dce878,56ce133fa0edd9eb44a77aba46b91b3bf8bde4a67d67d9228b1ba8351d06e99b,16c3d31334c44ea9575b6366891977e65a866269efc479ddd24ab6fbf0b18ee6,success,EVALUABLE
run-7051e16245a4f4124aa5653cede033376f11b05e9528f5dabaa8d678953187f2,inference.analytics.null.n10000.pqstr,measurement,0,correctness,full_reference,standard,a76bb9458b181500c7bfb9efefcfecfbb019b5a9,tadr-core,0.1.0,proprietary,,a37ec8d336d16dbe4b7a7448071808daaf5e3e0ab03afe3bb7de0ce6882bc31d,1.0,MVP_V1,1.0,1.0.12,354d07d7c83bd6265826bfeea5ad5a8ee1676a77d481616cf99ced47cbfd0b93,516845204fc1bae92a998e719215aa424356ae6a85817a6cebb5fc31ae59ee16,c21bce58aa9857b4c0db0f0b8fc49257115ae1964241cf4ee2484b21c29d7efd,5cf27988e1ae3c6b815116bb089b3cdaa5908e0910e613d64ec192d49043e5ad,17f6f0a126b771610b729f6a93ed83d066eca2c1258d94731dc2f3bbb103c7ff,success,EVALUABLE
run-7065510d16bc7e14225e57156a0ef6c55d42a7564cc574b561f4436dde7c2659,sampling.parse.gaps.n300000.pqstr,measurement,0,sampling_reference,full_reference,standard,a76bb9458b181500c7bfb9efefcfecfbb019b5a9,tadr-core,0.1.0,proprietary,,a37ec8d336d16dbe4b7a7448071808daaf5e3e0ab03afe3bb7de0ce6882bc31d,1.0,MVP_V1,1.0,1.0.12,354d07d7c83bd6265826bfeea5ad5a8ee1676a77d481616cf99ced47cbfd0b93,285cead97980680a037ede206483732d034d80e4bba69d4262113d595578b871,05fa09b96cc46bc4bbdd092ca723efbf8be18ea9c798d4d2b145a3a0fb24ff58,a3b5f9730467c896ea921fc96bf8df636e426035edfe112d1bbc8c51cc6a5131,ed446d87e86815e9ede4c7c3454218ff1cbf240fa86a6fa30342260c39a7123e,success,EVALUABLE
run-7083cca3ccb4d1bb417bb8a6205c904fc3612a82240b9bea78fae14f1f1df704,sampling.class_rare.head.n300000.pqstr,measurement,0,sampling_bounded,HEAD_STRIDE_V1,standard,a76bb9458b181500c7bfb9efefcfecfbb019b5a9,tadr-core,0.1.0,proprietary,,a37ec8d336d16dbe4b7a7448071808daaf5e3e0ab03afe3bb7de0ce6882bc31d,1.0,MVP_V1,1.0,1.0.12,354d07d7c83bd6265826bfeea5ad5a8ee1676a77d481616cf99ced47cbfd0b93,e9d2fd76e3b05caadac6f87315d59867da3b7c92223736c3d4ba7118ffb990fc,1188e5a6eff837604111cb39b161aee99453d2951de833b14e43d7ed0756b116,c4b123c20046c3de89a7e4bcfdb663ee248c353099224461f0dd680a580cb78e,4890e2033228bb02228a6103c5c90c027be1cd0d1128c19743e2267b90c3eb83,success,EVALUABLE
run-70ea661fca3b3a2486d48da06471cfdd5551861d793db24e7465f760aec30ee4,composite.timestamp_random.n10000.csv,measurement,0,determinism_small,full_reference,hash_one,a76bb9458b181500c7bfb9efefcfecfbb019b5a9,tadr-core,0.1.0,proprietary,,a37ec8d336d16dbe4b7a7448071808daaf5e3e0ab03afe3bb7de0ce6882bc31d,1.0,MVP_V1,1.0,1.0.12,354d07d7c83bd6265826bfeea5ad5a8ee1676a77d481616cf99ced47cbfd0b93,311d2b82f7a04ee6339a115a06983cdb8cea9c65e1ce94b27ddbd32834c45383,4ee0dd77819611eecbe0461587e7efa1ed30d8f4c8cb12f54be452974f7a17b6,310dd96abee2c9259a38a20c167219cb723f46d22fa9ceb7c218425a0b0f3994,3876c7266629585bc723a22d2351d27ea715aa05a0c8a29a8b21adcf1c89cacc,success,EVALUABLE
run-7129f0d048148867bc462c07b530dbdb794c04a78c13a9278cc557b1a94da172,leak.control.support50.pqstr,measurement,0,correctness,full_reference,standard,a76bb9458b181500c7bfb9efefcfecfbb019b5a9,tadr-core,0.1.0,proprietary,,a37ec8d336d16dbe4b7a7448071808daaf5e3e0ab03afe3bb7de0ce6882bc31d,1.0,MVP_V1,1.0,1.0.12,354d07d7c83bd6265826bfeea5ad5a8ee1676a77d481616cf99ced47cbfd0b93,9e63cab2931e2c474d57bbb79dca50ec0601584a948a53ceecc6f24a8b92ce29,fb9869e4b89d2c17100821dc40ce8baf48e6f4688b45617a6945b83b78df0d46,b3dc6c94694adfe22d99d2a8df40897fc5d1e87d3b89b5c43bf04e0583b5ac06,05528f2574dabe71519334bf5f621f288dcbbe8a597e91b171e49c369308ef72,success,EVALUABLE
run-7152938e8b349756d98befc12cc210112396e5da9b608bb8c9117abe17281e82,missing.feature.m3001.n10000.csv,measurement,0,correctness,full_reference,standard,a76bb9458b181500c7bfb9efefcfecfbb019b5a9,tadr-core,0.1.0,proprietary,,a37ec8d336d16dbe4b7a7448071808daaf5e3e0ab03afe3bb7de0ce6882bc31d,1.0,MVP_V1,1.0,1.0.12,354d07d7c83bd6265826bfeea5ad5a8ee1676a77d481616cf99ced47cbfd0b93,6aa17863ff2b8069987221788661451a9897f13368fa4d423eb2c4fdb730514d,cc4e92c3c3fbedf85f28bfe2451ef766896400d08aeac3b926f8fe419ef2b17c,b7b2c6eb7e762388ed8c253e9715acbe8265b24f661541e1d73afaaa696c4445,79f6065bd916d04c5858c31018e36a1676020a22a155f84393bc5d074093a7f6,success,EVALUABLE
run-71cf9e11d4f86967c8c6b579ce73356547a3aa42ed0dca7241df40017f7a5b87,timestamp.time_series.valid0.n10000.pqstr,measurement,0,correctness,full_reference,standard,a76bb9458b181500c7bfb9efefcfecfbb019b5a9,tadr-core,0.1.0,proprietary,,a37ec8d336d16dbe4b7a7448071808daaf5e3e0ab03afe3bb7de0ce6882bc31d,1.0,MVP_V1,1.0,1.0.12,354d07d7c83bd6265826bfeea5ad5a8ee1676a77d481616cf99ced47cbfd0b93,62397640c02d3f6ed322c94a21800efa0975744738ad50fd9b70b4ab8acc8f9a,3336d01864420bf63eb877a82c16999c69cfbe4131ebb68f82cb20b3ced64453,800fc038979c5cf24ff3584d0a9428638b3ea4ff7994566656584e1cc721eba2,d0f951ff55925b9d5fa6f5447962676ddb99e1d8c4bc242378e18be3a524fb2b,success,EVALUABLE
run-73347a998ea74a64726130e84520c91a51b1ec5b6b7a7a986bc76c9ffdfb6921,leak.mapping.r9990.n10000.pqstr,measurement,0,determinism_small,full_reference,timezone_berlin,a76bb9458b181500c7bfb9efefcfecfbb019b5a9,tadr-core,0.1.0,proprietary,,a37ec8d336d16dbe4b7a7448071808daaf5e3e0ab03afe3bb7de0ce6882bc31d,1.0,MVP_V1,1.0,1.0.12,354d07d7c83bd6265826bfeea5ad5a8ee1676a77d481616cf99ced47cbfd0b93,a14a7eca9a67116beaeb2bf5bcce12e22957d2316e54dae8375150a513871888,0f91ced0fb3f4f6fdf7deeb8506c1a6a87cb65857cd138c40d2a843f0a42b586,ad6fe3f43221c4ba377525b8d6571ce833046f7bdc59f35cce37ecb46b06d26b,2c5d0a75623a1baadec7180fd9fb1e5b8ea97a1fcfb96f5a9e4045b79d729d1a,success,EVALUABLE
run-734bb5c08a83fe1bd706bc4d8a6f0186a724217d2f01d048e32d854ccfa32336,missing.target.m0.n10000.csv,measurement,0,correctness,full_reference,standard,a76bb9458b181500c7bfb9efefcfecfbb019b5a9,tadr-core,0.1.0,proprietary,,a37ec8d336d16dbe4b7a7448071808daaf5e3e0ab03afe3bb7de0ce6882bc31d,1.0,MVP_V1,1.0,1.0.12,354d07d7c83bd6265826bfeea5ad5a8ee1676a77d481616cf99ced47cbfd0b93,83706457932174a7358ea2fce9cf29b528f60da7b9db4a34d86c125a24165702,b59e631d5075f198ecbf6d9846ac7d64e599c50da1bf9ecd4122111b36f12e1b,47f3d1a7727698dc2d52483934ca829aed3aeaebfce3f4bbe0ee0113f6ac40b2,e521bdb84008cb3a4fe95b151b6cf50bd711416b716a1303d8f5c17dcbce9f7c,success,EVALUABLE
run-734f33b612d6444c7535fc791394ad359e9675980dbf78615aae007bcf32424f,sampling.duplicate_keys.head.n300000.pqstr,measurement,0,sampling_reference,full_reference,standard,a76bb9458b181500c7bfb9efefcfecfbb019b5a9,tadr-core,0.1.0,proprietary,,a37ec8d336d16dbe4b7a7448071808daaf5e3e0ab03afe3bb7de0ce6882bc31d,1.0,MVP_V1,1.0,1.0.12,354d07d7c83bd6265826bfeea5ad5a8ee1676a77d481616cf99ced47cbfd0b93,e85dd8840425f495d0ac24ac6a4db94513401726fb067fe48b0448be8ab8510c,6bdc7016ba68939e2ad20a8e967f3afcb8012227f4fe94ab445e3032702686ba,606805fd1d8fd2bf9ecbe39732a814b895b231fad5712c7f9815ebd75b0a3949,db99939cd47fe017abb05f4a303fee92802e0b7614671a8aacaebec0c14dd552,success,EVALUABLE
run-74618b8b2df9d1547c8992f108d6e578b24d563071dbaea047251e49e7b3f14d,scale.analytics.n100000.w100.pqnative,measurement,2,scale_regular,scale_default,standard,a76bb9458b181500c7bfb9efefcfecfbb019b5a9,tadr-core,0.1.0,proprietary,,a37ec8d336d16dbe4b7a7448071808daaf5e3e0ab03afe3bb7de0ce6882bc31d,1.0,MVP_V1,1.0,1.0.12,354d07d7c83bd6265826bfeea5ad5a8ee1676a77d481616cf99ced47cbfd0b93,c425a35090df82075b20a582f6a2d3e7a5aaa34576d48bf1ebb2ca198bd1c830,ceb558b73829037b2b7a7ac256c2dc73d687948c9c8c8185a6921ff8a4b58e3f,215f6eb497dd7b203240f93a2f4da2d69e358e95654591b3afb8c4ee25f8c215,0ef6a822e72fa1d543c6b3cfcbccaa61e189c02d0d2a29444897671b691f2e99,success,EVALUABLE
run-755bcd5ed1b81de76a44e7890fae8897333a4b74f065e7135a24b79fe3bde192,leak.control.zero_pairs.n10000.csv,measurement,0,correctness,full_reference,standard,a76bb9458b181500c7bfb9efefcfecfbb019b5a9,tadr-core,0.1.0,proprietary,,a37ec8d336d16dbe4b7a7448071808daaf5e3e0ab03afe3bb7de0ce6882bc31d,1.0,MVP_V1,1.0,1.0.12,354d07d7c83bd6265826bfeea5ad5a8ee1676a77d481616cf99ced47cbfd0b93,411355368a5b5502397b6ca413a3c578047f830b6c0f883b282475e4bf88d5ea,3a2079e942ab91a860e1b947c6cb0c48b55a44f2ecfd145c9b84c8ab2dd4bc7f,94a76bc57f00fc7147f44d83be6066bc91ab645723fea7da1822a524e3d27c1c,489db573fc598331a372382c0aba274f8c1ef1d5140474570e58f9e0ecf4cd86,success,EVALUABLE
run-7566506e949ee1b2c70a8e61bd9374f62b2e8470eaf23bde5e4cf1300287c412,clean.time_series.n10000.pqstr,measurement,0,determinism_small,full_reference,hash_fortytwo,a76bb9458b181500c7bfb9efefcfecfbb019b5a9,tadr-core,0.1.0,proprietary,,a37ec8d336d16dbe4b7a7448071808daaf5e3e0ab03afe3bb7de0ce6882bc31d,1.0,MVP_V1,1.0,1.0.12,354d07d7c83bd6265826bfeea5ad5a8ee1676a77d481616cf99ced47cbfd0b93,8322062e63685b8112167dcb49a36fe157f77e6501ba63e3b7278e359c264d9b,4f838d4abee75cd21df2e8dca33c8ba961ae18c8b65acef38303383a66823ca0,2003b2258425e91889e0dbe0f3d1b8e8fbd5339102ae656beb08dae10b7e672f,0a9462adb4f3a726e0c6c316d28af3c3f3221b362d080fd58c987dd210770d51,success,EVALUABLE
run-75be679d3216772cf0d15c576cb16dcc72cf3d6c2ec7d551a4d11fbc22bdd28c,inference.analytics.superset.n10000.csv,measurement,0,correctness,full_reference,standard,a76bb9458b181500c7bfb9efefcfecfbb019b5a9,tadr-core,0.1.0,proprietary,,a37ec8d336d16dbe4b7a7448071808daaf5e3e0ab03afe3bb7de0ce6882bc31d,1.0,MVP_V1,1.0,1.0.12,354d07d7c83bd6265826bfeea5ad5a8ee1676a77d481616cf99ced47cbfd0b93,ac6fce77676603cc8167ad1d2cfedd7466170c5173396cd0260da0e0016a1d7a,c21bce58aa9857b4c0db0f0b8fc49257115ae1964241cf4ee2484b21c29d7efd,092e5d7185303414a25438bb0bc0d5f65766ac28881bfe5e77acb96d29d804ee,17f6f0a126b771610b729f6a93ed83d066eca2c1258d94731dc2f3bbb103c7ff,success,EVALUABLE
run-76bc2c66d94f7833d2e7d8634ee1c10746eae5ffcac7841391fff2231dfbc621,composite.duplicates_group_group.n10000.csv,measurement,0,correctness,full_reference,standard,a76bb9458b181500c7bfb9efefcfecfbb019b5a9,tadr-core,0.1.0,proprietary,,a37ec8d336d16dbe4b7a7448071808daaf5e3e0ab03afe3bb7de0ce6882bc31d,1.0,MVP_V1,1.0,1.0.12,354d07d7c83bd6265826bfeea5ad5a8ee1676a77d481616cf99ced47cbfd0b93,8156aebc9aee1b85c39f29c90e540e984e0be2ad0293aaed60368e2b636279d6,452b45cfaaf31c21c47a12f2de4e9171c1cfc5a39bf3d0897b47653fe4bd2a4d,e532bbf20bb9dfc9263d584539b85f18ba918f895c5643eb48e611b3c613bcb7,ceac09a797044e2e78305c69563547f3ef2b834208cd998cb5483d51fca437f9,success,EVALUABLE
run-7773310b89f653f368950ccaae953ae6263fd3e44a2b63e9dcac6848a37ea8f5,composite.timestamp_null_random.n10000.csv,measurement,0,correctness,full_reference,standard,a76bb9458b181500c7bfb9efefcfecfbb019b5a9,tadr-core,0.1.0,proprietary,,a37ec8d336d16dbe4b7a7448071808daaf5e3e0ab03afe3bb7de0ce6882bc31d,1.0,MVP_V1,1.0,1.0.12,354d07d7c83bd6265826bfeea5ad5a8ee1676a77d481616cf99ced47cbfd0b93,af7445622cefa81952bddfeb991d74b5c0810bf907b3347ce9259f8c65c02059,b9556fd3ae079f363afb302b58c234a76729f1cf7e8634cf18a480f4c5324ddf,17f46fb192a0851de00d7603e083fb273e62cf5369cef7af708203a991c33ba9,f007e85ddae27b24bcb314ed728d78adfc3e2c7600faa9e8d286611fa77fda51,success,EVALUABLE
run-777e934f3a79cf1883114bea1ed4ff21f49ef11b32e26f17c4e17a016598e278,inference.classification.omit_one.n10000.csv,measurement,0,correctness,full_reference,standard,a76bb9458b181500c7bfb9efefcfecfbb019b5a9,tadr-core,0.1.0,proprietary,,a37ec8d336d16dbe4b7a7448071808daaf5e3e0ab03afe3bb7de0ce6882bc31d,1.0,MVP_V1,1.0,1.0.12,354d07d7c83bd6265826bfeea5ad5a8ee1676a77d481616cf99ced47cbfd0b93,f9761d3ff0fe7d41a5932c72a16eb4335f9a03e250a1d85cc97c62e2b7f230ae,54396f5a0a2e24afc00b12c9f7bfd0fd14c0fa44b46ee52e4811e096e3dce878,56ce133fa0edd9eb44a77aba46b91b3bf8bde4a67d67d9228b1ba8351d06e99b,473c1b5e54bcaa4020cd48756a9bfdc40edb0256e1b035d4cbb70fda064d0176,success,EVALUABLE
run-77a9cd42055926b234b6cf32608caa139af9adc2da0cb9c1c3c2d5c44122e067,sampling.missingness.gaps.n300000.pqstr,measurement,0,sampling_reference,full_reference,standard,a76bb9458b181500c7bfb9efefcfecfbb019b5a9,tadr-core,0.1.0,proprietary,,a37ec8d336d16dbe4b7a7448071808daaf5e3e0ab03afe3bb7de0ce6882bc31d,1.0,MVP_V1,1.0,1.0.12,354d07d7c83bd6265826bfeea5ad5a8ee1676a77d481616cf99ced47cbfd0b93,9f622ce874e747990134b7f86423a4d0b2699b699941b8ef9b20417677820298,e48ec724c6edbbb186ef52ef3f1bded5955f6ac91a4039457dd94ccc8b68f6d5,3b90bfebe0e768a0b84f6f4430049bea44d1dc7a9798d81b46384e1c511f83c2,98b86e17f7fa6c55f85d895e238fe3aefbcdbbf1365927078df9289053b044c0,success,EVALUABLE
run-77d46a4abbf78206ec48fe73ce1eb37c6c71b7ee934effbb00ebbcf2a17249e8,leak.equality.m9989.n10000.csv,measurement,0,correctness,full_reference,standard,a76bb9458b181500c7bfb9efefcfecfbb019b5a9,tadr-core,0.1.0,proprietary,,a37ec8d336d16dbe4b7a7448071808daaf5e3e0ab03afe3bb7de0ce6882bc31d,1.0,MVP_V1,1.0,1.0.12,354d07d7c83bd6265826bfeea5ad5a8ee1676a77d481616cf99ced47cbfd0b93,0adfd399c7d59efe933274f4653242e68d41838c5ca803f1a03bf8c7a76bf363,71554577e985d9859351a940abd0ac19e802f2324e111c68eb3657d80200a663,bac341f17d9df60a922145112930f32b1bd034b65e57a764120474c757d64cc5,c9bd0449e0c7ba11ed9779309b7f97e84edb743bde6270647ac9d057f764c188,success,EVALUABLE
run-78379141d6a8c9596b6ca394844f63bce5e84d3f59b261f931451ef9035e9582,group.time.r501.n10000.csv,measurement,0,correctness,full_reference,standard,a76bb9458b181500c7bfb9efefcfecfbb019b5a9,tadr-core,0.1.0,proprietary,,a37ec8d336d16dbe4b7a7448071808daaf5e3e0ab03afe3bb7de0ce6882bc31d,1.0,MVP_V1,1.0,1.0.12,354d07d7c83bd6265826bfeea5ad5a8ee1676a77d481616cf99ced47cbfd0b93,37851ef81409a4661287350fef9521d94cdbdfbc719502fd9bdf0a000e712bd2,a77d671ef9fa072426ebd2a0b489bde5f2d8b7c1e4bc115e43bc270bd736af5a,49d3d9bfd6a4bbfac915793dc384415d6605a3e65e47d1f45f24cb02a3b3f995,bd218cf9b939eff2ea207fa64904ecc1bde21f916dc2af2aa7f69329f4b84a68,success,EVALUABLE
run-7838c9a84cc7ec1186db2bd63799c0fd0a5e2228c959827c43302a7fc07808f5,missing.feature.m0.n10000.pqstr,measurement,0,correctness,full_reference,standard,a76bb9458b181500c7bfb9efefcfecfbb019b5a9,tadr-core,0.1.0,proprietary,,a37ec8d336d16dbe4b7a7448071808daaf5e3e0ab03afe3bb7de0ce6882bc31d,1.0,MVP_V1,1.0,1.0.12,354d07d7c83bd6265826bfeea5ad5a8ee1676a77d481616cf99ced47cbfd0b93,4a33e947380cec47cee87cf5293f66ed3068084a09e71b22bfca2c90eb78c1a3,c21bce58aa9857b4c0db0f0b8fc49257115ae1964241cf4ee2484b21c29d7efd,5cf27988e1ae3c6b815116bb089b3cdaa5908e0910e613d64ec192d49043e5ad,17f6f0a126b771610b729f6a93ed83d066eca2c1258d94731dc2f3bbb103c7ff,success,EVALUABLE
run-783bd998427469d13bf53ec0a16d2b0fa6fa72f4b2540e0e10c7d84e5b0f2f37,sampling.leakage.head.n300000.pqstr,measurement,0,determinism_sampled,HEAD_STRIDE_V1,standard,a76bb9458b181500c7bfb9efefcfecfbb019b5a9,tadr-core,0.1.0,proprietary,,a37ec8d336d16dbe4b7a7448071808daaf5e3e0ab03afe3bb7de0ce6882bc31d,1.0,MVP_V1,1.0,1.0.12,354d07d7c83bd6265826bfeea5ad5a8ee1676a77d481616cf99ced47cbfd0b93,391ee878f387100813856573a5c36985cb0c9a71b0a90d550ff2764d9fcf3e1f,dbbd4574489e44a2b39ba6fa1a88dd626e04349ed702bd50fc8cb496a303c758,9e190bbc9e80d012e33002628a2aa6b9550dc843afa9163c4192c419f7f30256,77b6da31cfc68fc7ef435fc38d511541410887738dae217ae0579c5de21b9a63,success,EVALUABLE
run-7843aec02df5193a0cbb6f311afb5890a7eb14943a5ae831828de76a597cde35,composite.quality_accumulation_k3.n10000.pqstr,measurement,0,correctness,full_reference,standard,a76bb9458b181500c7bfb9efefcfecfbb019b5a9,tadr-core,0.1.0,proprietary,,a37ec8d336d16dbe4b7a7448071808daaf5e3e0ab03afe3bb7de0ce6882bc31d,1.0,MVP_V1,1.0,1.0.12,354d07d7c83bd6265826bfeea5ad5a8ee1676a77d481616cf99ced47cbfd0b93,99fd3f905b52a236d1429e3bae41fa323988f286525420ddb1d230895d52d6aa,3e5c2e3bc17e51766b3d10f3889453a0ec0506798cd811d8c95c0f92a14d1827,14b797b3a2d4dba91fd1cd72bf80122048057c338399dba12281236bb8ba623a,c81e5e62f60047230ea909c3ff731271e2b51f4bef626f4176f99981f0a5033c,success,EVALUABLE
run-79bef55a6bb68213c6e9868836df203fba75b8fcef60507bc28c812c8cd968a1,duplicate.rows.e501.n10000.pqstr,measurement,0,correctness,full_reference,standard,a76bb9458b181500c7bfb9efefcfecfbb019b5a9,tadr-core,0.1.0,proprietary,,a37ec8d336d16dbe4b7a7448071808daaf5e3e0ab03afe3bb7de0ce6882bc31d,1.0,MVP_V1,1.0,1.0.12,354d07d7c83bd6265826bfeea5ad5a8ee1676a77d481616cf99ced47cbfd0b93,fd4fa087425b4d8f0117863f084636974456ccd13e9822322258a384427c64eb,d32a8ffdc001ab00dbe380ecd53fe31d73a5e4658beaa9ec927e27a89ec831ec,aa9a6ef16ffeab69c090eda08f898d5699b4160e83f9a1e271170d133932e857,b5336dd3f252e0482b5e159d4d213ee8e914bc024bda0159401937d1f381ac73,success,EVALUABLE
run-7a3e8b879aa842403ad9c3917c8d6bb43d240a91c1081540e03fc171b3a54fdf,scale.regression.n100000.w20.pqnative,warmup,0,scale_regular,scale_default,standard,a76bb9458b181500c7bfb9efefcfecfbb019b5a9,tadr-core,0.1.0,proprietary,,a37ec8d336d16dbe4b7a7448071808daaf5e3e0ab03afe3bb7de0ce6882bc31d,1.0,MVP_V1,1.0,1.0.12,354d07d7c83bd6265826bfeea5ad5a8ee1676a77d481616cf99ced47cbfd0b93,8e6e7c0ef2fd7b24cf9a4615190168d53a79bc8779e96b6a89e0b4c8df8aa664,f58e2622e5fe925a2171c7c17ed266c303a06228eaab1a8cc2082fcaaf712443,6084c3a6ea4eda957f2cb2ffb65710427e1736bf4158ca57dbc11705999b730b,76ad09804496c62043e377caec6bd45b8eaedc26f27933df7620fcacc0871d0e,success,EVALUABLE
run-7a488f1910eedd085be782889ae5de47e669a3b478ff476970fc384fd6e3918d,composite.leak_inference.n10000.pqstr,measurement,0,correctness,full_reference,standard,a76bb9458b181500c7bfb9efefcfecfbb019b5a9,tadr-core,0.1.0,proprietary,,a37ec8d336d16dbe4b7a7448071808daaf5e3e0ab03afe3bb7de0ce6882bc31d,1.0,MVP_V1,1.0,1.0.12,354d07d7c83bd6265826bfeea5ad5a8ee1676a77d481616cf99ced47cbfd0b93,3716eaf916af8dbd8851e4e4aa3516d6afeac61b40bd19ae7e1ef29477c1fd86,7beae5f5e03ba7b546d723234810a9cc59feb8e3c481e2e5d40a8b35de190874,0dfd57839347b116f340aa1f8f0c20103eae46916201267ce83e5fd6d67fcbc4,85dcb0817ab35ed3dd1646ee76564cb6400321a2f628ffb0f2310d79b47d6343,success,EVALUABLE
run-7ac71cdd121c478edbac2af4b5aa136c6e3608ab4876408ae70e04f100513ba1,timestamp.time_series.valid8000.n10000.pqstr,measurement,0,correctness,full_reference,standard,a76bb9458b181500c7bfb9efefcfecfbb019b5a9,tadr-core,0.1.0,proprietary,,a37ec8d336d16dbe4b7a7448071808daaf5e3e0ab03afe3bb7de0ce6882bc31d,1.0,MVP_V1,1.0,1.0.12,354d07d7c83bd6265826bfeea5ad5a8ee1676a77d481616cf99ced47cbfd0b93,52c0265226365e7db8902c9be67592134b973a307eabf9f85f9efeb710cad440,f59f718595c5ee90caa230aeeeedbb2523420fcf6222ebde70620ded387cef65,2cfe3b098196a7e22d371020af9b91dacc00424f286cbeafd105ead43c15e879,91e5e6ede082502d37918daec263a8e2cfc9f8cebb4424aa8f68cfecd87a478e,success,EVALUABLE
run-7b61d6589d8dfa1ffdac0ff8418bd25c9078716794272762e980ea281b9497e7,scale.analytics.n100000.w100.csv,measurement,0,scale_regular,scale_default,standard,a76bb9458b181500c7bfb9efefcfecfbb019b5a9,tadr-core,0.1.0,proprietary,,a37ec8d336d16dbe4b7a7448071808daaf5e3e0ab03afe3bb7de0ce6882bc31d,1.0,MVP_V1,1.0,1.0.12,354d07d7c83bd6265826bfeea5ad5a8ee1676a77d481616cf99ced47cbfd0b93,c194f64832ff46467f8a42efb408fcdab34ddf1522eae6dc5553fdda57d6d598,43f04dc8fc4671b93b7fd1fb63e43e3c802c8ff4d922100c41c280d92ec2af8d,11b1ba5aa7ca2c4f6f87f2c7d30bc8466543c49652cf9a93c0b347a4067c7e3b,7345c5f5bb0408df14c171cd739d99bbc56acf10418cba2dda58080cf694451d,success,EVALUABLE
run-7c17c1d74d0dbb5c86e74d5f5472a52a574bcfd8fa190f54603ae7951dbffa82,composite.inference_missing.n10000.csv,measurement,0,correctness,full_reference,standard,a76bb9458b181500c7bfb9efefcfecfbb019b5a9,tadr-core,0.1.0,proprietary,,a37ec8d336d16dbe4b7a7448071808daaf5e3e0ab03afe3bb7de0ce6882bc31d,1.0,MVP_V1,1.0,1.0.12,354d07d7c83bd6265826bfeea5ad5a8ee1676a77d481616cf99ced47cbfd0b93,dc9514ac8ba0b0e79278c948dadfdbb9224a4153478640cd2bb6c499b8481a92,e418aa64fa432af69b69ef9b0bdb0ee7dbcd846291f478f89c3a231bea16ad07,37821e50fdbf3e9e5aec84756f1941f21446ad79d14baad9c7dfed594d9d03d1,8a03cd53a8a9ce7f237074f252eada74ca5a45821fedcfd3b4e77d50778ae23c,success,EVALUABLE
run-7c22d15e743f2b8ab9e3005d53e3915283d4bd5c8597f03d57c1751b522d77b5,sampling.leakage.gaps.n300000.pqstr,measurement,0,sampling_bounded,HEAD_STRIDE_V1,standard,a76bb9458b181500c7bfb9efefcfecfbb019b5a9,tadr-core,0.1.0,proprietary,,a37ec8d336d16dbe4b7a7448071808daaf5e3e0ab03afe3bb7de0ce6882bc31d,1.0,MVP_V1,1.0,1.0.12,354d07d7c83bd6265826bfeea5ad5a8ee1676a77d481616cf99ced47cbfd0b93,ea4253c2294a95629f9dc13de9805976ddabcdcbb392e7324199b1a82c774df3,3d37a6261c5f2dfd2187b3679c76f5deca861a774dd6d6eb94a6cbb3bc7ccb58,3cdcd6bce02514f93f5b582c2313c43e86e0bae1b6f955f9c49e66bc9ed61b9a,37821cb7dc0d56c287c5e175ad569e978a98ac08be856cae98a0687db22258df,success,EVALUABLE
run-7c8230df364cb5bd81c93fa31ac27f559dbf33c482742117874c4f291ec6db60,inference.analytics.omit_one.n10000.pqstr,measurement,0,determinism_small,full_reference,timezone_berlin,a76bb9458b181500c7bfb9efefcfecfbb019b5a9,tadr-core,0.1.0,proprietary,,a37ec8d336d16dbe4b7a7448071808daaf5e3e0ab03afe3bb7de0ce6882bc31d,1.0,MVP_V1,1.0,1.0.12,354d07d7c83bd6265826bfeea5ad5a8ee1676a77d481616cf99ced47cbfd0b93,a7c3e91cddedc578ff4faba06e8cdf7473946c00d616156efcfa1d03333de65d,c21bce58aa9857b4c0db0f0b8fc49257115ae1964241cf4ee2484b21c29d7efd,5cf27988e1ae3c6b815116bb089b3cdaa5908e0910e613d64ec192d49043e5ad,52993d17719a855b9f2fd7291909eb672f8c4155f0b88346a70b0ce100f9bd94,success,EVALUABLE
run-7dbd78311d82ae06070c6c26e147746299bc034b3d7a87777a6f308c89ed15e4,sampling.duplicate_keys.head.n300000.pqstr,measurement,0,sampling_bounded,HEAD_STRIDE_V1,standard,a76bb9458b181500c7bfb9efefcfecfbb019b5a9,tadr-core,0.1.0,proprietary,,a37ec8d336d16dbe4b7a7448071808daaf5e3e0ab03afe3bb7de0ce6882bc31d,1.0,MVP_V1,1.0,1.0.12,354d07d7c83bd6265826bfeea5ad5a8ee1676a77d481616cf99ced47cbfd0b93,e85dd8840425f495d0ac24ac6a4db94513401726fb067fe48b0448be8ab8510c,6bdc7016ba68939e2ad20a8e967f3afcb8012227f4fe94ab445e3032702686ba,606805fd1d8fd2bf9ecbe39732a814b895b231fad5712c7f9815ebd75b0a3949,74e532dcfdc3cc7a56879195ac122967f3aa90211e7aa095f5fa5f11472c81a3,success,EVALUABLE
run-7e49d1a7fbe9e15ee0c9346c9d16e8f71609e7ecbf63f565f8abfcd96851cf1c,missing.target.m100.n10000.pqstr,measurement,1,determinism_small,full_reference,decimal_low,a76bb9458b181500c7bfb9efefcfecfbb019b5a9,tadr-core,0.1.0,proprietary,,a37ec8d336d16dbe4b7a7448071808daaf5e3e0ab03afe3bb7de0ce6882bc31d,1.0,MVP_V1,1.0,1.0.12,354d07d7c83bd6265826bfeea5ad5a8ee1676a77d481616cf99ced47cbfd0b93,8637f6905e96c3b06d75c68a1350e6a00570c0b072e3109dfd398f0221d43a26,dcc05a015dde9480b25b2259b6412b34ef38918193008241097bf0dcabebeb14,3cce36688f0fb571fe95924b2c76becaa4aec429d6a2dbacf7a6523f1774c51d,6e3056cac11814e5a889b2f01999946bf9b3d203a23245a7eacc4fdb2fd17997,success,EVALUABLE
run-7e8778b4acb5ddcbc103ea5741f405e06187feb08dc8a082725a7701a052a4ee,composite.timestamp_random.n10000.csv,measurement,1,determinism_small,full_reference,standard,a76bb9458b181500c7bfb9efefcfecfbb019b5a9,tadr-core,0.1.0,proprietary,,a37ec8d336d16dbe4b7a7448071808daaf5e3e0ab03afe3bb7de0ce6882bc31d,1.0,MVP_V1,1.0,1.0.12,354d07d7c83bd6265826bfeea5ad5a8ee1676a77d481616cf99ced47cbfd0b93,311d2b82f7a04ee6339a115a06983cdb8cea9c65e1ce94b27ddbd32834c45383,4ee0dd77819611eecbe0461587e7efa1ed30d8f4c8cb12f54be452974f7a17b6,310dd96abee2c9259a38a20c167219cb723f46d22fa9ceb7c218425a0b0f3994,3876c7266629585bc723a22d2351d27ea715aa05a0c8a29a8b21adcf1c89cacc,success,EVALUABLE
run-7f1e4a81fde265faa272d359af9955f2db8088e6c769e34b602e306db2841f7f,missing.target.m101.n10000.csv,measurement,0,correctness,full_reference,standard,a76bb9458b181500c7bfb9efefcfecfbb019b5a9,tadr-core,0.1.0,proprietary,,a37ec8d336d16dbe4b7a7448071808daaf5e3e0ab03afe3bb7de0ce6882bc31d,1.0,MVP_V1,1.0,1.0.12,354d07d7c83bd6265826bfeea5ad5a8ee1676a77d481616cf99ced47cbfd0b93,6e08c0d5b82925e1d048343b556becb52f1488373f7901b8f86d4b574e3d854b,9c84f42c7bf199501301ae2a561201647878d2cabdf2121128ef939715fce7fd,1944787f3b7fdf9363baaab77fbfa7b5cf95119d48b999ad476a7dbcc4489a07,32d898b7e952e9f93f6febba889eb860fa41b39933ea1e5905145093f5206523,success,EVALUABLE
run-7fdd87f16ff29e41509dc26d3a1f6b890d1adf1fabb4aa089f016d30c008da62,parse.numeric.f500.n10000.pqstr,measurement,0,correctness,full_reference,standard,a76bb9458b181500c7bfb9efefcfecfbb019b5a9,tadr-core,0.1.0,proprietary,,a37ec8d336d16dbe4b7a7448071808daaf5e3e0ab03afe3bb7de0ce6882bc31d,1.0,MVP_V1,1.0,1.0.12,354d07d7c83bd6265826bfeea5ad5a8ee1676a77d481616cf99ced47cbfd0b93,be2ad11951088ff423ce01328c3bda1a2bd8c522053b26716f0d42b252a71aef,87ec7d0d984e45e541556857cca5f1bfa60439ca2fff4ffbc6ef2794475ad59f,6072d6621dc3fdcd6ac74473e7650666c3760117c907713281eed50ee202679f,ddb4f03b73cdce5720e791f45d562d82ee57fc4ec83bf1a03559420b7b6905dc,success,EVALUABLE
run-7fecc7636f9c97867aeeaedfbc61c611ea5acac9be90d661ce3a3890557f610f,duplicate.rows.e500.n10000.csv,measurement,1,determinism_small,full_reference,hash_fortytwo,a76bb9458b181500c7bfb9efefcfecfbb019b5a9,tadr-core,0.1.0,proprietary,,a37ec8d336d16dbe4b7a7448071808daaf5e3e0ab03afe3bb7de0ce6882bc31d,1.0,MVP_V1,1.0,1.0.12,354d07d7c83bd6265826bfeea5ad5a8ee1676a77d481616cf99ced47cbfd0b93,644dcee9707dec5114f2d81d7a0203e70e474037f8daecee75dee486a0fe8732,266dbcf0f8269bb64d47322d4f374dccecb313c65eb95fb40f83d5356d46531a,d18babeae2628e826903b1cfa7724f03fe9f1f8451d8d8ed5dc4c94175f30cfd,6bf4c3e8e8b5b5acffd3304d13e94e2589e2fda5f5f01317b809b2221c49704a,success,EVALUABLE
run-80b0cdd1bb61ce527c5e7a4bb693bc96a3c0e0e089b4e7e6654a8d8b332ee338,clean.time_series.n10000.pqstr,measurement,0,determinism_small,full_reference,hash_one,a76bb9458b181500c7bfb9efefcfecfbb019b5a9,tadr-core,0.1.0,proprietary,,a37ec8d336d16dbe4b7a7448071808daaf5e3e0ab03afe3bb7de0ce6882bc31d,1.0,MVP_V1,1.0,1.0.12,354d07d7c83bd6265826bfeea5ad5a8ee1676a77d481616cf99ced47cbfd0b93,8322062e63685b8112167dcb49a36fe157f77e6501ba63e3b7278e359c264d9b,4f838d4abee75cd21df2e8dca33c8ba961ae18c8b65acef38303383a66823ca0,2003b2258425e91889e0dbe0f3d1b8e8fbd5339102ae656beb08dae10b7e672f,0a9462adb4f3a726e0c6c316d28af3c3f3221b362d080fd58c987dd210770d51,success,EVALUABLE
run-8168f2a715670c1372a949d3adfbc9a2a1d0705a57bab44502707546135d497a,parse.numeric.f0.n10000.csv,measurement,0,correctness,full_reference,standard,a76bb9458b181500c7bfb9efefcfecfbb019b5a9,tadr-core,0.1.0,proprietary,,a37ec8d336d16dbe4b7a7448071808daaf5e3e0ab03afe3bb7de0ce6882bc31d,1.0,MVP_V1,1.0,1.0.12,354d07d7c83bd6265826bfeea5ad5a8ee1676a77d481616cf99ced47cbfd0b93,8d221246d5be56ba96f06f5a34183a343adc647ddbcddcad943dded9aad6b3eb,c21bce58aa9857b4c0db0f0b8fc49257115ae1964241cf4ee2484b21c29d7efd,092e5d7185303414a25438bb0bc0d5f65766ac28881bfe5e77acb96d29d804ee,17f6f0a126b771610b729f6a93ed83d066eca2c1258d94731dc2f3bbb103c7ff,success,EVALUABLE
run-8183c5e1e0333fbd5e1ad52ce1aa58c1228e0eb077d9a70e20dbc637237c1a6a,sampling.missingness.head.n300000.pqstr,measurement,0,sampling_reference,full_reference,standard,a76bb9458b181500c7bfb9efefcfecfbb019b5a9,tadr-core,0.1.0,proprietary,,a37ec8d336d16dbe4b7a7448071808daaf5e3e0ab03afe3bb7de0ce6882bc31d,1.0,MVP_V1,1.0,1.0.12,354d07d7c83bd6265826bfeea5ad5a8ee1676a77d481616cf99ced47cbfd0b93,7ba6b23c7e26894e76ca095536ca548739a477af7b9ab735e8b7c7abbc99d417,344e356e05574a174881b50a989f7cd5774e534d7b74dfaa6cf11cefbbaec5ce,7257273ea54144673e24dbb1fa79c386aeda3691815c4178654d54122650dbe2,9688e01835f77edbaff970893c760ab5203c97bedeb1381914f8264be320a8b6,success,EVALUABLE
run-81ff9b15b9655ff006fbc88745ce1914d7042b60afb0184dbc2fddcb7c92dae6,scale.analytics.n10000.w300.csv,measurement,0,scale_regular,scale_default,standard,a76bb9458b181500c7bfb9efefcfecfbb019b5a9,tadr-core,0.1.0,proprietary,,a37ec8d336d16dbe4b7a7448071808daaf5e3e0ab03afe3bb7de0ce6882bc31d,1.0,MVP_V1,1.0,1.0.12,354d07d7c83bd6265826bfeea5ad5a8ee1676a77d481616cf99ced47cbfd0b93,ee4e4139328d06acddde566c3178c374e2547e9be930b23052284f53af21de6e,e5640ecdc452b5a48c36bc7fde0179a3d4284e6740b6b1f375f476b4d2dd493c,16485c26e0ddfda499d7c33a20f57085f7f73a1491e6d902c37e8b19b0de4849,388a7405aa19fab70b7b162fedfd587ddc2b7a5dc71c55416b7d8865d1d7440e,success,EVALUABLE
run-831904207446dcb1ca9514d08c83282e7455493b229c25454e6186bd86255b67,timestamp.regression.valid9501.n10000.pqstr,measurement,0,correctness,full_reference,standard,a76bb9458b181500c7bfb9efefcfecfbb019b5a9,tadr-core,0.1.0,proprietary,,a37ec8d336d16dbe4b7a7448071808daaf5e3e0ab03afe3bb7de0ce6882bc31d,1.0,MVP_V1,1.0,1.0.12,354d07d7c83bd6265826bfeea5ad5a8ee1676a77d481616cf99ced47cbfd0b93,12d822362e404c3e6c1fd91ba04fb1a577db81626fc28d01abc53acbfa7bf7c4,ddb6993b1bbe74114351c64fa8301f8c833fdb4f313c8530aca4eb9d6f5684b8,6540ded1b5d739ac67098f0d42bf346928ef785052e787d2ccd7c2cfcd99cd28,697782ae57f33f043d4b2c8efcf6c91e5a0a2be7ceb9b721f9490f6e5ef92abc,success,EVALUABLE
run-83d49e67392e60c84620a688632e6148198ad55a2f88cad5218d3010f2a0143d,duplicate.rows.e500.n10000.csv,measurement,1,determinism_small,full_reference,decimal_high,a76bb9458b181500c7bfb9efefcfecfbb019b5a9,tadr-core,0.1.0,proprietary,,a37ec8d336d16dbe4b7a7448071808daaf5e3e0ab03afe3bb7de0ce6882bc31d,1.0,MVP_V1,1.0,1.0.12,354d07d7c83bd6265826bfeea5ad5a8ee1676a77d481616cf99ced47cbfd0b93,644dcee9707dec5114f2d81d7a0203e70e474037f8daecee75dee486a0fe8732,266dbcf0f8269bb64d47322d4f374dccecb313c65eb95fb40f83d5356d46531a,d18babeae2628e826903b1cfa7724f03fe9f1f8451d8d8ed5dc4c94175f30cfd,6bf4c3e8e8b5b5acffd3304d13e94e2589e2fda5f5f01317b809b2221c49704a,success,EVALUABLE
run-8522bea8317f0c0a6c8f48acc544529ddd4f696b156b7b2639c8a6f3c84df4dd,identifier.measurement.u9799.n10000.pqstr,measurement,0,correctness,full_reference,standard,a76bb9458b181500c7bfb9efefcfecfbb019b5a9,tadr-core,0.1.0,proprietary,,a37ec8d336d16dbe4b7a7448071808daaf5e3e0ab03afe3bb7de0ce6882bc31d,1.0,MVP_V1,1.0,1.0.12,354d07d7c83bd6265826bfeea5ad5a8ee1676a77d481616cf99ced47cbfd0b93,80a26aaf4de2144b653a0b9fc70ede8b4d515cfe07a7313bf39b59fb96e1fd2f,dfcdeb6772a333534c0f8237f31be045393e93273092b475e2a4ee876bd92143,036b8968c9c386c963ce89e584d1ca8207fabe77ba2c1f2b3eae79c889a4fc05,727bf58fa2243dfebafe5bc94708f6fb9597fea97b6a8b623043c2a328ef5f36,success,EVALUABLE
run-85d7bbb05992ed0c83885ddc9dc6eabebea059c6ad56ceed3b3f247171c3cd30,sampling.duplicate_rows.gaps.n300000.pqstr,measurement,1,determinism_sampled,HEAD_STRIDE_V1,timezone_berlin,a76bb9458b181500c7bfb9efefcfecfbb019b5a9,tadr-core,0.1.0,proprietary,,a37ec8d336d16dbe4b7a7448071808daaf5e3e0ab03afe3bb7de0ce6882bc31d,1.0,MVP_V1,1.0,1.0.12,354d07d7c83bd6265826bfeea5ad5a8ee1676a77d481616cf99ced47cbfd0b93,3023f1ab50b0238fb78ded29f1e5fe537251eeefe145fe3c5511c463f5fb2529,dca64ab915085ef54aab1c6005cb3ae0bb6e1e653f1cdd4e56567b1dc62b6214,4f4537d8606299c589e3d4d73210dd25314804effe7dddd293de8fd398cb5333,2172640162e2476eed3814dbe606c92dcd731a341f047492d889141823258cca,success,EVALUABLE
run-864dc70e2d5311495d5d949f2cbd305b4b76de919e084b70a3745e2d26b1688d,duplicate.keys.e9.n10000.pqstr,measurement,0,correctness,full_reference,standard,a76bb9458b181500c7bfb9efefcfecfbb019b5a9,tadr-core,0.1.0,proprietary,,a37ec8d336d16dbe4b7a7448071808daaf5e3e0ab03afe3bb7de0ce6882bc31d,1.0,MVP_V1,1.0,1.0.12,354d07d7c83bd6265826bfeea5ad5a8ee1676a77d481616cf99ced47cbfd0b93,0bdf899f762c9595dd4754a39879aee05aaca6689ed744da7602ce520d39b4a9,54e998cb448b4bec97339184f84c3453b94f9a2bb8cb68555fda8c32943e75b6,969b1872b726a71a10dd51b0eff68d1733fcaa660637fbb602bfa48d2bfaab1f,d07c7502bf646b4d7de1cc01fc5542de5a23d2108f3141c72dcfa25a10834074,success,EVALUABLE
run-876226283638d7621e549cbf204237a4d5b506a288b88eb8b210a3fdbf4af6d8,scale.analytics.n10000.w300.csv,measurement,1,scale_regular,scale_default,standard,a76bb9458b181500c7bfb9efefcfecfbb019b5a9,tadr-core,0.1.0,proprietary,,a37ec8d336d16dbe4b7a7448071808daaf5e3e0ab03afe3bb7de0ce6882bc31d,1.0,MVP_V1,1.0,1.0.12,354d07d7c83bd6265826bfeea5ad5a8ee1676a77d481616cf99ced47cbfd0b93,ee4e4139328d06acddde566c3178c374e2547e9be930b23052284f53af21de6e,e5640ecdc452b5a48c36bc7fde0179a3d4284e6740b6b1f375f476b4d2dd493c,16485c26e0ddfda499d7c33a20f57085f7f73a1491e6d902c37e8b19b0de4849,388a7405aa19fab70b7b162fedfd587ddc2b7a5dc71c55416b7d8865d1d7440e,success,EVALUABLE
run-87bcbf6231f1a9f9885d012ac350223578e464841dcb11fb3f790f4ff6d9e17f,sampling.duplicate_rows.gaps.n300000.pqstr,measurement,1,determinism_sampled,HEAD_STRIDE_V1,standard,a76bb9458b181500c7bfb9efefcfecfbb019b5a9,tadr-core,0.1.0,proprietary,,a37ec8d336d16dbe4b7a7448071808daaf5e3e0ab03afe3bb7de0ce6882bc31d,1.0,MVP_V1,1.0,1.0.12,354d07d7c83bd6265826bfeea5ad5a8ee1676a77d481616cf99ced47cbfd0b93,3023f1ab50b0238fb78ded29f1e5fe537251eeefe145fe3c5511c463f5fb2529,dca64ab915085ef54aab1c6005cb3ae0bb6e1e653f1cdd4e56567b1dc62b6214,4f4537d8606299c589e3d4d73210dd25314804effe7dddd293de8fd398cb5333,2172640162e2476eed3814dbe606c92dcd731a341f047492d889141823258cca,success,EVALUABLE
run-881c5b1c3179a292ab2ad94e087b4bedd1bc5ffda47eb9b93621d7be1d512abf,class.binary.min199.n10000.pqstr,measurement,0,correctness,full_reference,standard,a76bb9458b181500c7bfb9efefcfecfbb019b5a9,tadr-core,0.1.0,proprietary,,a37ec8d336d16dbe4b7a7448071808daaf5e3e0ab03afe3bb7de0ce6882bc31d,1.0,MVP_V1,1.0,1.0.12,354d07d7c83bd6265826bfeea5ad5a8ee1676a77d481616cf99ced47cbfd0b93,9537eda6fbc9ee7b65cf0fa925933e440df48dd066a8f063d12f7954e520e0f0,07bd947267dd3c9b649483a2367af9f53410868e53c80d2dbca12392ba397009,dd09016cb24ec2639912f3a7985b289ccda4dc2873254daba730e5d9eef49ae7,9dfe1664bec0bdcf66f5ad8d10ed040e7cedfaeb8df34a16cf077a330401f0bd,success,EVALUABLE
run-884a95379e92bfb489322030250f2631776d338414ccb4c58ddf28a037a35406,scale.regression.n1000000.w20.pqnative,warmup,0,scale_regular,scale_default,standard,a76bb9458b181500c7bfb9efefcfecfbb019b5a9,tadr-core,0.1.0,proprietary,,a37ec8d336d16dbe4b7a7448071808daaf5e3e0ab03afe3bb7de0ce6882bc31d,1.0,MVP_V1,1.0,1.0.12,354d07d7c83bd6265826bfeea5ad5a8ee1676a77d481616cf99ced47cbfd0b93,205013dcbbd91507f7d11188d01e3261a824fb56a978e4601f93182086e5ed80,10ebf96b1cbab97559b91207ba48ba90372877a7bd3ed455b32a8ffc576296f7,4a1bd7ef53253a94b8c2aec43ecb776b0ea18ba483a0ed14f15f871e9e4f9640,1ac03770c5d28d2fa24ac6a48086b328527896ca5d386eed0e88ab8f6655a58e,success,EVALUABLE
run-884acadab78297496fd401ce78c311f1cd4d047c0cc7d07ab90c3139370bc13b,missing.feature.m1000.n10000.csv,measurement,0,correctness,full_reference,standard,a76bb9458b181500c7bfb9efefcfecfbb019b5a9,tadr-core,0.1.0,proprietary,,a37ec8d336d16dbe4b7a7448071808daaf5e3e0ab03afe3bb7de0ce6882bc31d,1.0,MVP_V1,1.0,1.0.12,354d07d7c83bd6265826bfeea5ad5a8ee1676a77d481616cf99ced47cbfd0b93,4ab63977bac2b911d218adc3ab6548109d838d24d29b6d490ebd41882fedd0b2,3b278af379d073b61f82a4f0f2c687227c677af5e9fdcd5391e6ef9fe5cde880,2a6b682d81ffe4f52f0ba4ce336258780f32545277faa5633fddc9742ed6b50c,564b9eaef9645ef19076455daa29ddd6169d54b947e78ff9cfed742301f58ec1,success,EVALUABLE
run-8855b8060d8301a45fe589be63266d0b2cd438916d385762f1407d36362ff6d3,leak.control.numeric_normalization.n10000.pqstr,measurement,0,correctness,full_reference,standard,a76bb9458b181500c7bfb9efefcfecfbb019b5a9,tadr-core,0.1.0,proprietary,,a37ec8d336d16dbe4b7a7448071808daaf5e3e0ab03afe3bb7de0ce6882bc31d,1.0,MVP_V1,1.0,1.0.12,354d07d7c83bd6265826bfeea5ad5a8ee1676a77d481616cf99ced47cbfd0b93,857083a8abe47f20091fd1f07922a1958c7789f7e1a625ae1aa3b21e2b1157e9,7b98df75c89ff963f5755a2561295d4cac55445e44586559b9b66d311851b5dd,03afae7485a4c3a71ff8aec3dd21dfa9b7f040f4ff285b6ebfc4687204ce8f4a,f5cbe15c76ef15d72dead8fcc88e83b7a2445182b4b5fe88a7d8fe55b611b239,success,EVALUABLE
run-8883aaf234599a7e9bde958d58ffa592f82a0eb0fd7364f287ef054c0d55f9f8,negative.declared_id.n10000.csv,measurement,0,correctness,full_reference,standard,a76bb9458b181500c7bfb9efefcfecfbb019b5a9,tadr-core,0.1.0,proprietary,,a37ec8d336d16dbe4b7a7448071808daaf5e3e0ab03afe3bb7de0ce6882bc31d,1.0,MVP_V1,1.0,1.0.12,354d07d7c83bd6265826bfeea5ad5a8ee1676a77d481616cf99ced47cbfd0b93,83303ddb96ec6e5971ae47ee39a227aeb890966899c745b1917658b7d93dd5df,32a474f4a16937ef71b57fabb544b04c59782fb746e16d951e740efa6ccda095,5dd6af040cb35f9bcb691c7081a7b67d4c9760aec57150d95b1e34893ae0c2dd,371961cb886e91247b7fa265cb1f14ff6557341bb03c5f6f86d132b5ddf3bcd0,success,EVALUABLE
run-88afcf92bb07e35ea101c6df7c291bb7d0a6f1c2f501be2592d7bbdc7f90d2a2,leak.mapping.r9991.n10000.pqstr,measurement,0,correctness,full_reference,standard,a76bb9458b181500c7bfb9efefcfecfbb019b5a9,tadr-core,0.1.0,proprietary,,a37ec8d336d16dbe4b7a7448071808daaf5e3e0ab03afe3bb7de0ce6882bc31d,1.0,MVP_V1,1.0,1.0.12,354d07d7c83bd6265826bfeea5ad5a8ee1676a77d481616cf99ced47cbfd0b93,c6b3675a2e4c84a72fe561f02f554a5c7e38fb2a1bbe85033801a11560c793ec,71abeed363ea65af5b6678bb908255d11551219aff91338be790e7151ecf5547,78f2db4a5682c3536c1fbb280f893cdbd11d5cd49ee64ac35796e6f888bdef3e,7c644f728ec5c4acbf821dceddf14811b326aab83199cc5445a46e032a761344,success,EVALUABLE
run-88de6a4860032ec374f14c3ed325eeedbe8fc87bccf66c84c7d592ed99573ebf,parse.numeric.f2000.n10000.csv,measurement,0,correctness,full_reference,standard,a76bb9458b181500c7bfb9efefcfecfbb019b5a9,tadr-core,0.1.0,proprietary,,a37ec8d336d16dbe4b7a7448071808daaf5e3e0ab03afe3bb7de0ce6882bc31d,1.0,MVP_V1,1.0,1.0.12,354d07d7c83bd6265826bfeea5ad5a8ee1676a77d481616cf99ced47cbfd0b93,4a021d6aaaba4f90408e64ba05f97f206b2543f7a5d1cd5b10a5458c11259e85,a86f1ab0959bf59ea67aaf99d26ee2f5bc60a1e8dc3d4628f204f27e4a9bf5e7,1e3f68b2741c3e7e469e5870b2d5a988b262fbc319ef7addd7e3e7f8e55517ad,05e5eb1453d798b410812b1e7811b9936ccea6ef1376c03ad6a3e34ae108827a,success,EVALUABLE
run-89c907e1359d5c867d3bd05e4c32de103fa742ff2181b6eea83ebe3f6d02cf02,composite.timestamp_null_random.n10000.pqstr,measurement,0,correctness,full_reference,standard,a76bb9458b181500c7bfb9efefcfecfbb019b5a9,tadr-core,0.1.0,proprietary,,a37ec8d336d16dbe4b7a7448071808daaf5e3e0ab03afe3bb7de0ce6882bc31d,1.0,MVP_V1,1.0,1.0.12,354d07d7c83bd6265826bfeea5ad5a8ee1676a77d481616cf99ced47cbfd0b93,cb73e7110bf76ca7f178953757d243cc7eec874dd88f19d71fd7c5c3dc12ba47,b9556fd3ae079f363afb302b58c234a76729f1cf7e8634cf18a480f4c5324ddf,9c062e4b318db9c875d5cfe6135bd1e179ab37db978a049bfed0ef92abf08235,7615e1d82cd5fa8d2f573038e77e2037eb60dfce5fbd658d8fc41163ba659119,success,EVALUABLE
run-8a40bd3ee5ab16ac13b3bd0b9b9b3158a547b713dec32b059c04d83aa3b5cc1d,group.group.r499.n10000.pqstr,measurement,0,correctness,full_reference,standard,a76bb9458b181500c7bfb9efefcfecfbb019b5a9,tadr-core,0.1.0,proprietary,,a37ec8d336d16dbe4b7a7448071808daaf5e3e0ab03afe3bb7de0ce6882bc31d,1.0,MVP_V1,1.0,1.0.12,354d07d7c83bd6265826bfeea5ad5a8ee1676a77d481616cf99ced47cbfd0b93,88107db2cd33896bbd106245cd41917ec14c65ccd21a759f30f40e580f1c97b0,834fc0f1017f05357a59ed6a4b4d16ac21c70bf8e27a81817f077b7272c456e7,f48d57bcb0c9976683494238a94eca24b4fb71b7de288b5e0feb97522bc5aea0,ffce9fc3a311cc419388572337945e574c746f94962c2d09db46503e4e868a22,success,EVALUABLE
run-8a57af5bb0e405dc71d158cb052479734283a09846afda27a39811ca18162475,group.random.r2000.n10000.csv,measurement,0,determinism_small,full_reference,decimal_low,a76bb9458b181500c7bfb9efefcfecfbb019b5a9,tadr-core,0.1.0,proprietary,,a37ec8d336d16dbe4b7a7448071808daaf5e3e0ab03afe3bb7de0ce6882bc31d,1.0,MVP_V1,1.0,1.0.12,354d07d7c83bd6265826bfeea5ad5a8ee1676a77d481616cf99ced47cbfd0b93,a7f2fa480a475a37fb77b449eadfbae99f0032003e6d3a9842f7a9094f231350,9594c53132cc5da7b983625018f02ce64e675a692247ea4230159680b2043661,1040d9b90d3d9437d2a8098d9f531add44dbfe183cadbbd17238e7cb126449f8,e2fbfbeaeabda936db187cf8d6b6f5ed419464b327427b2894a0dd2309238694,success,EVALUABLE
run-8b4694cc4e12597c73572acc6e3858b8a00d8340dc83e169f9b9da4c3d7b5046,timestamp.regression.valid9500.n10000.csv,measurement,0,correctness,full_reference,standard,a76bb9458b181500c7bfb9efefcfecfbb019b5a9,tadr-core,0.1.0,proprietary,,a37ec8d336d16dbe4b7a7448071808daaf5e3e0ab03afe3bb7de0ce6882bc31d,1.0,MVP_V1,1.0,1.0.12,354d07d7c83bd6265826bfeea5ad5a8ee1676a77d481616cf99ced47cbfd0b93,c6934019b5a6323f13f3f5cdb120d15264a0cd13dc690e2ee0f371870bce1d83,45312665247d36bd5c1ef1abd90db9774a4360b7ad67689b133655bb5ec1bf75,e95529ef05a0277e9d4677f866ba30a57c13003501c50a02100599a02b347720,6d610bf35bbda74a4676ba92467a5870073ed3ebfe8a77095f739353407675f8,success,EVALUABLE
run-8b6e933e4602016d4efbd9acbd529e2348789808fb877bf5e9c3f6ccd12116b1,scale.analytics.n5000000.w20.pqnative,measurement,1,scale_large,scale_default,standard,a76bb9458b181500c7bfb9efefcfecfbb019b5a9,tadr-core,0.1.0,proprietary,,a37ec8d336d16dbe4b7a7448071808daaf5e3e0ab03afe3bb7de0ce6882bc31d,1.0,MVP_V1,1.0,1.0.12,354d07d7c83bd6265826bfeea5ad5a8ee1676a77d481616cf99ced47cbfd0b93,3a49a95d33dda5d505c3f49524b052a16743eb2a4fc9f915c163b96e622c3e37,ccb061f53b66ea350840f04e0d0cc89f80b53ce3857da402a7eb027d392d58e3,1467186e205aad4bf510f8bcc292afcaef63d4735a709d06aee047dee91f30bd,c6e05041460a4cc594f309f6fb67f8610118ad0d304cfc8bf123e06538ae9fdd,success,EVALUABLE
run-8b7ecc2bbca6bfcc15be2885745594e0f5767a6a84c222e5694a4678be87e8b2,scale.analytics.n10000.w20.pqnative,warmup,0,scale_regular,scale_default,standard,a76bb9458b181500c7bfb9efefcfecfbb019b5a9,tadr-core,0.1.0,proprietary,,a37ec8d336d16dbe4b7a7448071808daaf5e3e0ab03afe3bb7de0ce6882bc31d,1.0,MVP_V1,1.0,1.0.12,354d07d7c83bd6265826bfeea5ad5a8ee1676a77d481616cf99ced47cbfd0b93,6442fc0d239603b112473fa20eebb358a111f94c63287e53759f219b03ad238d,24ff9ced210c268e93fdabb97820844dcc68c3edc4897def7fe688b559417589,bfd9e0bf58847a40751bb70011c38f39620504198c085e10c56e1904bef1ae87,ef2a2d5b7585e1216bb537912e27642a0e7256d7df2e0cf0c71319712b1bcb70,success,EVALUABLE
run-8b81346afd4a37b0614943f2b267b33eaf871f3412d1a63be9d47b4f6ea0564f,scale.analytics.n100000.w100.csv,warmup,0,scale_regular,scale_default,standard,a76bb9458b181500c7bfb9efefcfecfbb019b5a9,tadr-core,0.1.0,proprietary,,a37ec8d336d16dbe4b7a7448071808daaf5e3e0ab03afe3bb7de0ce6882bc31d,1.0,MVP_V1,1.0,1.0.12,354d07d7c83bd6265826bfeea5ad5a8ee1676a77d481616cf99ced47cbfd0b93,c194f64832ff46467f8a42efb408fcdab34ddf1522eae6dc5553fdda57d6d598,43f04dc8fc4671b93b7fd1fb63e43e3c802c8ff4d922100c41c280d92ec2af8d,11b1ba5aa7ca2c4f6f87f2c7d30bc8466543c49652cf9a93c0b347a4067c7e3b,7345c5f5bb0408df14c171cd739d99bbc56acf10418cba2dda58080cf694451d,success,EVALUABLE
run-8b883dd6bc8567c072a83d17147351dbf176ae4f976916820d17d20b74722c4a,group.group.r2001.n10000.pqstr,measurement,0,correctness,full_reference,standard,a76bb9458b181500c7bfb9efefcfecfbb019b5a9,tadr-core,0.1.0,proprietary,,a37ec8d336d16dbe4b7a7448071808daaf5e3e0ab03afe3bb7de0ce6882bc31d,1.0,MVP_V1,1.0,1.0.12,354d07d7c83bd6265826bfeea5ad5a8ee1676a77d481616cf99ced47cbfd0b93,4a93a9d659c895a113facfc0b1ecf7831f7547523268beef5d557035c42e914c,b36021425ce74872e98ee6822c364aba21b8484209764fd4b61f0891fc99dd52,6edd39c18c322550e8a6e58ca78b29048965d87228d880e49f279db097b184e3,229cde6564302e02928dbd759fadde8d493602c162cb6e99ac31d70a6b9efb30,success,EVALUABLE
run-8bfa75fe6886503b1ab1038dae6a45c8ca94a017a1ee6e9c74d9b6706e17b58d,group.group.r500.n10000.pqstr,measurement,0,correctness,full_reference,standard,a76bb9458b181500c7bfb9efefcfecfbb019b5a9,tadr-core,0.1.0,proprietary,,a37ec8d336d16dbe4b7a7448071808daaf5e3e0ab03afe3bb7de0ce6882bc31d,1.0,MVP_V1,1.0,1.0.12,354d07d7c83bd6265826bfeea5ad5a8ee1676a77d481616cf99ced47cbfd0b93,1379dc4f46959e3527d88e059db317d18ff272a7575afde8ecb1ff2e884cec4b,9898ed8c601f1db31b01873937bae14b7eae36e79b63c2025320102fbaeb0cf7,7fd1e7d9cec9b87119257e52965e181d76efc7357b43c987ccd5b8b9c3909309,2518cd70752bc72fb0f473716c6c2f859997f75d075ff7a311382c10ba51f6fe,success,EVALUABLE
run-8c090c338e4e93e3539c77cdfa792a883a07a32b9c13acb663c47a944300ff67,sampling.missingness.tail.n300000.pqstr,measurement,0,sampling_reference,full_reference,standard,a76bb9458b181500c7bfb9efefcfecfbb019b5a9,tadr-core,0.1.0,proprietary,,a37ec8d336d16dbe4b7a7448071808daaf5e3e0ab03afe3bb7de0ce6882bc31d,1.0,MVP_V1,1.0,1.0.12,354d07d7c83bd6265826bfeea5ad5a8ee1676a77d481616cf99ced47cbfd0b93,b31757a498978b6e1cc530a3dfb25e1b742d7638dc476154f921df55acd35cec,070ead6eaae53d996e8d8740da8d355f43b33f5b57633b0cc3647ec3b27eb8b9,56bd48a8da47056bc9812f99a884990201e968211645aa3b7a0411e1662d98fd,0773a68ee69821bb1ae653a9935d4cab12ad79b65cddc1769888a1ee14c4d14b,success,EVALUABLE
run-8c0fa997bef9126b33c40dea8de585500d4fe229663444acef508aef855aba17,group.random.r2000.n10000.csv,measurement,1,determinism_small,full_reference,decimal_high,a76bb9458b181500c7bfb9efefcfecfbb019b5a9,tadr-core,0.1.0,proprietary,,a37ec8d336d16dbe4b7a7448071808daaf5e3e0ab03afe3bb7de0ce6882bc31d,1.0,MVP_V1,1.0,1.0.12,354d07d7c83bd6265826bfeea5ad5a8ee1676a77d481616cf99ced47cbfd0b93,a7f2fa480a475a37fb77b449eadfbae99f0032003e6d3a9842f7a9094f231350,9594c53132cc5da7b983625018f02ce64e675a692247ea4230159680b2043661,1040d9b90d3d9437d2a8098d9f531add44dbfe183cadbbd17238e7cb126449f8,e2fbfbeaeabda936db187cf8d6b6f5ed419464b327427b2894a0dd2309238694,success,EVALUABLE
run-8c2f530066c43292ee1b96a4796614f29a279e0db45b4332644e4372e3e86bdc,leak.mapping.r10000.n10000.pqstr,measurement,0,correctness,full_reference,standard,a76bb9458b181500c7bfb9efefcfecfbb019b5a9,tadr-core,0.1.0,proprietary,,a37ec8d336d16dbe4b7a7448071808daaf5e3e0ab03afe3bb7de0ce6882bc31d,1.0,MVP_V1,1.0,1.0.12,354d07d7c83bd6265826bfeea5ad5a8ee1676a77d481616cf99ced47cbfd0b93,5ae8e9057f723d8a1b775bea9d90b033896933239ff335d24426ce08c89df725,a23b3936fd9682a5eb71110a728452e4a7fa2497b3b22c38cc303c1ce48ddc5c,4fea831b8d1811e006db001cfb644b672d86fc2ba542b6447fea2cf4dc38c3db,5d279beaeaad4e077cc1f2ba285b5ae6ada07c05096127d8696dd5e7ff7665ef,success,EVALUABLE
run-8c9aa44921722d7a495cf643e939926d897b389f9b56657610a00473642e7b6e,scale.analytics.n100000.w20.csv,measurement,1,scale_regular,scale_default,standard,a76bb9458b181500c7bfb9efefcfecfbb019b5a9,tadr-core,0.1.0,proprietary,,a37ec8d336d16dbe4b7a7448071808daaf5e3e0ab03afe3bb7de0ce6882bc31d,1.0,MVP_V1,1.0,1.0.12,354d07d7c83bd6265826bfeea5ad5a8ee1676a77d481616cf99ced47cbfd0b93,47e2a863c7a694dd2451d632de0af1b6fffc233ee254a444ff4be1c565f51ea2,440919d1c96ea48c6d2c07b5e0155d74db5dc760df2e857b1f3367b7c92e7a68,cdea3a53f3218d6a0305efb64896e6250b049e2f5483d27f12571b8787cd0a7a,edc465bd6dbdbac0d20c629fef72972caf6f97ffba6bded92c029e2d17d2d1d7,success,EVALUABLE
run-8caa010d2fd04b8bedd341235d93f6319734bcfb3bac04c21e61cb9d588368a2,duplicate.keys.e100.n10000.pqstr,measurement,1,determinism_small,full_reference,hash_fortytwo,a76bb9458b181500c7bfb9efefcfecfbb019b5a9,tadr-core,0.1.0,proprietary,,a37ec8d336d16dbe4b7a7448071808daaf5e3e0ab03afe3bb7de0ce6882bc31d,1.0,MVP_V1,1.0,1.0.12,354d07d7c83bd6265826bfeea5ad5a8ee1676a77d481616cf99ced47cbfd0b93,d4771be5474988df57cf885b339f6604b0599e5ce1b21751eb597aadcf7c8b49,a3f9bf2b671cb66ea52c1a6259c86cba85f0283264edff978e40352e6732e2da,1d4438ddaf9b6339e1c52deb4a6313aa48f2e91f654f85a160312f334854a8d7,56f2229a8d01fcb7d81254381995d51f850d00b858e94ec88623316d89bfad29,success,EVALUABLE
run-8cf657ae2ec18184e8b4fae9b0689a54091bd11888fcbd62d82936e713ccb529,sampling.parse.head.n300000.pqstr,measurement,0,sampling_reference,full_reference,standard,a76bb9458b181500c7bfb9efefcfecfbb019b5a9,tadr-core,0.1.0,proprietary,,a37ec8d336d16dbe4b7a7448071808daaf5e3e0ab03afe3bb7de0ce6882bc31d,1.0,MVP_V1,1.0,1.0.12,354d07d7c83bd6265826bfeea5ad5a8ee1676a77d481616cf99ced47cbfd0b93,d781f1fa6dee28f97442308d3a5c0ad7d760698f04dc16f99fc8bb3f25d2543f,5797bed75e5474c0d6c4a3690b428ac79464b580113f7d1cc44af0e513038575,2beac78d4754d6ab564c33200a89ca3ab4d9d06813f745de97d3ef9f8a6eb451,9761b33d5ee5f74a0d4767141fcbf4ab5ea113bdcbff9702aac0cd9261c8edb2,success,EVALUABLE
run-8d058e8846574b3f9db2c8c97d40f39a3d36fe22e8d1a883e3b1364554948481,sampling.class_rare.gaps.n300000.pqstr,measurement,0,sampling_reference,full_reference,standard,a76bb9458b181500c7bfb9efefcfecfbb019b5a9,tadr-core,0.1.0,proprietary,,a37ec8d336d16dbe4b7a7448071808daaf5e3e0ab03afe3bb7de0ce6882bc31d,1.0,MVP_V1,1.0,1.0.12,354d07d7c83bd6265826bfeea5ad5a8ee1676a77d481616cf99ced47cbfd0b93,1af24852ccfa081135db21aa803362a7cd05fb76fe42d11dd853db036c48a1a9,eb92abbcb3e38887f890431a1b31865f3b3030186394a00d3da39061576dcbf8,31538df9b0dea59bcc98d41ff67a1d60d5caed7193a540cd216ad36b46385867,b9546d759c9a06fc68d3293885885cab768803deeebfd0ff5b4cf207d2ab65c2,success,EVALUABLE
run-8f2296928b96a3497aea6735b1102b69b4f23194bc6c2eeb2b65d2135b65ea4e,timestamp.regression.valid0.n10000.csv,measurement,0,correctness,full_reference,standard,a76bb9458b181500c7bfb9efefcfecfbb019b5a9,tadr-core,0.1.0,proprietary,,a37ec8d336d16dbe4b7a7448071808daaf5e3e0ab03afe3bb7de0ce6882bc31d,1.0,MVP_V1,1.0,1.0.12,354d07d7c83bd6265826bfeea5ad5a8ee1676a77d481616cf99ced47cbfd0b93,5093f3fef254429fd5571183fcf99cecbe4a252e39532b56412b1b209cc6f27d,3336d01864420bf63eb877a82c16999c69cfbe4131ebb68f82cb20b3ced64453,d16ff9f9651f2c15b83c2020f71d6db25cb6d1f9f93719705dc7dab17222cf38,64f84e8884f04ae9171856945ea8824fd1ba91f0d5d7cfb004c4f7362ea2fae4,success,EVALUABLE
run-8ff8b488b40e632d1ec6bbf51cb70ae10673ecd11d7321345f691abf61023a34,sampling.duplicate_keys.gaps.n300000.pqstr,measurement,0,sampling_bounded,HEAD_STRIDE_V1,standard,a76bb9458b181500c7bfb9efefcfecfbb019b5a9,tadr-core,0.1.0,proprietary,,a37ec8d336d16dbe4b7a7448071808daaf5e3e0ab03afe3bb7de0ce6882bc31d,1.0,MVP_V1,1.0,1.0.12,354d07d7c83bd6265826bfeea5ad5a8ee1676a77d481616cf99ced47cbfd0b93,f300a94650c09dc4ce1c677488a4f0ddc6418939dfdafa452fd2be3c74aab48c,5597fee7c3dde729695ce5c329e6836d3018c375806faf60ff970a552f321446,cfa342d4a80ee9263204fa1c7f6842bf1f95b02ed7185d10bf25dd252e290099,44075741eb057b624803218d026d25fce0d987caa9ddf4c91712b424fb974ce8,success,EVALUABLE
run-8ff9ec5e4180d327fe3582275864e802ebaec4c8af8b804f61bda0029631b0d7,sampling.leakage.head.n300000.pqstr,measurement,1,determinism_sampled,HEAD_STRIDE_V1,hash_one,a76bb9458b181500c7bfb9efefcfecfbb019b5a9,tadr-core,0.1.0,proprietary,,a37ec8d336d16dbe4b7a7448071808daaf5e3e0ab03afe3bb7de0ce6882bc31d,1.0,MVP_V1,1.0,1.0.12,354d07d7c83bd6265826bfeea5ad5a8ee1676a77d481616cf99ced47cbfd0b93,391ee878f387100813856573a5c36985cb0c9a71b0a90d550ff2764d9fcf3e1f,dbbd4574489e44a2b39ba6fa1a88dd626e04349ed702bd50fc8cb496a303c758,9e190bbc9e80d012e33002628a2aa6b9550dc843afa9163c4192c419f7f30256,77b6da31cfc68fc7ef435fc38d511541410887738dae217ae0579c5de21b9a63,success,EVALUABLE
run-900fd66221be2d8feae0b00d67c1e39746a10e3a26fb4162ff17e31eda10cfbe,sampling.duplicate_rows.gaps.n300000.pqstr,measurement,0,determinism_sampled,HEAD_STRIDE_V1,decimal_high,a76bb9458b181500c7bfb9efefcfecfbb019b5a9,tadr-core,0.1.0,proprietary,,a37ec8d336d16dbe4b7a7448071808daaf5e3e0ab03afe3bb7de0ce6882bc31d,1.0,MVP_V1,1.0,1.0.12,354d07d7c83bd6265826bfeea5ad5a8ee1676a77d481616cf99ced47cbfd0b93,3023f1ab50b0238fb78ded29f1e5fe537251eeefe145fe3c5511c463f5fb2529,dca64ab915085ef54aab1c6005cb3ae0bb6e1e653f1cdd4e56567b1dc62b6214,4f4537d8606299c589e3d4d73210dd25314804effe7dddd293de8fd398cb5333,2172640162e2476eed3814dbe606c92dcd731a341f047492d889141823258cca,success,EVALUABLE
run-905362bfa0e9b45ea45ebb4c8b7b2043e12c5e5f407676453d885165bab6eb9a,sampling.class_boundary.tail.n300000.pqstr,measurement,0,sampling_reference,full_reference,standard,a76bb9458b181500c7bfb9efefcfecfbb019b5a9,tadr-core,0.1.0,proprietary,,a37ec8d336d16dbe4b7a7448071808daaf5e3e0ab03afe3bb7de0ce6882bc31d,1.0,MVP_V1,1.0,1.0.12,354d07d7c83bd6265826bfeea5ad5a8ee1676a77d481616cf99ced47cbfd0b93,005430e37ca777a0bd4c396483be99802c279c55c523d173c4c55e7fd6fb4b22,3a22430940e159a604b513b547de3301987b17e3f2162b8df17dfa7ce1fb6e25,6d4d58af41f6051938d10865d69081ca9bdd39b184fa5dbc8690d1ca781c6356,52d771e915e298d2f54e3d35384966404333c798a8ae18e977d00744e307b9e6,success,EVALUABLE
run-91b32bcaf66d0ef07225f19f3c3513da7d5aab9e8888ec7285e0c0f9005a44f9,duplicate.rows.e11.n10000.csv,measurement,0,correctness,full_reference,standard,a76bb9458b181500c7bfb9efefcfecfbb019b5a9,tadr-core,0.1.0,proprietary,,a37ec8d336d16dbe4b7a7448071808daaf5e3e0ab03afe3bb7de0ce6882bc31d,1.0,MVP_V1,1.0,1.0.12,354d07d7c83bd6265826bfeea5ad5a8ee1676a77d481616cf99ced47cbfd0b93,f803b2ba77b86c5122b0e3b02a44359830884446576761a2015177d662071334,f65a5d827b154ebdd79261608062ece5d4e577220031fb392d66703c136f073a,7637db4473a7df32d17febf51a44eea0585674a3efc294014c77dec595265135,bc1311a3f5d62e55b8fffff90fd5865e5308a8aa38a5ef7b2edbe13881e27ece,success,EVALUABLE
run-91eac0c53bd48350abb1e06e0451b4912acff48d765e0055278b83afec3301c2,parse.numeric.f100.n10000.csv,measurement,0,correctness,full_reference,standard,a76bb9458b181500c7bfb9efefcfecfbb019b5a9,tadr-core,0.1.0,proprietary,,a37ec8d336d16dbe4b7a7448071808daaf5e3e0ab03afe3bb7de0ce6882bc31d,1.0,MVP_V1,1.0,1.0.12,354d07d7c83bd6265826bfeea5ad5a8ee1676a77d481616cf99ced47cbfd0b93,53d7681f1b9cadd7c6f4c9b68c35a1671a79b846e4d8fc3a1994787affd2d941,7b45fdfc88cf8eef4c23eb4a03fc26c33cd68f1256852a7d5efe1494ce7d60b2,13872efa908873cfc7aa7b338b4128ba1bcc37ad933ef29b2acbb63fa650c190,9a6fd34b4ff2939deaa389674c2393b98a3b5df3f122f3a9001c2ab7245482a2,success,EVALUABLE
run-91f62151ac13e2e6a8efc1e08f40cdbea08b428cb460a24fda113bd672832ff9,split.ts_random.n10000.csv,measurement,0,correctness,full_reference,standard,a76bb9458b181500c7bfb9efefcfecfbb019b5a9,tadr-core,0.1.0,proprietary,,a37ec8d336d16dbe4b7a7448071808daaf5e3e0ab03afe3bb7de0ce6882bc31d,1.0,MVP_V1,1.0,1.0.12,354d07d7c83bd6265826bfeea5ad5a8ee1676a77d481616cf99ced47cbfd0b93,90bd48dd9f6daeb437bb9c262ef4f7505ad55dc30cde01c44ea4d043e5745ca5,4f838d4abee75cd21df2e8dca33c8ba961ae18c8b65acef38303383a66823ca0,211b3ba6007ab1bdf10408ec8d90dca47ad32e1f81dadf3ca5f0729ece64cb8d,85ff1cf6d5eedeae3c92c1701cf2723fad98d1664aed4502787a90c110aa0485,success,EVALUABLE
run-92f252556e1f18ac50bd73f2463f02b2ebeaf4797f7c5871ea55df48427e5a91,identifier.measurement.u9800.n10000.pqstr,measurement,0,correctness,full_reference,standard,a76bb9458b181500c7bfb9efefcfecfbb019b5a9,tadr-core,0.1.0,proprietary,,a37ec8d336d16dbe4b7a7448071808daaf5e3e0ab03afe3bb7de0ce6882bc31d,1.0,MVP_V1,1.0,1.0.12,354d07d7c83bd6265826bfeea5ad5a8ee1676a77d481616cf99ced47cbfd0b93,21ddfba98d7de725f4e4bc84e192dd566c8fa254162a5ca7ae6d28a2d0a348d8,14d65a9a6d447c780b697501964110ec82c7c93a2890e74f978f4b5d572b022c,49e7fae49591b16439231bd70ae3be765037d30e7269e6c96268ad54f86e2ac4,582d79aa399ba59a16aba01de8cc3dcf3b860e2a61c4a793505dd448b3e50040,success,EVALUABLE
run-9393868650f499c2178bb696f31e60cf2669685c764b02f19f63582063f54ddd,duplicate.rows.e500.n10000.csv,measurement,1,determinism_small,full_reference,standard,a76bb9458b181500c7bfb9efefcfecfbb019b5a9,tadr-core,0.1.0,proprietary,,a37ec8d336d16dbe4b7a7448071808daaf5e3e0ab03afe3bb7de0ce6882bc31d,1.0,MVP_V1,1.0,1.0.12,354d07d7c83bd6265826bfeea5ad5a8ee1676a77d481616cf99ced47cbfd0b93,644dcee9707dec5114f2d81d7a0203e70e474037f8daecee75dee486a0fe8732,266dbcf0f8269bb64d47322d4f374dccecb313c65eb95fb40f83d5356d46531a,d18babeae2628e826903b1cfa7724f03fe9f1f8451d8d8ed5dc4c94175f30cfd,6bf4c3e8e8b5b5acffd3304d13e94e2589e2fda5f5f01317b809b2221c49704a,success,EVALUABLE
run-93bef6cc9023cba8cafe3b11f51357f10950a33d111525531f9e64a9d093de3c,timestamp.time_series.valid7999.n10000.pqstr,measurement,0,correctness,full_reference,standard,a76bb9458b181500c7bfb9efefcfecfbb019b5a9,tadr-core,0.1.0,proprietary,,a37ec8d336d16dbe4b7a7448071808daaf5e3e0ab03afe3bb7de0ce6882bc31d,1.0,MVP_V1,1.0,1.0.12,354d07d7c83bd6265826bfeea5ad5a8ee1676a77d481616cf99ced47cbfd0b93,1e782a5cd6fcdbadd0ff8914ad9aaa93b66ff2a99a576edb8742e920a44af98f,b9556fd3ae079f363afb302b58c234a76729f1cf7e8634cf18a480f4c5324ddf,9c062e4b318db9c875d5cfe6135bd1e179ab37db978a049bfed0ef92abf08235,c18fa237cebea5f46463d8a57e5732bb3efd8c795dbb03d1a1497b9ad4be3271,success,EVALUABLE
run-95e70b2de436e345b876aab6c75516334b99cf6c4936bbe894bda4fab3fe419a,inference.analytics.empty.n10000.csv,measurement,0,correctness,full_reference,standard,a76bb9458b181500c7bfb9efefcfecfbb019b5a9,tadr-core,0.1.0,proprietary,,a37ec8d336d16dbe4b7a7448071808daaf5e3e0ab03afe3bb7de0ce6882bc31d,1.0,MVP_V1,1.0,1.0.12,354d07d7c83bd6265826bfeea5ad5a8ee1676a77d481616cf99ced47cbfd0b93,247eaedf4c6d8213a3f69b26db60d79a3e1e6a9496035e19d5a8ff7e87fe37c7,c21bce58aa9857b4c0db0f0b8fc49257115ae1964241cf4ee2484b21c29d7efd,092e5d7185303414a25438bb0bc0d5f65766ac28881bfe5e77acb96d29d804ee,5544fb271a485096c9fa7d5189401b2c3e9484ddceb8689e576f844aa48e01fd,success,EVALUABLE
run-95f9cdaa282080b49fdcf29c673319975b260d7059fc0cbe138bc8c845a66b60,parse.numeric.f501.n10000.pqstr,measurement,0,correctness,full_reference,standard,a76bb9458b181500c7bfb9efefcfecfbb019b5a9,tadr-core,0.1.0,proprietary,,a37ec8d336d16dbe4b7a7448071808daaf5e3e0ab03afe3bb7de0ce6882bc31d,1.0,MVP_V1,1.0,1.0.12,354d07d7c83bd6265826bfeea5ad5a8ee1676a77d481616cf99ced47cbfd0b93,df86897084ca080dfefa3d3072e7b6a210a0ff8f7b17af69ef381b85c8c4af2e,ce5fe7948e754b215c153a8a912a3aa39fb55e5f478c61d4838e3d192e0913c6,2181a3c08b17038dc906a2edff776b9b3b2b9462428a59ca904fa47e8ee0c044,ee21622ac1519efb1c91cc682ea9d4aaaca83251f28389da0768fb200d56d38f,success,EVALUABLE
run-96c618316f739518fb1be20388d54d70793a56bf07faf645e5af2d8e9d907157,missing.feature.m5000.n10000.pqstr,measurement,0,correctness,full_reference,standard,a76bb9458b181500c7bfb9efefcfecfbb019b5a9,tadr-core,0.1.0,proprietary,,a37ec8d336d16dbe4b7a7448071808daaf5e3e0ab03afe3bb7de0ce6882bc31d,1.0,MVP_V1,1.0,1.0.12,354d07d7c83bd6265826bfeea5ad5a8ee1676a77d481616cf99ced47cbfd0b93,c0bd6d438ff5854ddb10677fcdd0ffabaebfa75ed4446add26713a21e9288592,eb2b18cb6abaa9be47f98cb3af487220786dd67bb19d14f3d9d200e6c91853c7,c6600669563312f1f9d5d317a7ace304b211842fc31be7f535476b4e39d28d93,7fcd5566d8454cd92a191f744cba22b6a20825862021a3dc7145a8ab297c7ccf,success,EVALUABLE
run-979f3ad4dae2bcfb2af41d6c11a1d6b53151a950ac7094f200166afcf57e224e,clean.classification.n10000.csv,measurement,0,determinism_small,full_reference,timezone_berlin,a76bb9458b181500c7bfb9efefcfecfbb019b5a9,tadr-core,0.1.0,proprietary,,a37ec8d336d16dbe4b7a7448071808daaf5e3e0ab03afe3bb7de0ce6882bc31d,1.0,MVP_V1,1.0,1.0.12,354d07d7c83bd6265826bfeea5ad5a8ee1676a77d481616cf99ced47cbfd0b93,e4e9d58fe89b7e1e6e157add2956c13dd3dbd59893ee45db1629261bed48a88e,54396f5a0a2e24afc00b12c9f7bfd0fd14c0fa44b46ee52e4811e096e3dce878,56ce133fa0edd9eb44a77aba46b91b3bf8bde4a67d67d9228b1ba8351d06e99b,16c3d31334c44ea9575b6366891977e65a866269efc479ddd24ab6fbf0b18ee6,success,EVALUABLE
run-97f88e255f7083cb44dbc38c06231aa2682569955676078c8144d6ad1819fd6a,scale.analytics.n100000.w20.pqnative,warmup,0,scale_regular,scale_default,standard,a76bb9458b181500c7bfb9efefcfecfbb019b5a9,tadr-core,0.1.0,proprietary,,a37ec8d336d16dbe4b7a7448071808daaf5e3e0ab03afe3bb7de0ce6882bc31d,1.0,MVP_V1,1.0,1.0.12,354d07d7c83bd6265826bfeea5ad5a8ee1676a77d481616cf99ced47cbfd0b93,56bbb890c3ea097d4f1ac1ea2744cec99a8293719d33013546216a6128cdd239,1a2aa9664c71333b1ae7550c3d8748b5a4818ff1e7605c3565bba01c40d24f32,5194f990dbfc69ba580ea86b4ddba2b0fc0acafa38eb4b5cb3d88ba494ef91aa,3a9bc22fe5af1a608665db33a4fc1c0b24866481887739bb56f4cbe4e4c77ce4,success,EVALUABLE
run-98043c3b875d515d94d2a11b8830e3d28322351c0b6acc382dfbaf0ef5a94b3e,clean.classification.n10000.csv,measurement,1,determinism_small,full_reference,decimal_high,a76bb9458b181500c7bfb9efefcfecfbb019b5a9,tadr-core,0.1.0,proprietary,,a37ec8d336d16dbe4b7a7448071808daaf5e3e0ab03afe3bb7de0ce6882bc31d,1.0,MVP_V1,1.0,1.0.12,354d07d7c83bd6265826bfeea5ad5a8ee1676a77d481616cf99ced47cbfd0b93,e4e9d58fe89b7e1e6e157add2956c13dd3dbd59893ee45db1629261bed48a88e,54396f5a0a2e24afc00b12c9f7bfd0fd14c0fa44b46ee52e4811e096e3dce878,56ce133fa0edd9eb44a77aba46b91b3bf8bde4a67d67d9228b1ba8351d06e99b,16c3d31334c44ea9575b6366891977e65a866269efc479ddd24ab6fbf0b18ee6,success,EVALUABLE
run-98a1490caebcbf2bf983aedff0fabbd39cf441ce4cc945b3768db4cb5b858db7,missing.target.m100.n10000.pqstr,measurement,0,determinism_small,full_reference,timezone_berlin,a76bb9458b181500c7bfb9efefcfecfbb019b5a9,tadr-core,0.1.0,proprietary,,a37ec8d336d16dbe4b7a7448071808daaf5e3e0ab03afe3bb7de0ce6882bc31d,1.0,MVP_V1,1.0,1.0.12,354d07d7c83bd6265826bfeea5ad5a8ee1676a77d481616cf99ced47cbfd0b93,8637f6905e96c3b06d75c68a1350e6a00570c0b072e3109dfd398f0221d43a26,dcc05a015dde9480b25b2259b6412b34ef38918193008241097bf0dcabebeb14,3cce36688f0fb571fe95924b2c76becaa4aec429d6a2dbacf7a6523f1774c51d,6e3056cac11814e5a889b2f01999946bf9b3d203a23245a7eacc4fdb2fd17997,success,EVALUABLE
run-98a899d1454efc85680a709ad97e110ce7df7ae3f6a51a7cd8118a6dcfeb9cd9,group.group.r1999.n10000.csv,measurement,0,correctness,full_reference,standard,a76bb9458b181500c7bfb9efefcfecfbb019b5a9,tadr-core,0.1.0,proprietary,,a37ec8d336d16dbe4b7a7448071808daaf5e3e0ab03afe3bb7de0ce6882bc31d,1.0,MVP_V1,1.0,1.0.12,354d07d7c83bd6265826bfeea5ad5a8ee1676a77d481616cf99ced47cbfd0b93,9214e6ed79e56d5a61b90e24b3a7ce75cbb9a6ad7a4ac2656ad36ed190f8843a,f6afba1665f4c8630efb3904b3c550a51a12ffcb7664cd7751235aa2e0c1772d,18450c4af0a0dbbdb9aeff8a9c3c586f9b4a979df1fb24da49936a19d58df9bb,45426cde56138643cd4a7b4d3e904e791e4772ca353743f39a656935e9bee02b,success,EVALUABLE
run-98b891fbd927efa8abcaff9a1d1e11c279dff0cfc7fa3d8c83371d84b3ac9585,timestamp.time_series.valid7999.n10000.csv,measurement,0,correctness,full_reference,standard,a76bb9458b181500c7bfb9efefcfecfbb019b5a9,tadr-core,0.1.0,proprietary,,a37ec8d336d16dbe4b7a7448071808daaf5e3e0ab03afe3bb7de0ce6882bc31d,1.0,MVP_V1,1.0,1.0.12,354d07d7c83bd6265826bfeea5ad5a8ee1676a77d481616cf99ced47cbfd0b93,456c9621365cba5b42cb4676532f4f8955a078105d7cae840690d46b271373f2,b9556fd3ae079f363afb302b58c234a76729f1cf7e8634cf18a480f4c5324ddf,17f46fb192a0851de00d7603e083fb273e62cf5369cef7af708203a991c33ba9,15060f2a356acf5b5543d9b20a4e2ed794c6962f9fb7943e8a9d5c5715be3352,success,EVALUABLE
run-994bf871e7aa0565a625caaeb57061c8e63c79f867d3dabd15ab080354b10c99,missing.target.m100.n10000.pqstr,measurement,1,determinism_small,full_reference,hash_fortytwo,a76bb9458b181500c7bfb9efefcfecfbb019b5a9,tadr-core,0.1.0,proprietary,,a37ec8d336d16dbe4b7a7448071808daaf5e3e0ab03afe3bb7de0ce6882bc31d,1.0,MVP_V1,1.0,1.0.12,354d07d7c83bd6265826bfeea5ad5a8ee1676a77d481616cf99ced47cbfd0b93,8637f6905e96c3b06d75c68a1350e6a00570c0b072e3109dfd398f0221d43a26,dcc05a015dde9480b25b2259b6412b34ef38918193008241097bf0dcabebeb14,3cce36688f0fb571fe95924b2c76becaa4aec429d6a2dbacf7a6523f1774c51d,6e3056cac11814e5a889b2f01999946bf9b3d203a23245a7eacc4fdb2fd17997,success,EVALUABLE
run-995796eb2327032f99753e1cdd7e37019028d3700eb24ef2865421f34c2b4935,scale.analytics.n1000000.w20.pqnative,measurement,0,scale_regular,scale_default,standard,a76bb9458b181500c7bfb9efefcfecfbb019b5a9,tadr-core,0.1.0,proprietary,,a37ec8d336d16dbe4b7a7448071808daaf5e3e0ab03afe3bb7de0ce6882bc31d,1.0,MVP_V1,1.0,1.0.12,354d07d7c83bd6265826bfeea5ad5a8ee1676a77d481616cf99ced47cbfd0b93,2d70cc70cd8fa1f59a6b4f9bffffcf0790e63bb3366072f60ee744ae2710b513,a5488aafae83e78c97b70aa3a0f673a6c9227e451a883391693719098a49679c,4693e43725e105955104c1d3b22dcae9574a8290e2268a69f1ce39936d466af4,ccd6d072601c9730415e6dfc5f20bdae0a827c54360351c65f8b647a125b45d9,success,EVALUABLE
run-998945c6879b67f2a2ae30e04bb8ae3a7bfb8d1f0d6290c8a5aeb649b263655a,duplicate.rows.e500.n10000.csv,measurement,0,determinism_small,full_reference,hash_fortytwo,a76bb9458b181500c7bfb9efefcfecfbb019b5a9,tadr-core,0.1.0,proprietary,,a37ec8d336d16dbe4b7a7448071808daaf5e3e0ab03afe3bb7de0ce6882bc31d,1.0,MVP_V1,1.0,1.0.12,354d07d7c83bd6265826bfeea5ad5a8ee1676a77d481616cf99ced47cbfd0b93,644dcee9707dec5114f2d81d7a0203e70e474037f8daecee75dee486a0fe8732,266dbcf0f8269bb64d47322d4f374dccecb313c65eb95fb40f83d5356d46531a,d18babeae2628e826903b1cfa7724f03fe9f1f8451d8d8ed5dc4c94175f30cfd,6bf4c3e8e8b5b5acffd3304d13e94e2589e2fda5f5f01317b809b2221c49704a,success,EVALUABLE
run-99c0a4ba30a321c3cab8eb587ebb58803b41ff049b9a791eeaa6c86bd0c68240,duplicate.rows.e99.n10000.csv,measurement,0,correctness,full_reference,standard,a76bb9458b181500c7bfb9efefcfecfbb019b5a9,tadr-core,0.1.0,proprietary,,a37ec8d336d16dbe4b7a7448071808daaf5e3e0ab03afe3bb7de0ce6882bc31d,1.0,MVP_V1,1.0,1.0.12,354d07d7c83bd6265826bfeea5ad5a8ee1676a77d481616cf99ced47cbfd0b93,9d97f7b23ff627e42032fb70dd5fc84433e6c796c0080942eb2cc99d580aad67,715762da320cb7492f6b0a35f603447115a623824b8e7153f270ad01c081690e,452e0d9042b5d860d2863d280430d91dd4a9cfd9bab2cf501850905cec3a6c9b,e71b3c71a364b69c1cb1c6f54b2e2a28d14993120fbbf59d88a66339401d4208,success,EVALUABLE
run-9a18133b54fad6c24985a973a5ff4aa6a67406e01b632c0d7f7d08c1f756e2dd,inference.analytics.omit_one.n10000.pqstr,measurement,1,determinism_small,full_reference,decimal_high,a76bb9458b181500c7bfb9efefcfecfbb019b5a9,tadr-core,0.1.0,proprietary,,a37ec8d336d16dbe4b7a7448071808daaf5e3e0ab03afe3bb7de0ce6882bc31d,1.0,MVP_V1,1.0,1.0.12,354d07d7c83bd6265826bfeea5ad5a8ee1676a77d481616cf99ced47cbfd0b93,a7c3e91cddedc578ff4faba06e8cdf7473946c00d616156efcfa1d03333de65d,c21bce58aa9857b4c0db0f0b8fc49257115ae1964241cf4ee2484b21c29d7efd,5cf27988e1ae3c6b815116bb089b3cdaa5908e0910e613d64ec192d49043e5ad,52993d17719a855b9f2fd7291909eb672f8c4155f0b88346a70b0ce100f9bd94,success,EVALUABLE
run-9a41d802dc333f3be97e94ea0d1c6eb481cebc38bafb7a78a24f822ce60ab7cc,group.random.r2000.n10000.csv,measurement,0,determinism_small,full_reference,decimal_high,a76bb9458b181500c7bfb9efefcfecfbb019b5a9,tadr-core,0.1.0,proprietary,,a37ec8d336d16dbe4b7a7448071808daaf5e3e0ab03afe3bb7de0ce6882bc31d,1.0,MVP_V1,1.0,1.0.12,354d07d7c83bd6265826bfeea5ad5a8ee1676a77d481616cf99ced47cbfd0b93,a7f2fa480a475a37fb77b449eadfbae99f0032003e6d3a9842f7a9094f231350,9594c53132cc5da7b983625018f02ce64e675a692247ea4230159680b2043661,1040d9b90d3d9437d2a8098d9f531add44dbfe183cadbbd17238e7cb126449f8,e2fbfbeaeabda936db187cf8d6b6f5ed419464b327427b2894a0dd2309238694,success,EVALUABLE
run-9a7f1ee1352d0bfcbf91d59c6a11d9f23bab8be987c76e04806fe2e8a18c1d08,missing.feature.m3001.n10000.pqstr,measurement,0,correctness,full_reference,standard,a76bb9458b181500c7bfb9efefcfecfbb019b5a9,tadr-core,0.1.0,proprietary,,a37ec8d336d16dbe4b7a7448071808daaf5e3e0ab03afe3bb7de0ce6882bc31d,1.0,MVP_V1,1.0,1.0.12,354d07d7c83bd6265826bfeea5ad5a8ee1676a77d481616cf99ced47cbfd0b93,9852bbaac8310f390f8d538eb05ca13f01b1beeeebbeb5be7a64c929ba25a720,cc4e92c3c3fbedf85f28bfe2451ef766896400d08aeac3b926f8fe419ef2b17c,4065bcf11be89cb443b7017071b0ad62c8a1c10d1f07d9f8eed49cdf8d386a91,ea0eeb15fe11bfb423f17caefdfa5cb5893d3713b89bb7a304fe8c94aa96ff8d,success,EVALUABLE
run-9b8fad7a186ba8de657412815b21805e93e38f3d6f6d9b687b73775db9f48188,scale.analytics.n10000.w20.pqnative,measurement,2,scale_regular,scale_default,standard,a76bb9458b181500c7bfb9efefcfecfbb019b5a9,tadr-core,0.1.0,proprietary,,a37ec8d336d16dbe4b7a7448071808daaf5e3e0ab03afe3bb7de0ce6882bc31d,1.0,MVP_V1,1.0,1.0.12,354d07d7c83bd6265826bfeea5ad5a8ee1676a77d481616cf99ced47cbfd0b93,6442fc0d239603b112473fa20eebb358a111f94c63287e53759f219b03ad238d,24ff9ced210c268e93fdabb97820844dcc68c3edc4897def7fe688b559417589,bfd9e0bf58847a40751bb70011c38f39620504198c085e10c56e1904bef1ae87,ef2a2d5b7585e1216bb537912e27642a0e7256d7df2e0cf0c71319712b1bcb70,success,EVALUABLE
run-9ba24fd909ee75765101915960e001777f5cc9287fc711062a4e332d4699774e,composite.duplicates_group_random.n10000.pqstr,measurement,0,correctness,full_reference,standard,a76bb9458b181500c7bfb9efefcfecfbb019b5a9,tadr-core,0.1.0,proprietary,,a37ec8d336d16dbe4b7a7448071808daaf5e3e0ab03afe3bb7de0ce6882bc31d,1.0,MVP_V1,1.0,1.0.12,354d07d7c83bd6265826bfeea5ad5a8ee1676a77d481616cf99ced47cbfd0b93,8eff20fad2f92d7fce3ade881c604bcf7edf1400d208c2cdc773818461bc936b,452b45cfaaf31c21c47a12f2de4e9171c1cfc5a39bf3d0897b47653fe4bd2a4d,dd03acf0a842fc1a09e4447a69042995e897863ab872c139d7aea6825d7ffe20,900c73410171f344c2f945243e46f72e1f58eb75e8c13b99d855657b91ed181b,success,EVALUABLE
run-9c299cfafa100c7788a4441ca37b9ca900c6a348a74d3b9210c98fbc387abd7b,composite.timestamp_random.n10000.csv,measurement,0,determinism_small,full_reference,hash_fortytwo,a76bb9458b181500c7bfb9efefcfecfbb019b5a9,tadr-core,0.1.0,proprietary,,a37ec8d336d16dbe4b7a7448071808daaf5e3e0ab03afe3bb7de0ce6882bc31d,1.0,MVP_V1,1.0,1.0.12,354d07d7c83bd6265826bfeea5ad5a8ee1676a77d481616cf99ced47cbfd0b93,311d2b82f7a04ee6339a115a06983cdb8cea9c65e1ce94b27ddbd32834c45383,4ee0dd77819611eecbe0461587e7efa1ed30d8f4c8cb12f54be452974f7a17b6,310dd96abee2c9259a38a20c167219cb723f46d22fa9ceb7c218425a0b0f3994,3876c7266629585bc723a22d2351d27ea715aa05a0c8a29a8b21adcf1c89cacc,success,EVALUABLE
run-9c7f385af2a639af39df1815c58817d8f035f19063c09fb8e6f5ce4f3a6875ee,missing.feature.m500.n10000.csv,measurement,0,correctness,full_reference,standard,a76bb9458b181500c7bfb9efefcfecfbb019b5a9,tadr-core,0.1.0,proprietary,,a37ec8d336d16dbe4b7a7448071808daaf5e3e0ab03afe3bb7de0ce6882bc31d,1.0,MVP_V1,1.0,1.0.12,354d07d7c83bd6265826bfeea5ad5a8ee1676a77d481616cf99ced47cbfd0b93,402b8b796d40abf564cc1050fd723f5df5cb4f4814cd1266ce24c9d208ae375e,55417223f01ee4d5d4880c12ed460d7fadf7c6ac11a96d6465e4a388acec4e01,2616ad606c003fd80033fea4577e5aae9647ff31416f371f58715ca0b19a52d8,863d50221b74a9160cae30f19f48be3a106945c8afb85d43275fd7e51cab3a2b,success,EVALUABLE
run-9cb2f0d71cf00263c779cc2a08ef12237d98ca3a947d503f203e404a84f801ac,class.support.n99.min5.csv,measurement,0,correctness,full_reference,standard,a76bb9458b181500c7bfb9efefcfecfbb019b5a9,tadr-core,0.1.0,proprietary,,a37ec8d336d16dbe4b7a7448071808daaf5e3e0ab03afe3bb7de0ce6882bc31d,1.0,MVP_V1,1.0,1.0.12,354d07d7c83bd6265826bfeea5ad5a8ee1676a77d481616cf99ced47cbfd0b93,b39905b60e595389797dd265d70d821d75676eee573c8b2f38b704b64bed9f68,25d51cf879fc459abbead485db7724f48d4a85a2ace107c3e39f324995a0f104,3064dfa6c758331193cb99faa64b3fb6aafab2264739f56c51d0798681075858,06f9b5762da564aab06475083528d6be3e81d8e265b3f5f0d5464f9e06b52fc8,success,EVALUABLE
run-9d30a04a78bff19ec5b6726718efdbf97fedc355d3727e59b373bb22b3529dbb,sampling.duplicate_rows.gaps.n300000.pqstr,measurement,0,determinism_sampled,HEAD_STRIDE_V1,decimal_low,a76bb9458b181500c7bfb9efefcfecfbb019b5a9,tadr-core,0.1.0,proprietary,,a37ec8d336d16dbe4b7a7448071808daaf5e3e0ab03afe3bb7de0ce6882bc31d,1.0,MVP_V1,1.0,1.0.12,354d07d7c83bd6265826bfeea5ad5a8ee1676a77d481616cf99ced47cbfd0b93,3023f1ab50b0238fb78ded29f1e5fe537251eeefe145fe3c5511c463f5fb2529,dca64ab915085ef54aab1c6005cb3ae0bb6e1e653f1cdd4e56567b1dc62b6214,4f4537d8606299c589e3d4d73210dd25314804effe7dddd293de8fd398cb5333,2172640162e2476eed3814dbe606c92dcd731a341f047492d889141823258cca,success,EVALUABLE
run-9e43a67c503e3ac97da034b9bc1cfae6615324c0d9c54206616219b6fd89df78,group.random.r1999.n10000.csv,measurement,0,correctness,full_reference,standard,a76bb9458b181500c7bfb9efefcfecfbb019b5a9,tadr-core,0.1.0,proprietary,,a37ec8d336d16dbe4b7a7448071808daaf5e3e0ab03afe3bb7de0ce6882bc31d,1.0,MVP_V1,1.0,1.0.12,354d07d7c83bd6265826bfeea5ad5a8ee1676a77d481616cf99ced47cbfd0b93,c564af8199e229912032fb62f36982262678642d580735043c2916311c3c6bc6,f6afba1665f4c8630efb3904b3c550a51a12ffcb7664cd7751235aa2e0c1772d,18450c4af0a0dbbdb9aeff8a9c3c586f9b4a979df1fb24da49936a19d58df9bb,80af8f08006a390c98bbac06bc15738c64a0a43cf9af812689fd8b317a8fd448,success,EVALUABLE
run-9ed23ca74145afd056a20bd6895d6ab9deb93d581a92a3aa53cf779c5adb42c1,sampling.duplicate_keys.middle.n300000.pqstr,measurement,0,sampling_bounded,HEAD_STRIDE_V1,standard,a76bb9458b181500c7bfb9efefcfecfbb019b5a9,tadr-core,0.1.0,proprietary,,a37ec8d336d16dbe4b7a7448071808daaf5e3e0ab03afe3bb7de0ce6882bc31d,1.0,MVP_V1,1.0,1.0.12,354d07d7c83bd6265826bfeea5ad5a8ee1676a77d481616cf99ced47cbfd0b93,56ae94e8065e70802f46faed437af09ff6fcbd94e65d20d33b5350d9a205bbff,55abc4eb017fa682ff57d0b8391f5f68d27e9abd16919e814b9464a0ca3ee88d,7521ec819b2ad38e94ae76827f2c5c3875c5f4fcff69efa21bcf8fa339c7a6ca,c4873dda2e1060a28167401967877240e260d7f48ec134801b095f5b0d56b3bf,success,EVALUABLE
run-9f04357440191dbd06bc650c5061850ac392266ff0f3997d52cc45473fd78a8a,clean.classification.n10000.csv,measurement,0,determinism_small,full_reference,decimal_low,a76bb9458b181500c7bfb9efefcfecfbb019b5a9,tadr-core,0.1.0,proprietary,,a37ec8d336d16dbe4b7a7448071808daaf5e3e0ab03afe3bb7de0ce6882bc31d,1.0,MVP_V1,1.0,1.0.12,354d07d7c83bd6265826bfeea5ad5a8ee1676a77d481616cf99ced47cbfd0b93,e4e9d58fe89b7e1e6e157add2956c13dd3dbd59893ee45db1629261bed48a88e,54396f5a0a2e24afc00b12c9f7bfd0fd14c0fa44b46ee52e4811e096e3dce878,56ce133fa0edd9eb44a77aba46b91b3bf8bde4a67d67d9228b1ba8351d06e99b,16c3d31334c44ea9575b6366891977e65a866269efc479ddd24ab6fbf0b18ee6,success,EVALUABLE
run-9f227b4b21ad08bd95fc1311e382481c2ba9a143c75d6d1f552f9d9f93574436,timestamp.regression.absent.n10000.pqstr,measurement,0,correctness,full_reference,standard,a76bb9458b181500c7bfb9efefcfecfbb019b5a9,tadr-core,0.1.0,proprietary,,a37ec8d336d16dbe4b7a7448071808daaf5e3e0ab03afe3bb7de0ce6882bc31d,1.0,MVP_V1,1.0,1.0.12,354d07d7c83bd6265826bfeea5ad5a8ee1676a77d481616cf99ced47cbfd0b93,f11bd135b459e4814ad7ad4839a54cf9a32ac93c3a26b4db9d4686f399e6e8e9,b59e631d5075f198ecbf6d9846ac7d64e599c50da1bf9ecd4122111b36f12e1b,fe73bcad0903486a8a639f54a7e57dafade4d36a20b9856724d52987108d5f92,2ae2d4c76746d518216a015fb1217cd92ff924e360efbfb6c26f257b9d59a059,success,EVALUABLE
run-9f313bbd40963ec2bc46732964b575ed3059119dd385e2171d8340fdfa0beea2,sampling.missingness.gaps.n300000.pqstr,measurement,0,sampling_bounded,HEAD_STRIDE_V1,standard,a76bb9458b181500c7bfb9efefcfecfbb019b5a9,tadr-core,0.1.0,proprietary,,a37ec8d336d16dbe4b7a7448071808daaf5e3e0ab03afe3bb7de0ce6882bc31d,1.0,MVP_V1,1.0,1.0.12,354d07d7c83bd6265826bfeea5ad5a8ee1676a77d481616cf99ced47cbfd0b93,9f622ce874e747990134b7f86423a4d0b2699b699941b8ef9b20417677820298,e48ec724c6edbbb186ef52ef3f1bded5955f6ac91a4039457dd94ccc8b68f6d5,3b90bfebe0e768a0b84f6f4430049bea44d1dc7a9798d81b46384e1c511f83c2,8eb471b83e796273a4b00b90f936e171cbd2eaea9f252f5e9737bb5e802bb737,success,EVALUABLE
run-9f36fbff77d21e3da4e66c091e47727b8582c4724ab3435bcbe71d94fccc850d,class.binary.min1.n10000.csv,measurement,0,correctness,full_reference,standard,a76bb9458b181500c7bfb9efefcfecfbb019b5a9,tadr-core,0.1.0,proprietary,,a37ec8d336d16dbe4b7a7448071808daaf5e3e0ab03afe3bb7de0ce6882bc31d,1.0,MVP_V1,1.0,1.0.12,354d07d7c83bd6265826bfeea5ad5a8ee1676a77d481616cf99ced47cbfd0b93,c6605cda65dd5118be0444cefe1c6dc234e848401e71e5d8287d908922952bec,7d79a831d96f3031870241d9c71d7ae45ba6466a46b59a9d8d0a783ea18e8def,0e15d12b0195674bff3fb1ccd963a310ee76df7d2f2ad5bdf786fd6a63c1879c,64033ed6d8f1878219aef8d5e7b72478373fb248b4f784300130c5256fd0d05f,success,EVALUABLE
run-a05929530d2c31e05dee3c49a700ad82acf1776491f89f50acdeecc0b2bd8ae1,scale.analytics.n100000.w20.csv,warmup,0,scale_regular,scale_default,standard,a76bb9458b181500c7bfb9efefcfecfbb019b5a9,tadr-core,0.1.0,proprietary,,a37ec8d336d16dbe4b7a7448071808daaf5e3e0ab03afe3bb7de0ce6882bc31d,1.0,MVP_V1,1.0,1.0.12,354d07d7c83bd6265826bfeea5ad5a8ee1676a77d481616cf99ced47cbfd0b93,47e2a863c7a694dd2451d632de0af1b6fffc233ee254a444ff4be1c565f51ea2,440919d1c96ea48c6d2c07b5e0155d74db5dc760df2e857b1f3367b7c92e7a68,cdea3a53f3218d6a0305efb64896e6250b049e2f5483d27f12571b8787cd0a7a,edc465bd6dbdbac0d20c629fef72972caf6f97ffba6bded92c029e2d17d2d1d7,success,EVALUABLE
run-a0c28f323e79fe36b8e64fc4a77c5bf3ea0959a082390f1020eb62a00a485218,inference.analytics.omit_two.n10000.csv,measurement,0,correctness,full_reference,standard,a76bb9458b181500c7bfb9efefcfecfbb019b5a9,tadr-core,0.1.0,proprietary,,a37ec8d336d16dbe4b7a7448071808daaf5e3e0ab03afe3bb7de0ce6882bc31d,1.0,MVP_V1,1.0,1.0.12,354d07d7c83bd6265826bfeea5ad5a8ee1676a77d481616cf99ced47cbfd0b93,5d4244e2a3b5d4e40abe6a950da99b244156bc796ee29c04eeabefd3f83c82ae,c21bce58aa9857b4c0db0f0b8fc49257115ae1964241cf4ee2484b21c29d7efd,092e5d7185303414a25438bb0bc0d5f65766ac28881bfe5e77acb96d29d804ee,891803437a5e4323af3fce47dfb6d7789e37d1f1a5b7b33246d5142cae8690e3,success,EVALUABLE
run-a119362515a993c9bef359e2c11242a4ae616ee5016a4c1d8110466c6f233de7,inference.analytics.omit_two.n10000.pqstr,measurement,0,correctness,full_reference,standard,a76bb9458b181500c7bfb9efefcfecfbb019b5a9,tadr-core,0.1.0,proprietary,,a37ec8d336d16dbe4b7a7448071808daaf5e3e0ab03afe3bb7de0ce6882bc31d,1.0,MVP_V1,1.0,1.0.12,354d07d7c83bd6265826bfeea5ad5a8ee1676a77d481616cf99ced47cbfd0b93,b0df1fd9d30d716a7ea45ec7eeb24d8a5d002535b849f43db85dbd3c08fca078,c21bce58aa9857b4c0db0f0b8fc49257115ae1964241cf4ee2484b21c29d7efd,5cf27988e1ae3c6b815116bb089b3cdaa5908e0910e613d64ec192d49043e5ad,891803437a5e4323af3fce47dfb6d7789e37d1f1a5b7b33246d5142cae8690e3,success,EVALUABLE
run-a166a40572b1ff091f5f4512b57787f7e1d5ec360254e3018786b1848e996bf8,scale.analytics.n100000.w100.csv,measurement,2,scale_regular,scale_default,standard,a76bb9458b181500c7bfb9efefcfecfbb019b5a9,tadr-core,0.1.0,proprietary,,a37ec8d336d16dbe4b7a7448071808daaf5e3e0ab03afe3bb7de0ce6882bc31d,1.0,MVP_V1,1.0,1.0.12,354d07d7c83bd6265826bfeea5ad5a8ee1676a77d481616cf99ced47cbfd0b93,c194f64832ff46467f8a42efb408fcdab34ddf1522eae6dc5553fdda57d6d598,43f04dc8fc4671b93b7fd1fb63e43e3c802c8ff4d922100c41c280d92ec2af8d,11b1ba5aa7ca2c4f6f87f2c7d30bc8466543c49652cf9a93c0b347a4067c7e3b,7345c5f5bb0408df14c171cd739d99bbc56acf10418cba2dda58080cf694451d,success,EVALUABLE
run-a19b42717c062a3401ca528eaedfe7258f53af34e8264cf1aaf4d24811c2de12,composite.inference_missing.n10000.pqstr,measurement,0,correctness,full_reference,standard,a76bb9458b181500c7bfb9efefcfecfbb019b5a9,tadr-core,0.1.0,proprietary,,a37ec8d336d16dbe4b7a7448071808daaf5e3e0ab03afe3bb7de0ce6882bc31d,1.0,MVP_V1,1.0,1.0.12,354d07d7c83bd6265826bfeea5ad5a8ee1676a77d481616cf99ced47cbfd0b93,0188fd1d756f3c9884b69fd915c9c661b151ce8fc893adeeb6e4cd6dfd960a56,e418aa64fa432af69b69ef9b0bdb0ee7dbcd846291f478f89c3a231bea16ad07,bc3212521a40d0563d0c39c369b7096691e325cd0685ca20f20d1d07c601b8b6,44410ed5db6092d2be8124341ee8a3056092255efcf56e436acdb99b91dd9c32,success,EVALUABLE
run-a1d2165a50604f37bb23052a22f97bd8ae4d158af71b62fe7346f17b8bd203ef,duplicate.keys.e100.n10000.pqstr,measurement,1,determinism_small,full_reference,hash_one,a76bb9458b181500c7bfb9efefcfecfbb019b5a9,tadr-core,0.1.0,proprietary,,a37ec8d336d16dbe4b7a7448071808daaf5e3e0ab03afe3bb7de0ce6882bc31d,1.0,MVP_V1,1.0,1.0.12,354d07d7c83bd6265826bfeea5ad5a8ee1676a77d481616cf99ced47cbfd0b93,d4771be5474988df57cf885b339f6604b0599e5ce1b21751eb597aadcf7c8b49,a3f9bf2b671cb66ea52c1a6259c86cba85f0283264edff978e40352e6732e2da,1d4438ddaf9b6339e1c52deb4a6313aa48f2e91f654f85a160312f334854a8d7,56f2229a8d01fcb7d81254381995d51f850d00b858e94ec88623316d89bfad29,success,EVALUABLE
run-a22cbde06d5fd290a6d8bc0d871009a83084483d5a53cf6e5cc5053d04bf8d89,timestamp.time_series.valid9499.n10000.csv,measurement,0,correctness,full_reference,standard,a76bb9458b181500c7bfb9efefcfecfbb019b5a9,tadr-core,0.1.0,proprietary,,a37ec8d336d16dbe4b7a7448071808daaf5e3e0ab03afe3bb7de0ce6882bc31d,1.0,MVP_V1,1.0,1.0.12,354d07d7c83bd6265826bfeea5ad5a8ee1676a77d481616cf99ced47cbfd0b93,2acdda7564f6bfef4c9f5b2ac953818daa7c9162f924eb9792fcbb588a32c89d,5c4992cd925e0f8bbbb24a66c581c20bc7dfa51d5e11b5fddf8e48946caccdca,432669509796a6b41b68d63286e255c88c06448ab5fd13d2790447fabe26173e,dee082ae9ef13e51499e680b6e4f275f429b55d1c1f3b4ac6a4355880effcf41,success,EVALUABLE
run-a2c8213171ffa690c0da00a746f62844aa1234a511566fb12e73efca4ef7aad7,missing.target.m500.n10000.pqstr,measurement,0,correctness,full_reference,standard,a76bb9458b181500c7bfb9efefcfecfbb019b5a9,tadr-core,0.1.0,proprietary,,a37ec8d336d16dbe4b7a7448071808daaf5e3e0ab03afe3bb7de0ce6882bc31d,1.0,MVP_V1,1.0,1.0.12,354d07d7c83bd6265826bfeea5ad5a8ee1676a77d481616cf99ced47cbfd0b93,596b93541276f31fbbf7f3b1219a1085ae789e5c5e272ea573c6c4f08e94996a,4019589b77d4fc859e41b0810e411ffe53369172df51a303919f025a624e465a,92631ba6847b0ff280eb2388f0a336d17c6ff0bc9461f0a72ed22390e2a5e1e1,a62f208e58e135aff1907acf59728ac0f1c49efbc8d9233bb5b75bb3d703bcc0,success,EVALUABLE
run-a2cefbcf86adf3fac11b2c7fbf89679e889b871452bcc04517b2a4e60150186c,sampling.leakage.head.n300000.pqstr,measurement,0,determinism_sampled,HEAD_STRIDE_V1,hash_one,a76bb9458b181500c7bfb9efefcfecfbb019b5a9,tadr-core,0.1.0,proprietary,,a37ec8d336d16dbe4b7a7448071808daaf5e3e0ab03afe3bb7de0ce6882bc31d,1.0,MVP_V1,1.0,1.0.12,354d07d7c83bd6265826bfeea5ad5a8ee1676a77d481616cf99ced47cbfd0b93,391ee878f387100813856573a5c36985cb0c9a71b0a90d550ff2764d9fcf3e1f,dbbd4574489e44a2b39ba6fa1a88dd626e04349ed702bd50fc8cb496a303c758,9e190bbc9e80d012e33002628a2aa6b9550dc843afa9163c4192c419f7f30256,77b6da31cfc68fc7ef435fc38d511541410887738dae217ae0579c5de21b9a63,success,EVALUABLE
run-a319b36a88fd00fe613c822579a4df7d01f1ece1febfcdc41e03a3aeee72bf0b,negative.supervised_target_omitted.n10000.pqstr,measurement,0,correctness,full_reference,standard,a76bb9458b181500c7bfb9efefcfecfbb019b5a9,tadr-core,0.1.0,proprietary,,a37ec8d336d16dbe4b7a7448071808daaf5e3e0ab03afe3bb7de0ce6882bc31d,1.0,MVP_V1,1.0,1.0.12,354d07d7c83bd6265826bfeea5ad5a8ee1676a77d481616cf99ced47cbfd0b93,4f98042cc433d7c101bd1a86340bcf52c12fb18269d697b6a635add2343cfe13,c21bce58aa9857b4c0db0f0b8fc49257115ae1964241cf4ee2484b21c29d7efd,5cf27988e1ae3c6b815116bb089b3cdaa5908e0910e613d64ec192d49043e5ad,3e93e75145ec85a8025b889040fd1d94dd4e40a5dd5881ca2c20cf1a238050cb,success,EVALUABLE
run-a31d39411ea66de6ce18dabcd97464656f4c1c823dc6081100c82a114923f4f6,clean.time_series.n10000.pqstr,measurement,1,determinism_small,full_reference,hash_fortytwo,a76bb9458b181500c7bfb9efefcfecfbb019b5a9,tadr-core,0.1.0,proprietary,,a37ec8d336d16dbe4b7a7448071808daaf5e3e0ab03afe3bb7de0ce6882bc31d,1.0,MVP_V1,1.0,1.0.12,354d07d7c83bd6265826bfeea5ad5a8ee1676a77d481616cf99ced47cbfd0b93,8322062e63685b8112167dcb49a36fe157f77e6501ba63e3b7278e359c264d9b,4f838d4abee75cd21df2e8dca33c8ba961ae18c8b65acef38303383a66823ca0,2003b2258425e91889e0dbe0f3d1b8e8fbd5339102ae656beb08dae10b7e672f,0a9462adb4f3a726e0c6c316d28af3c3f3221b362d080fd58c987dd210770d51,success,EVALUABLE
run-a394e12fd331a4eb40b983b33d3aaf9f5fa90127f90964ceee69db8e687844bb,identifier.support.n99.csv,measurement,0,correctness,full_reference,standard,a76bb9458b181500c7bfb9efefcfecfbb019b5a9,tadr-core,0.1.0,proprietary,,a37ec8d336d16dbe4b7a7448071808daaf5e3e0ab03afe3bb7de0ce6882bc31d,1.0,MVP_V1,1.0,1.0.12,354d07d7c83bd6265826bfeea5ad5a8ee1676a77d481616cf99ced47cbfd0b93,10e09caca2b8ac0fbcc42d56ed39ec9689ffea30c14f6121e90820782e650dae,bdb9b209e255fdc61754fac3f22caffe8fe2c0056d66e19cb97a78dfa970d488,e0c3b2b19269e39a42c55653d073a6f6aa98c0c21870b6129f1a1abd402fc5fd,0db5f8121f50c7082a0fe5772fc95fa22b8ecc106433c44ad3a639cfaa893a5a,success,EVALUABLE
run-a3d3f7c7f25b7e399d39cfab08cda3a415b1ccd971fd6e9e0724c74c267d839b,leak.equality.m9990.n10000.csv,measurement,0,correctness,full_reference,standard,a76bb9458b181500c7bfb9efefcfecfbb019b5a9,tadr-core,0.1.0,proprietary,,a37ec8d336d16dbe4b7a7448071808daaf5e3e0ab03afe3bb7de0ce6882bc31d,1.0,MVP_V1,1.0,1.0.12,354d07d7c83bd6265826bfeea5ad5a8ee1676a77d481616cf99ced47cbfd0b93,6563fe7fc9fb8ddb3e563414668650efc9e21d240cbec54785159a281f7aeba2,6e3937b57e04b959e0ad207af7833f57b6c2cea809b866879a97b2216910d89c,c322332fbb371f499b561977b841d949cd16e8795b01711df59465473d7fed4d,3ca168cb4bbd977b32b39f99bd464fa471bbdfc3666c423d9ec7c163b3251f28,success,EVALUABLE
run-a481984b1380b3d92215b2debc61c6ab3fb39af3fb3e315c66b43b9cfbddde68,duplicate.rows.e0.n10000.csv,measurement,0,correctness,full_reference,standard,a76bb9458b181500c7bfb9efefcfecfbb019b5a9,tadr-core,0.1.0,proprietary,,a37ec8d336d16dbe4b7a7448071808daaf5e3e0ab03afe3bb7de0ce6882bc31d,1.0,MVP_V1,1.0,1.0.12,354d07d7c83bd6265826bfeea5ad5a8ee1676a77d481616cf99ced47cbfd0b93,b950d6820fef245703aa38148240b811b3135d9a84f246fba4b6e20dd2b2c5da,c21bce58aa9857b4c0db0f0b8fc49257115ae1964241cf4ee2484b21c29d7efd,092e5d7185303414a25438bb0bc0d5f65766ac28881bfe5e77acb96d29d804ee,17f6f0a126b771610b729f6a93ed83d066eca2c1258d94731dc2f3bbb103c7ff,success,EVALUABLE
run-a555748cc59b7c433da29b533f59d806517a12d82285bc6d5487a3829cf53fa4,group.group.r0.n10000.pqstr,measurement,0,correctness,full_reference,standard,a76bb9458b181500c7bfb9efefcfecfbb019b5a9,tadr-core,0.1.0,proprietary,,a37ec8d336d16dbe4b7a7448071808daaf5e3e0ab03afe3bb7de0ce6882bc31d,1.0,MVP_V1,1.0,1.0.12,354d07d7c83bd6265826bfeea5ad5a8ee1676a77d481616cf99ced47cbfd0b93,33fa3abe41adecc9df01209c530e30f33d8c63cea36bdfc686b8f74f3e14065e,3dbbae513651f455b6bf6985ffb1e1b1327856d6847cf7e468697a45b2dd7b0b,4f278338a744fbd95ffe665a18b9add838bf46cfe86741ab4b10d305c1e3c512,f6ced00d9451f37c707f8347e41dbec9e43e5ecdcd1a8cbc3421d1b313f25568,success,EVALUABLE
run-a5824cd8739f7a2d4e9ffe9e6a98ca8346e5508678e2d3917be5e2e0247be5e2,parse.numeric.f6000.n10000.pqstr,measurement,0,correctness,full_reference,standard,a76bb9458b181500c7bfb9efefcfecfbb019b5a9,tadr-core,0.1.0,proprietary,,a37ec8d336d16dbe4b7a7448071808daaf5e3e0ab03afe3bb7de0ce6882bc31d,1.0,MVP_V1,1.0,1.0.12,354d07d7c83bd6265826bfeea5ad5a8ee1676a77d481616cf99ced47cbfd0b93,512075a8a1f567d00e6567451c8e458da8a5dfc7e8fa57b7cb0b023ddeed4956,b000c8ae68b6d835adcbbf08cfe02308d23e7f12a304e0f3545fa3c7d36063ce,0d327e8ea6652eb8d15cbd83d528bd5c236e683ad082ddb3ac11cd0d232fb01b,2d381ce6852abc0a53f9344108952fcc323c9e654c5713f416c49c2f4af6fd3c,success,EVALUABLE
run-a5cd5396f3e044b0562a45738e29fd9aea14b8f4d0e565c5600a7ddc1279643d,leak.mapping.r9990.n10000.pqstr,measurement,1,determinism_small,full_reference,hash_fortytwo,a76bb9458b181500c7bfb9efefcfecfbb019b5a9,tadr-core,0.1.0,proprietary,,a37ec8d336d16dbe4b7a7448071808daaf5e3e0ab03afe3bb7de0ce6882bc31d,1.0,MVP_V1,1.0,1.0.12,354d07d7c83bd6265826bfeea5ad5a8ee1676a77d481616cf99ced47cbfd0b93,a14a7eca9a67116beaeb2bf5bcce12e22957d2316e54dae8375150a513871888,0f91ced0fb3f4f6fdf7deeb8506c1a6a87cb65857cd138c40d2a843f0a42b586,ad6fe3f43221c4ba377525b8d6571ce833046f7bdc59f35cce37ecb46b06d26b,2c5d0a75623a1baadec7180fd9fb1e5b8ea97a1fcfb96f5a9e4045b79d729d1a,success,EVALUABLE
run-a5e144473d464c4c5e7603b6e6feb03eb37181dac04d7954ec8e7adcd0da07c5,sampling.group.head.n300000.pqstr,measurement,0,sampling_bounded,HEAD_STRIDE_V1,standard,a76bb9458b181500c7bfb9efefcfecfbb019b5a9,tadr-core,0.1.0,proprietary,,a37ec8d336d16dbe4b7a7448071808daaf5e3e0ab03afe3bb7de0ce6882bc31d,1.0,MVP_V1,1.0,1.0.12,354d07d7c83bd6265826bfeea5ad5a8ee1676a77d481616cf99ced47cbfd0b93,fa95bf967269c417d9e61ed706cfb3f401aaa95841bde4b3227296067c73ebca,991b7d74fceaa84478484b5e703ec364c8464ec0d2378dc8b6fc12cfac00f74c,dc116d256fad0e925b54e3434452f86cac4a7ea3dcac75fe57bec74d5dc6b4f1,81857ddc1f5beaa625177eed7f0900ddbe7f28931f5a4e8f667ba2ded7db3c8e,success,EVALUABLE
run-a60c087242033d33f2599baaf47851345b791c01c50147b933482050733f5f9f,missing.target.m100.n10000.pqstr,measurement,1,determinism_small,full_reference,decimal_high,a76bb9458b181500c7bfb9efefcfecfbb019b5a9,tadr-core,0.1.0,proprietary,,a37ec8d336d16dbe4b7a7448071808daaf5e3e0ab03afe3bb7de0ce6882bc31d,1.0,MVP_V1,1.0,1.0.12,354d07d7c83bd6265826bfeea5ad5a8ee1676a77d481616cf99ced47cbfd0b93,8637f6905e96c3b06d75c68a1350e6a00570c0b072e3109dfd398f0221d43a26,dcc05a015dde9480b25b2259b6412b34ef38918193008241097bf0dcabebeb14,3cce36688f0fb571fe95924b2c76becaa4aec429d6a2dbacf7a6523f1774c51d,6e3056cac11814e5a889b2f01999946bf9b3d203a23245a7eacc4fdb2fd17997,success,EVALUABLE
run-a678fde9f30cff89a148eb8597a5064635959b5d0c8d48433f0420597cb2b5d5,inference.regression.omit_one.n10000.pqstr,measurement,0,correctness,full_reference,standard,a76bb9458b181500c7bfb9efefcfecfbb019b5a9,tadr-core,0.1.0,proprietary,,a37ec8d336d16dbe4b7a7448071808daaf5e3e0ab03afe3bb7de0ce6882bc31d,1.0,MVP_V1,1.0,1.0.12,354d07d7c83bd6265826bfeea5ad5a8ee1676a77d481616cf99ced47cbfd0b93,d88237374c1e19d8c9dca24dc02bb3dfeec7dd8bde5f556f6f55b09afe1ef27b,b59e631d5075f198ecbf6d9846ac7d64e599c50da1bf9ecd4122111b36f12e1b,fe73bcad0903486a8a639f54a7e57dafade4d36a20b9856724d52987108d5f92,c45ccf584ba2ea3f1900a21283dc491475404dc87eba74bdd24249d951172ab3,success,EVALUABLE
run-a7334be9572b600c58d83a63c41adab66e8c63fdb2e7470040122580b5f4941c,class.support.n100.min5.pqstr,measurement,0,correctness,full_reference,standard,a76bb9458b181500c7bfb9efefcfecfbb019b5a9,tadr-core,0.1.0,proprietary,,a37ec8d336d16dbe4b7a7448071808daaf5e3e0ab03afe3bb7de0ce6882bc31d,1.0,MVP_V1,1.0,1.0.12,354d07d7c83bd6265826bfeea5ad5a8ee1676a77d481616cf99ced47cbfd0b93,05c411b7e714c40603e4f110cb5f6501f370fa92c52d0bd56b0bc0971a0cb830,ca3689e7d3c4c19d79e7daccf7ddff644d307c378e4c31b5f53db2e796c15e23,e7c7969991936fa21b0a5159f2f3522f2842bcecf4c48ec162bd554f381e55d7,14c1d26d675ce01e30db8083e397029e5e94477d3d927d3e4ec4e489c3b3f2d6,success,EVALUABLE
run-a7b9c57ef9b50a93ad7ae4c8edcc690de7e31c348afd412899ff878af2d2993e,duplicate.rows.e101.n10000.csv,measurement,0,correctness,full_reference,standard,a76bb9458b181500c7bfb9efefcfecfbb019b5a9,tadr-core,0.1.0,proprietary,,a37ec8d336d16dbe4b7a7448071808daaf5e3e0ab03afe3bb7de0ce6882bc31d,1.0,MVP_V1,1.0,1.0.12,354d07d7c83bd6265826bfeea5ad5a8ee1676a77d481616cf99ced47cbfd0b93,67bbcf0838215bf86f1d911fd9bbee51b0ed07f64b6be1f780d9ab23342c7d86,21daa8ca9ac85965a8a08e29dca7b8dde5b6605d008433d1f3a9abc581e82db7,100381ebe7e456de685c266fa2461fddb386d3beb15858d1544a0363b1fb5b06,207fc3c8a99c1bd9b514e5847b121698c917d8bf60febf2d00e424222634006d,success,EVALUABLE
run-a819f0aeeb2328ba4df62b5e8fc2975dbf7e5ef3ce7a2da618b8c7311977fbf9,scale.analytics.n1000000.w100.pqnative,measurement,0,scale_regular,scale_default,standard,a76bb9458b181500c7bfb9efefcfecfbb019b5a9,tadr-core,0.1.0,proprietary,,a37ec8d336d16dbe4b7a7448071808daaf5e3e0ab03afe3bb7de0ce6882bc31d,1.0,MVP_V1,1.0,1.0.12,354d07d7c83bd6265826bfeea5ad5a8ee1676a77d481616cf99ced47cbfd0b93,d25dbbf63ac4e299bca118dcf7efa412f5c9e0160cfdacfd074c64cf2324340a,10d9a367a99fed8ea721af4a86aea144f75a56a8c041935bccdfd2b46ae5ef4b,fd12287683aff028fac2bdc23d1559bacd5aae6164479432964902b83d2cba06,ff74c6f99487c34b1f8d5f6812a73084ecea70ffd48738e610206edfb4166a52,success,EVALUABLE
run-a825d3435713b2d6078e035ca1ecfddfb325f927fd289b69a1adc6329274aef9,duplicate.rows.e10.n10000.pqstr,measurement,0,correctness,full_reference,standard,a76bb9458b181500c7bfb9efefcfecfbb019b5a9,tadr-core,0.1.0,proprietary,,a37ec8d336d16dbe4b7a7448071808daaf5e3e0ab03afe3bb7de0ce6882bc31d,1.0,MVP_V1,1.0,1.0.12,354d07d7c83bd6265826bfeea5ad5a8ee1676a77d481616cf99ced47cbfd0b93,4e8bbd5918467ccb2a9300bda63f8ae021dc072c01fa7943124b2816ff5ed69d,9274100355d4703661caef65cae723e0770c5e970c374099698c9d317de6ee46,0679ef417626c1a0238c836363e1b08cb3c19a13776386bebfb6eaa71ee513b9,319ede13eb23851b37965a72f61683b63727d39d70492b63a6b66072f609d28d,success,EVALUABLE
run-a87ffda47403658e94d78b448a435db2f8f21723f9616504b0c48a3967e1f835,identifier.probe_id.u9800.n10000.pqstr,measurement,0,correctness,full_reference,standard,a76bb9458b181500c7bfb9efefcfecfbb019b5a9,tadr-core,0.1.0,proprietary,,a37ec8d336d16dbe4b7a7448071808daaf5e3e0ab03afe3bb7de0ce6882bc31d,1.0,MVP_V1,1.0,1.0.12,354d07d7c83bd6265826bfeea5ad5a8ee1676a77d481616cf99ced47cbfd0b93,bb968a35e69bd24dd204dc26684b691f2807e4f42a2c572868614f69042a7e17,e93fa93fd6d4a84602fd09778519a11e1fd18aea41841d5c96188796c12e8021,662b0164ec61f3434dc719b0bc25055cc86ee7a7010e62e94b18ae1c123a090f,f59f47511fcfa51dda52a836685dbc000e3f4b3133c7103cd8ce65ee23059104,success,EVALUABLE
run-a8a264b36e450fd62f6542e8f98a6dfea0d03761a1cfa21b3f8ee845f7f6de7b,sampling.leakage.head.n300000.pqstr,measurement,0,determinism_sampled,HEAD_STRIDE_V1,hash_fortytwo,a76bb9458b181500c7bfb9efefcfecfbb019b5a9,tadr-core,0.1.0,proprietary,,a37ec8d336d16dbe4b7a7448071808daaf5e3e0ab03afe3bb7de0ce6882bc31d,1.0,MVP_V1,1.0,1.0.12,354d07d7c83bd6265826bfeea5ad5a8ee1676a77d481616cf99ced47cbfd0b93,391ee878f387100813856573a5c36985cb0c9a71b0a90d550ff2764d9fcf3e1f,dbbd4574489e44a2b39ba6fa1a88dd626e04349ed702bd50fc8cb496a303c758,9e190bbc9e80d012e33002628a2aa6b9550dc843afa9163c4192c419f7f30256,77b6da31cfc68fc7ef435fc38d511541410887738dae217ae0579c5de21b9a63,success,EVALUABLE
run-a8c9a93cf13022becc47f171061712c093f4368f6674fa35355b76743a023c77,group.random.r1999.n10000.pqstr,measurement,0,correctness,full_reference,standard,a76bb9458b181500c7bfb9efefcfecfbb019b5a9,tadr-core,0.1.0,proprietary,,a37ec8d336d16dbe4b7a7448071808daaf5e3e0ab03afe3bb7de0ce6882bc31d,1.0,MVP_V1,1.0,1.0.12,354d07d7c83bd6265826bfeea5ad5a8ee1676a77d481616cf99ced47cbfd0b93,f2111d50f797e77678111228c261762116b9affeecbb5c56d2cea11c048d8312,f6afba1665f4c8630efb3904b3c550a51a12ffcb7664cd7751235aa2e0c1772d,ca173b26baf6072fbfdc54efbf3dac06267d4334ff8d02950042b564b336ff2a,80af8f08006a390c98bbac06bc15738c64a0a43cf9af812689fd8b317a8fd448,success,EVALUABLE
run-a92cb79e9f653cf39d87882ad91a97a5ed5d29decf3ca98efc88e68e63790e5b,duplicate.rows.e1000.n10000.pqstr,measurement,0,correctness,full_reference,standard,a76bb9458b181500c7bfb9efefcfecfbb019b5a9,tadr-core,0.1.0,proprietary,,a37ec8d336d16dbe4b7a7448071808daaf5e3e0ab03afe3bb7de0ce6882bc31d,1.0,MVP_V1,1.0,1.0.12,354d07d7c83bd6265826bfeea5ad5a8ee1676a77d481616cf99ced47cbfd0b93,527b6509fc9dd934431fc014d76e81166390e642f576ec66325e68d7f9b30b95,fc7e9bf03f23ffb2582896a0ccb0af001f256cdd3b9761a7a4ae95691efec915,eae69defd68a350aaefdaa6dbad867fdcd3325c53e8af5f7050e20381c018f65,8068c45cd3b10c45d3639e915e0ece5fc7ca2471212e8455e42c45be5a21abb2,success,EVALUABLE
run-a96cb1bf4f0fb19a7680cd8ae749ad011f449515ff584af771d7f39a6427fa39,parse.numeric.f2001.n10000.csv,measurement,1,determinism_small,full_reference,hash_one,a76bb9458b181500c7bfb9efefcfecfbb019b5a9,tadr-core,0.1.0,proprietary,,a37ec8d336d16dbe4b7a7448071808daaf5e3e0ab03afe3bb7de0ce6882bc31d,1.0,MVP_V1,1.0,1.0.12,354d07d7c83bd6265826bfeea5ad5a8ee1676a77d481616cf99ced47cbfd0b93,3ce13524ae9d62dad846a763c42d9aacfb5a8589ed569d2b7e2c83c33307e762,d4e8fa6771ba7922c34782952a10d34189cc6e369636033f87d5d3e1004f25be,3ab1139de98968d383e401edbb099a71bbfa6f7c77eb63da0f020410dc8fbea9,798b3bb3a7a09e1690458cc12572f66a2526305e028621c09c8f3deaf7f9f5e6,success,EVALUABLE
run-aa067453d31c901e20bf040cecac5510d1ca56b77ee2f06b04b32ebc389cdf05,scale.analytics.n100000.w100.pqnative,warmup,0,scale_regular,scale_default,standard,a76bb9458b181500c7bfb9efefcfecfbb019b5a9,tadr-core,0.1.0,proprietary,,a37ec8d336d16dbe4b7a7448071808daaf5e3e0ab03afe3bb7de0ce6882bc31d,1.0,MVP_V1,1.0,1.0.12,354d07d7c83bd6265826bfeea5ad5a8ee1676a77d481616cf99ced47cbfd0b93,c425a35090df82075b20a582f6a2d3e7a5aaa34576d48bf1ebb2ca198bd1c830,ceb558b73829037b2b7a7ac256c2dc73d687948c9c8c8185a6921ff8a4b58e3f,215f6eb497dd7b203240f93a2f4da2d69e358e95654591b3afb8c4ee25f8c215,0ef6a822e72fa1d543c6b3cfcbccaa61e189c02d0d2a29444897671b691f2e99,success,EVALUABLE
run-aa4f340f8a274b551c1fb774735f68e3681d2ede18f5435f6ebb0d4645054946,sampling.duplicate_rows.head.n300000.pqstr,measurement,0,sampling_bounded,HEAD_STRIDE_V1,standard,a76bb9458b181500c7bfb9efefcfecfbb019b5a9,tadr-core,0.1.0,proprietary,,a37ec8d336d16dbe4b7a7448071808daaf5e3e0ab03afe3bb7de0ce6882bc31d,1.0,MVP_V1,1.0,1.0.12,354d07d7c83bd6265826bfeea5ad5a8ee1676a77d481616cf99ced47cbfd0b93,f8876d7627a9646a1b21e5110e82d2290f719a97ac35bb04646117423848c4ef,2f6fec32d6ba9776653f81fe896fb463ac3ebfd99671b93936166acd97e13e57,9df437435c77b8c7ac425cfa5671f0b2616bf03a91103424ed6b18e911b698ed,a35410029d2e6f595675a63de53033758090df5cb3f9a2f830f886678d6b8852,success,EVALUABLE
run-aae6dab9d08e9284eb5d57cb5f34764da118d287f85d74a196af4a70fc902d23,class.binary.min200.n10000.pqstr,measurement,0,correctness,full_reference,standard,a76bb9458b181500c7bfb9efefcfecfbb019b5a9,tadr-core,0.1.0,proprietary,,a37ec8d336d16dbe4b7a7448071808daaf5e3e0ab03afe3bb7de0ce6882bc31d,1.0,MVP_V1,1.0,1.0.12,354d07d7c83bd6265826bfeea5ad5a8ee1676a77d481616cf99ced47cbfd0b93,1b9ff54828ae8ad8b486304e864e3b318f68904994276f37fee4e41b4e9de042,9c28e6058b8f4ced3cfaa4ba4a8d3842c192eecc065cd926ed40f4a248dd557f,9408d75d339f2e135635eae42ea485d2221ce9fc72fd4fe869042bb74c1f8034,c74ba706b90f203929f0c4c72509d2ae911e3038d10a7f2b6bdbdd839993f961,success,EVALUABLE
run-ab5b41e0a3e0fe3fbf52f078de3c54e7ba462311c9fb632d6c440a39176c092b,duplicate.keys.e100.n10000.pqstr,measurement,0,determinism_small,full_reference,standard,a76bb9458b181500c7bfb9efefcfecfbb019b5a9,tadr-core,0.1.0,proprietary,,a37ec8d336d16dbe4b7a7448071808daaf5e3e0ab03afe3bb7de0ce6882bc31d,1.0,MVP_V1,1.0,1.0.12,354d07d7c83bd6265826bfeea5ad5a8ee1676a77d481616cf99ced47cbfd0b93,d4771be5474988df57cf885b339f6604b0599e5ce1b21751eb597aadcf7c8b49,a3f9bf2b671cb66ea52c1a6259c86cba85f0283264edff978e40352e6732e2da,1d4438ddaf9b6339e1c52deb4a6313aa48f2e91f654f85a160312f334854a8d7,56f2229a8d01fcb7d81254381995d51f850d00b858e94ec88623316d89bfad29,success,EVALUABLE
run-ab99ac242d95335a12ee74f26c27ca7487fa0593632be9c051623294f6edcf70,group.group.r0.n10000.csv,measurement,0,correctness,full_reference,standard,a76bb9458b181500c7bfb9efefcfecfbb019b5a9,tadr-core,0.1.0,proprietary,,a37ec8d336d16dbe4b7a7448071808daaf5e3e0ab03afe3bb7de0ce6882bc31d,1.0,MVP_V1,1.0,1.0.12,354d07d7c83bd6265826bfeea5ad5a8ee1676a77d481616cf99ced47cbfd0b93,058165789be152acaf1c2c564560d37c72c641732c6137c40978d54ce5ba8ff4,3dbbae513651f455b6bf6985ffb1e1b1327856d6847cf7e468697a45b2dd7b0b,24acc847998a62076e46f6fefb9ff4dec4071e680115b6cb1de00603ec389492,f6ced00d9451f37c707f8347e41dbec9e43e5ecdcd1a8cbc3421d1b313f25568,success,EVALUABLE
run-abc2781676489c2530924b00b2376fb0b02d2f8a9ab1e8775596f6d0069d4f8b,leak.control.support50.csv,measurement,0,correctness,full_reference,standard,a76bb9458b181500c7bfb9efefcfecfbb019b5a9,tadr-core,0.1.0,proprietary,,a37ec8d336d16dbe4b7a7448071808daaf5e3e0ab03afe3bb7de0ce6882bc31d,1.0,MVP_V1,1.0,1.0.12,354d07d7c83bd6265826bfeea5ad5a8ee1676a77d481616cf99ced47cbfd0b93,406b1484973149fbe47bd5643d361042fa7b782fd94cbc8bdd672d1d9420e499,fb9869e4b89d2c17100821dc40ce8baf48e6f4688b45617a6945b83b78df0d46,380c10a3f22a746559b9d9d8b939a84bd629591e8c334b8e4460e61087555351,05528f2574dabe71519334bf5f621f288dcbbe8a597e91b171e49c369308ef72,success,EVALUABLE
run-abd64c21b46d9c1c9198c482d999edf2afab529405d613650de180f392005e98,sampling.class_boundary.gaps.n300000.pqstr,measurement,0,sampling_bounded,HEAD_STRIDE_V1,standard,a76bb9458b181500c7bfb9efefcfecfbb019b5a9,tadr-core,0.1.0,proprietary,,a37ec8d336d16dbe4b7a7448071808daaf5e3e0ab03afe3bb7de0ce6882bc31d,1.0,MVP_V1,1.0,1.0.12,354d07d7c83bd6265826bfeea5ad5a8ee1676a77d481616cf99ced47cbfd0b93,c1c7d2dea4541f16728fbcc722cd51032839b008d1982ef21d87c02365f1cf95,ef1060bf3acdcf442d5c565b5e781205c768aa074d15e30ef6c2137da43adefc,3d368cf305426015f1cc3c2047c13749c4050d2d5063745094147879874ac7f1,ae4cb121c2209a040b1ca60c0549adc8e2ceea1d0e6e2b54855edd6073427f08,success,EVALUABLE
run-ac02c3b7d0565923a3f9915f3aad7084eaaa6f7f09338d3b28cc73794f21a8ec,identifier.measurement.u9800.n10000.csv,measurement,0,correctness,full_reference,standard,a76bb9458b181500c7bfb9efefcfecfbb019b5a9,tadr-core,0.1.0,proprietary,,a37ec8d336d16dbe4b7a7448071808daaf5e3e0ab03afe3bb7de0ce6882bc31d,1.0,MVP_V1,1.0,1.0.12,354d07d7c83bd6265826bfeea5ad5a8ee1676a77d481616cf99ced47cbfd0b93,e60dd0248f776f7ea7353cae4b1c489e07f633dca7c71e1ccfb49c805041ace2,14d65a9a6d447c780b697501964110ec82c7c93a2890e74f978f4b5d572b022c,10fdc4fd5e6e6ae4c1218389567d87454a2e307559cbfd90ef28f72be1f2cabb,582d79aa399ba59a16aba01de8cc3dcf3b860e2a61c4a793505dd448b3e50040,success,EVALUABLE
run-ac128fc788dea14322d5850efa75548ed7949a47160c5351eb8ac45373670f46,sampling.class_boundary.middle.n300000.pqstr,measurement,0,sampling_reference,full_reference,standard,a76bb9458b181500c7bfb9efefcfecfbb019b5a9,tadr-core,0.1.0,proprietary,,a37ec8d336d16dbe4b7a7448071808daaf5e3e0ab03afe3bb7de0ce6882bc31d,1.0,MVP_V1,1.0,1.0.12,354d07d7c83bd6265826bfeea5ad5a8ee1676a77d481616cf99ced47cbfd0b93,39bc0e39708d7bf11ad64a9ac55e46f006ea3a2f61c7e7ed8309656b618e16db,9aa5d5c98cd0d9eb3637909882e3814b32b741e1f38df524611060a02a54d901,f7c3f69d339daf2f3489224efdda81e4de4523f748bc632f12892db274da4a56,52d771e915e298d2f54e3d35384966404333c798a8ae18e977d00744e307b9e6,success,EVALUABLE
run-ac8da7613935a68c761dc1d51b42000ea79dc4230662830b9a0edd252340acdc,duplicate.rows.e500.n10000.csv,measurement,0,determinism_small,full_reference,decimal_high,a76bb9458b181500c7bfb9efefcfecfbb019b5a9,tadr-core,0.1.0,proprietary,,a37ec8d336d16dbe4b7a7448071808daaf5e3e0ab03afe3bb7de0ce6882bc31d,1.0,MVP_V1,1.0,1.0.12,354d07d7c83bd6265826bfeea5ad5a8ee1676a77d481616cf99ced47cbfd0b93,644dcee9707dec5114f2d81d7a0203e70e474037f8daecee75dee486a0fe8732,266dbcf0f8269bb64d47322d4f374dccecb313c65eb95fb40f83d5356d46531a,d18babeae2628e826903b1cfa7724f03fe9f1f8451d8d8ed5dc4c94175f30cfd,6bf4c3e8e8b5b5acffd3304d13e94e2589e2fda5f5f01317b809b2221c49704a,success,EVALUABLE
run-acece9e5dd8b737ada3a9e76e421d34c5bc89787cec9fad4634884de58eef62c,parse.numeric.f2001.n10000.pqstr,measurement,0,correctness,full_reference,standard,a76bb9458b181500c7bfb9efefcfecfbb019b5a9,tadr-core,0.1.0,proprietary,,a37ec8d336d16dbe4b7a7448071808daaf5e3e0ab03afe3bb7de0ce6882bc31d,1.0,MVP_V1,1.0,1.0.12,354d07d7c83bd6265826bfeea5ad5a8ee1676a77d481616cf99ced47cbfd0b93,4d4def4f8ad3e40cea52b8d9218be4ade8f54c3e883c6208ebfa8993934a4101,d4e8fa6771ba7922c34782952a10d34189cc6e369636033f87d5d3e1004f25be,e96f53860f29c04da2ea981b1dac0da6378f07905e323e1c2eb21fcfe72f0408,798b3bb3a7a09e1690458cc12572f66a2526305e028621c09c8f3deaf7f9f5e6,success,EVALUABLE
run-ad278e83834e5bfd689f60fee0bf6c2aa69cd57b452bfdd1ec414ca726ff3537,leak.mapping.r9989.n10000.pqstr,measurement,0,correctness,full_reference,standard,a76bb9458b181500c7bfb9efefcfecfbb019b5a9,tadr-core,0.1.0,proprietary,,a37ec8d336d16dbe4b7a7448071808daaf5e3e0ab03afe3bb7de0ce6882bc31d,1.0,MVP_V1,1.0,1.0.12,354d07d7c83bd6265826bfeea5ad5a8ee1676a77d481616cf99ced47cbfd0b93,b8c1547d09e2ad212bf31639a23e0c1f90d51d1022714029e5dc5640201b84aa,b4d4b8d81f22e033230d17fcb4ab5896c869d31031272ebc1fffa4f0677a41f5,c75f8ed46a51960a76f50c9dae56b6571f8c051182dca626aaa9e02f26cb4a4b,6ffe48db64832e375e3163439d4f4e302c996e5ba5574753e3b414881b3a1f54,success,EVALUABLE
run-ad61fd7527262d74bea0ebed3199d7300d46dee12c818495286137524dddc75a,sampling.cardinality.middle.n300000.pqstr,measurement,0,sampling_bounded,HEAD_STRIDE_V1,standard,a76bb9458b181500c7bfb9efefcfecfbb019b5a9,tadr-core,0.1.0,proprietary,,a37ec8d336d16dbe4b7a7448071808daaf5e3e0ab03afe3bb7de0ce6882bc31d,1.0,MVP_V1,1.0,1.0.12,354d07d7c83bd6265826bfeea5ad5a8ee1676a77d481616cf99ced47cbfd0b93,ff2a824791ca3feabf69536673fe38c268af6fd744c0d9f09114aba5330c29b9,60d9b7d4b08e7b015628170ec8b5a0d05ad34cff47efbe67800662354d93bf82,e681b788a84d596e1e6336e10562ae32d886e7648bbb043b0520f71d49603a00,05d80693cfbce0a054dc82aa07fe08fe75f594552064ddaf9446c3876ee05707,success,EVALUABLE
run-ae4b3f36f6b2a4f434fc5e581f8148fd9ad2e2074fe6bde8508862af273b2c29,identifier.probe_id.u9800.n10000.csv,measurement,0,correctness,full_reference,standard,a76bb9458b181500c7bfb9efefcfecfbb019b5a9,tadr-core,0.1.0,proprietary,,a37ec8d336d16dbe4b7a7448071808daaf5e3e0ab03afe3bb7de0ce6882bc31d,1.0,MVP_V1,1.0,1.0.12,354d07d7c83bd6265826bfeea5ad5a8ee1676a77d481616cf99ced47cbfd0b93,51d1126145a301a1e2ffb0f1221974f4c7cd4201a2d6038861ddb70e95a1ce42,e93fa93fd6d4a84602fd09778519a11e1fd18aea41841d5c96188796c12e8021,1877fca1d49770719f62ab579ab62c062e4a4dcb49c0005878d871f600c0580e,f59f47511fcfa51dda52a836685dbc000e3f4b3133c7103cd8ce65ee23059104,success,EVALUABLE
run-aed0056dda20aef87dad324391669b140258c212bcb26571d36bcea6d0f6f4bd,clean.time_series.n10000.pqstr,measurement,1,determinism_small,full_reference,decimal_low,a76bb9458b181500c7bfb9efefcfecfbb019b5a9,tadr-core,0.1.0,proprietary,,a37ec8d336d16dbe4b7a7448071808daaf5e3e0ab03afe3bb7de0ce6882bc31d,1.0,MVP_V1,1.0,1.0.12,354d07d7c83bd6265826bfeea5ad5a8ee1676a77d481616cf99ced47cbfd0b93,8322062e63685b8112167dcb49a36fe157f77e6501ba63e3b7278e359c264d9b,4f838d4abee75cd21df2e8dca33c8ba961ae18c8b65acef38303383a66823ca0,2003b2258425e91889e0dbe0f3d1b8e8fbd5339102ae656beb08dae10b7e672f,0a9462adb4f3a726e0c6c316d28af3c3f3221b362d080fd58c987dd210770d51,success,EVALUABLE
run-afc1d30408af1864b815a8c1a49963cf37da3a1f70c9518c8b97d0dfe9f0941e,inference.analytics.omit_one.n10000.pqstr,measurement,0,determinism_small,full_reference,standard,a76bb9458b181500c7bfb9efefcfecfbb019b5a9,tadr-core,0.1.0,proprietary,,a37ec8d336d16dbe4b7a7448071808daaf5e3e0ab03afe3bb7de0ce6882bc31d,1.0,MVP_V1,1.0,1.0.12,354d07d7c83bd6265826bfeea5ad5a8ee1676a77d481616cf99ced47cbfd0b93,a7c3e91cddedc578ff4faba06e8cdf7473946c00d616156efcfa1d03333de65d,c21bce58aa9857b4c0db0f0b8fc49257115ae1964241cf4ee2484b21c29d7efd,5cf27988e1ae3c6b815116bb089b3cdaa5908e0910e613d64ec192d49043e5ad,52993d17719a855b9f2fd7291909eb672f8c4155f0b88346a70b0ce100f9bd94,success,EVALUABLE
run-b0621fd76448e9d418d34d712a2e7a0fd855030cd59fd95a994302f30ffe6f15,parse.numeric.f4000.n10000.csv,measurement,0,correctness,full_reference,standard,a76bb9458b181500c7bfb9efefcfecfbb019b5a9,tadr-core,0.1.0,proprietary,,a37ec8d336d16dbe4b7a7448071808daaf5e3e0ab03afe3bb7de0ce6882bc31d,1.0,MVP_V1,1.0,1.0.12,354d07d7c83bd6265826bfeea5ad5a8ee1676a77d481616cf99ced47cbfd0b93,423553aa411d44022a85348835bbc53753cdfba9d159487e02f037fb34814f85,f2cdf9e1c8c634cddd8bced1595b97b01dae0495e3cf22a9c436154524a43787,99519f0423288d0c4546afa32b640ff5bf1ad00134dfeba295a7a68974c6b6a8,5f72201f8cc4889a1478d2bb06b4415a57ba8e322ea18f6f9f5ba4a83ddc0304,success,EVALUABLE
run-b0f85b1cae841cacccfd73c39a7416a7dc6415e14151e1f87b844bab90f73f01,clean.time_series.n10000.pqstr,measurement,0,determinism_small,full_reference,standard,a76bb9458b181500c7bfb9efefcfecfbb019b5a9,tadr-core,0.1.0,proprietary,,a37ec8d336d16dbe4b7a7448071808daaf5e3e0ab03afe3bb7de0ce6882bc31d,1.0,MVP_V1,1.0,1.0.12,354d07d7c83bd6265826bfeea5ad5a8ee1676a77d481616cf99ced47cbfd0b93,8322062e63685b8112167dcb49a36fe157f77e6501ba63e3b7278e359c264d9b,4f838d4abee75cd21df2e8dca33c8ba961ae18c8b65acef38303383a66823ca0,2003b2258425e91889e0dbe0f3d1b8e8fbd5339102ae656beb08dae10b7e672f,0a9462adb4f3a726e0c6c316d28af3c3f3221b362d080fd58c987dd210770d51,success,EVALUABLE
run-b23a1f11939efa6f5b99aac75dd39cdf35a9687bc99f24b92e016f3288fe93bb,sampling.class_boundary.tail.n300000.pqstr,measurement,0,sampling_bounded,HEAD_STRIDE_V1,standard,a76bb9458b181500c7bfb9efefcfecfbb019b5a9,tadr-core,0.1.0,proprietary,,a37ec8d336d16dbe4b7a7448071808daaf5e3e0ab03afe3bb7de0ce6882bc31d,1.0,MVP_V1,1.0,1.0.12,354d07d7c83bd6265826bfeea5ad5a8ee1676a77d481616cf99ced47cbfd0b93,005430e37ca777a0bd4c396483be99802c279c55c523d173c4c55e7fd6fb4b22,3a22430940e159a604b513b547de3301987b17e3f2162b8df17dfa7ce1fb6e25,6d4d58af41f6051938d10865d69081ca9bdd39b184fa5dbc8690d1ca781c6356,95fd4adc523ca24df3134009bcc892aa25f62648b0531544ff4895264fec4f1a,success,EVALUABLE
run-b338739176fde84972f4520bd44ee99b8ff878327231329dde3b45a1b0452be4,leak.mapping.r9990.n10000.pqstr,measurement,1,determinism_small,full_reference,hash_one,a76bb9458b181500c7bfb9efefcfecfbb019b5a9,tadr-core,0.1.0,proprietary,,a37ec8d336d16dbe4b7a7448071808daaf5e3e0ab03afe3bb7de0ce6882bc31d,1.0,MVP_V1,1.0,1.0.12,354d07d7c83bd6265826bfeea5ad5a8ee1676a77d481616cf99ced47cbfd0b93,a14a7eca9a67116beaeb2bf5bcce12e22957d2316e54dae8375150a513871888,0f91ced0fb3f4f6fdf7deeb8506c1a6a87cb65857cd138c40d2a843f0a42b586,ad6fe3f43221c4ba377525b8d6571ce833046f7bdc59f35cce37ecb46b06d26b,2c5d0a75623a1baadec7180fd9fb1e5b8ea97a1fcfb96f5a9e4045b79d729d1a,success,EVALUABLE
run-b38f829f0858e7999d64d830d7ea34c53858b2f8f04e9e1558ca4b091cd13cbd,group.random.r2000.n10000.csv,measurement,1,determinism_small,full_reference,standard,a76bb9458b181500c7bfb9efefcfecfbb019b5a9,tadr-core,0.1.0,proprietary,,a37ec8d336d16dbe4b7a7448071808daaf5e3e0ab03afe3bb7de0ce6882bc31d,1.0,MVP_V1,1.0,1.0.12,354d07d7c83bd6265826bfeea5ad5a8ee1676a77d481616cf99ced47cbfd0b93,a7f2fa480a475a37fb77b449eadfbae99f0032003e6d3a9842f7a9094f231350,9594c53132cc5da7b983625018f02ce64e675a692247ea4230159680b2043661,1040d9b90d3d9437d2a8098d9f531add44dbfe183cadbbd17238e7cb126449f8,e2fbfbeaeabda936db187cf8d6b6f5ed419464b327427b2894a0dd2309238694,success,EVALUABLE
run-b3e6dab2783ab1a7deea6a9ada856dd951c267c35e42aef7e9595061e536e164,scale.analytics.n10000.w300.pqnative,measurement,2,scale_regular,scale_default,standard,a76bb9458b181500c7bfb9efefcfecfbb019b5a9,tadr-core,0.1.0,proprietary,,a37ec8d336d16dbe4b7a7448071808daaf5e3e0ab03afe3bb7de0ce6882bc31d,1.0,MVP_V1,1.0,1.0.12,354d07d7c83bd6265826bfeea5ad5a8ee1676a77d481616cf99ced47cbfd0b93,0adc706ee34164a13168d904c32b47a52921f113857b4f909143088fcadfb145,401fd68055c4e41793de578ae01445bc0a0e59eccded1e0aed605a2fadc3f151,7b3bd3449c70f2654b83a39bb465b83a903856ef72e1a604b05dbb80894b517d,3a2a064b307ce029eaa20e665dc425da4801dfc1306d353253ac005e8ecc89c3,success,EVALUABLE
run-b46436eead2f4cbfff78e4d00e4115a902fbde7053fec24e13c29f1ab89370be,scale.analytics.n10000.w20.pqnative,measurement,1,scale_regular,scale_default,standard,a76bb9458b181500c7bfb9efefcfecfbb019b5a9,tadr-core,0.1.0,proprietary,,a37ec8d336d16dbe4b7a7448071808daaf5e3e0ab03afe3bb7de0ce6882bc31d,1.0,MVP_V1,1.0,1.0.12,354d07d7c83bd6265826bfeea5ad5a8ee1676a77d481616cf99ced47cbfd0b93,6442fc0d239603b112473fa20eebb358a111f94c63287e53759f219b03ad238d,24ff9ced210c268e93fdabb97820844dcc68c3edc4897def7fe688b559417589,bfd9e0bf58847a40751bb70011c38f39620504198c085e10c56e1904bef1ae87,ef2a2d5b7585e1216bb537912e27642a0e7256d7df2e0cf0c71319712b1bcb70,success,EVALUABLE
run-b4b8716eca444888cdb73cc112f379c0032c9bf31f5b5caf49602fb75b0a77b0,sampling.missingness.head.n300000.pqstr,measurement,0,sampling_bounded,HEAD_STRIDE_V1,standard,a76bb9458b181500c7bfb9efefcfecfbb019b5a9,tadr-core,0.1.0,proprietary,,a37ec8d336d16dbe4b7a7448071808daaf5e3e0ab03afe3bb7de0ce6882bc31d,1.0,MVP_V1,1.0,1.0.12,354d07d7c83bd6265826bfeea5ad5a8ee1676a77d481616cf99ced47cbfd0b93,7ba6b23c7e26894e76ca095536ca548739a477af7b9ab735e8b7c7abbc99d417,344e356e05574a174881b50a989f7cd5774e534d7b74dfaa6cf11cefbbaec5ce,7257273ea54144673e24dbb1fa79c386aeda3691815c4178654d54122650dbe2,a423899fab80d21900e87fedccff592dd644b7b290b1fbe2e3161b87deeedc6c,success,EVALUABLE
run-b4eea8006bb6841a1d0ac222e8b2a7212a5a16920d56287fb3d258614baab836,duplicate.rows.e500.n10000.csv,measurement,0,determinism_small,full_reference,hash_one,a76bb9458b181500c7bfb9efefcfecfbb019b5a9,tadr-core,0.1.0,proprietary,,a37ec8d336d16dbe4b7a7448071808daaf5e3e0ab03afe3bb7de0ce6882bc31d,1.0,MVP_V1,1.0,1.0.12,354d07d7c83bd6265826bfeea5ad5a8ee1676a77d481616cf99ced47cbfd0b93,644dcee9707dec5114f2d81d7a0203e70e474037f8daecee75dee486a0fe8732,266dbcf0f8269bb64d47322d4f374dccecb313c65eb95fb40f83d5356d46531a,d18babeae2628e826903b1cfa7724f03fe9f1f8451d8d8ed5dc4c94175f30cfd,6bf4c3e8e8b5b5acffd3304d13e94e2589e2fda5f5f01317b809b2221c49704a,success,EVALUABLE
run-b547c2624075caad3764b4955d4ffe40565127c70162e750e8729f44c117bd07,timestamp.time_series.valid8001.n10000.pqstr,measurement,0,correctness,full_reference,standard,a76bb9458b181500c7bfb9efefcfecfbb019b5a9,tadr-core,0.1.0,proprietary,,a37ec8d336d16dbe4b7a7448071808daaf5e3e0ab03afe3bb7de0ce6882bc31d,1.0,MVP_V1,1.0,1.0.12,354d07d7c83bd6265826bfeea5ad5a8ee1676a77d481616cf99ced47cbfd0b93,d1941237caa09cafdc4639245f530a99de688fb68cfb3934cab2c1066140d32c,9d04a3bcca1aff8a102ecdc09c087c1dee89de7700231d86af08388bcce39a90,58d582257139bae7ca452f0ec0f7930a5ff89f592d3bbf193dc788ae55f901e1,daccec0f2ee4a9946b6789b0cc11bbb4a71a59f37447e1911b6f9cc1d8d68016,success,EVALUABLE
run-b58f83c15cf4031b74311143ea6e848c8dee3307213fe56065496eeccd3a5f10,sampling.duplicate_rows.gaps.n300000.pqstr,measurement,0,determinism_sampled,HEAD_STRIDE_V1,timezone_berlin,a76bb9458b181500c7bfb9efefcfecfbb019b5a9,tadr-core,0.1.0,proprietary,,a37ec8d336d16dbe4b7a7448071808daaf5e3e0ab03afe3bb7de0ce6882bc31d,1.0,MVP_V1,1.0,1.0.12,354d07d7c83bd6265826bfeea5ad5a8ee1676a77d481616cf99ced47cbfd0b93,3023f1ab50b0238fb78ded29f1e5fe537251eeefe145fe3c5511c463f5fb2529,dca64ab915085ef54aab1c6005cb3ae0bb6e1e653f1cdd4e56567b1dc62b6214,4f4537d8606299c589e3d4d73210dd25314804effe7dddd293de8fd398cb5333,2172640162e2476eed3814dbe606c92dcd731a341f047492d889141823258cca,success,EVALUABLE
run-b5ca3c0fecd96bec69968969f984940503374a9826809807acc3e6720a2abdf9,class.binary.min100.n10000.csv,measurement,0,correctness,full_reference,standard,a76bb9458b181500c7bfb9efefcfecfbb019b5a9,tadr-core,0.1.0,proprietary,,a37ec8d336d16dbe4b7a7448071808daaf5e3e0ab03afe3bb7de0ce6882bc31d,1.0,MVP_V1,1.0,1.0.12,354d07d7c83bd6265826bfeea5ad5a8ee1676a77d481616cf99ced47cbfd0b93,aa84f56776b5c6e7b0afc8d04c62fcd7cf7c594c4052696a0f5aafb656bd2aba,04c1db30738bbdf993c0250b2cf5489f50f36f82f13a18c39365371e7b79e8f8,f9e392b7859fceb36f83b5f02428a0b04f38e00aa1ee46dee1b958f226f19b51,96fb7b0270ca64958d44266af66820ca00963259e47427147ee0805cf27816da,success,EVALUABLE
run-b5e4d1029928d4964c496d48c72bfc3b7f8fba6e57cbfa30798a5b521c5f1130,split.analytics_random_valid.n10000.csv,measurement,0,correctness,full_reference,standard,a76bb9458b181500c7bfb9efefcfecfbb019b5a9,tadr-core,0.1.0,proprietary,,a37ec8d336d16dbe4b7a7448071808daaf5e3e0ab03afe3bb7de0ce6882bc31d,1.0,MVP_V1,1.0,1.0.12,354d07d7c83bd6265826bfeea5ad5a8ee1676a77d481616cf99ced47cbfd0b93,6e9d3f8479dcb95a8795c3f88896b96b468de4457aacc8b747838d6cd7715b27,c21bce58aa9857b4c0db0f0b8fc49257115ae1964241cf4ee2484b21c29d7efd,092e5d7185303414a25438bb0bc0d5f65766ac28881bfe5e77acb96d29d804ee,17f6f0a126b771610b729f6a93ed83d066eca2c1258d94731dc2f3bbb103c7ff,success,EVALUABLE
run-b60f42fdd07cbd4a26fed30e201224e590ef3a1c267221ff249be60fdd0ee02c,leak.mapping.r9990.n10000.pqstr,measurement,0,determinism_small,full_reference,hash_one,a76bb9458b181500c7bfb9efefcfecfbb019b5a9,tadr-core,0.1.0,proprietary,,a37ec8d336d16dbe4b7a7448071808daaf5e3e0ab03afe3bb7de0ce6882bc31d,1.0,MVP_V1,1.0,1.0.12,354d07d7c83bd6265826bfeea5ad5a8ee1676a77d481616cf99ced47cbfd0b93,a14a7eca9a67116beaeb2bf5bcce12e22957d2316e54dae8375150a513871888,0f91ced0fb3f4f6fdf7deeb8506c1a6a87cb65857cd138c40d2a843f0a42b586,ad6fe3f43221c4ba377525b8d6571ce833046f7bdc59f35cce37ecb46b06d26b,2c5d0a75623a1baadec7180fd9fb1e5b8ea97a1fcfb96f5a9e4045b79d729d1a,success,EVALUABLE
run-b63548e036abf9601e67b2c57fa93110515c339412ed95f59b33f9da4be667e7,sampling.cardinality.middle.n300000.pqstr,measurement,0,sampling_reference,full_reference,standard,a76bb9458b181500c7bfb9efefcfecfbb019b5a9,tadr-core,0.1.0,proprietary,,a37ec8d336d16dbe4b7a7448071808daaf5e3e0ab03afe3bb7de0ce6882bc31d,1.0,MVP_V1,1.0,1.0.12,354d07d7c83bd6265826bfeea5ad5a8ee1676a77d481616cf99ced47cbfd0b93,ff2a824791ca3feabf69536673fe38c268af6fd744c0d9f09114aba5330c29b9,60d9b7d4b08e7b015628170ec8b5a0d05ad34cff47efbe67800662354d93bf82,e681b788a84d596e1e6336e10562ae32d886e7648bbb043b0520f71d49603a00,ea0f60c92ed901acb1f0c2c989ec491cbf4c346a10a6abbd68603f638b77f2d6,success,EVALUABLE
run-b6e0f00c4a6784429621d5ecf0c5e824787770e496cb2256442c28515e950549,sampling.duplicate_keys.gaps.n300000.pqstr,measurement,0,sampling_reference,full_reference,standard,a76bb9458b181500c7bfb9efefcfecfbb019b5a9,tadr-core,0.1.0,proprietary,,a37ec8d336d16dbe4b7a7448071808daaf5e3e0ab03afe3bb7de0ce6882bc31d,1.0,MVP_V1,1.0,1.0.12,354d07d7c83bd6265826bfeea5ad5a8ee1676a77d481616cf99ced47cbfd0b93,f300a94650c09dc4ce1c677488a4f0ddc6418939dfdafa452fd2be3c74aab48c,5597fee7c3dde729695ce5c329e6836d3018c375806faf60ff970a552f321446,cfa342d4a80ee9263204fa1c7f6842bf1f95b02ed7185d10bf25dd252e290099,db99939cd47fe017abb05f4a303fee92802e0b7614671a8aacaebec0c14dd552,success,EVALUABLE
run-b6fea01f0f0a827d9f0a603ded50a1ba503f472f7eab617f5b133f45d69abd72,sampling.leakage.tail.n300000.pqstr,measurement,0,sampling_bounded,HEAD_STRIDE_V1,standard,a76bb9458b181500c7bfb9efefcfecfbb019b5a9,tadr-core,0.1.0,proprietary,,a37ec8d336d16dbe4b7a7448071808daaf5e3e0ab03afe3bb7de0ce6882bc31d,1.0,MVP_V1,1.0,1.0.12,354d07d7c83bd6265826bfeea5ad5a8ee1676a77d481616cf99ced47cbfd0b93,ca9a48dd372d3ed7904c17ef0a25d8c8765cdbb3c5eadae14522724f37a3cff7,b372b1c22c605864e7a8cda9c3a8d9926f2cd86bec3dda0dff7006872e5346e5,1ddc341550fd76a664bbf54128b3f63bfc061ff720156f0be367a887bd3ab721,6df8bd715e4aa8e60403feac12dd11625b0062f085716f6d5458aa52d4499878,success,EVALUABLE
run-b75ff2179b064cca512317a87d97fe4f1f2ef9f8294744597d51dd1620f8f872,inference.analytics.omit_one.n10000.pqstr,measurement,0,determinism_small,full_reference,decimal_high,a76bb9458b181500c7bfb9efefcfecfbb019b5a9,tadr-core,0.1.0,proprietary,,a37ec8d336d16dbe4b7a7448071808daaf5e3e0ab03afe3bb7de0ce6882bc31d,1.0,MVP_V1,1.0,1.0.12,354d07d7c83bd6265826bfeea5ad5a8ee1676a77d481616cf99ced47cbfd0b93,a7c3e91cddedc578ff4faba06e8cdf7473946c00d616156efcfa1d03333de65d,c21bce58aa9857b4c0db0f0b8fc49257115ae1964241cf4ee2484b21c29d7efd,5cf27988e1ae3c6b815116bb089b3cdaa5908e0910e613d64ec192d49043e5ad,52993d17719a855b9f2fd7291909eb672f8c4155f0b88346a70b0ce100f9bd94,success,EVALUABLE
run-b76af4f22cd6ba8675ae9552024c05904eccb08d2fc4f18c6edd854f6b8d4694,timestamp.regression.valid9499.n10000.csv,measurement,0,correctness,full_reference,standard,a76bb9458b181500c7bfb9efefcfecfbb019b5a9,tadr-core,0.1.0,proprietary,,a37ec8d336d16dbe4b7a7448071808daaf5e3e0ab03afe3bb7de0ce6882bc31d,1.0,MVP_V1,1.0,1.0.12,354d07d7c83bd6265826bfeea5ad5a8ee1676a77d481616cf99ced47cbfd0b93,b434fbea635fddd644946ddd69fe04298e9bb0bc5841e13cea4dee31dbc7cb98,5c4992cd925e0f8bbbb24a66c581c20bc7dfa51d5e11b5fddf8e48946caccdca,432669509796a6b41b68d63286e255c88c06448ab5fd13d2790447fabe26173e,204f9ff757398127d14aac52407f8d0763fe9bc53570f384b2f8c2603cd54248,success,EVALUABLE
run-b8106f2101b8a8b03b9925280cc33f3173026d0dba7bb843013f26a055643103,inference.classification.omit_one.n10000.pqstr,measurement,0,correctness,full_reference,standard,a76bb9458b181500c7bfb9efefcfecfbb019b5a9,tadr-core,0.1.0,proprietary,,a37ec8d336d16dbe4b7a7448071808daaf5e3e0ab03afe3bb7de0ce6882bc31d,1.0,MVP_V1,1.0,1.0.12,354d07d7c83bd6265826bfeea5ad5a8ee1676a77d481616cf99ced47cbfd0b93,fd1b6d7e4cf2bca2a298a0d5322e86966ac8242a09d3f702809bb1e43de7fe84,54396f5a0a2e24afc00b12c9f7bfd0fd14c0fa44b46ee52e4811e096e3dce878,100b079551da484ff77db65ff1f4b490c2ded14924c03a292b62f8961a819e3d,473c1b5e54bcaa4020cd48756a9bfdc40edb0256e1b035d4cbb70fda064d0176,success,EVALUABLE
run-b901b28e9dd5301fcad75c5d7b1e7459317097d7a5d812aae3e3de3f9442d73c,timestamp.regression.valid7999.n10000.pqstr,measurement,0,correctness,full_reference,standard,a76bb9458b181500c7bfb9efefcfecfbb019b5a9,tadr-core,0.1.0,proprietary,,a37ec8d336d16dbe4b7a7448071808daaf5e3e0ab03afe3bb7de0ce6882bc31d,1.0,MVP_V1,1.0,1.0.12,354d07d7c83bd6265826bfeea5ad5a8ee1676a77d481616cf99ced47cbfd0b93,c039be4b826fb772ae54e93342e9f41c7429c0aee822fb4b90afd5ab8ea63c87,b9556fd3ae079f363afb302b58c234a76729f1cf7e8634cf18a480f4c5324ddf,9c062e4b318db9c875d5cfe6135bd1e179ab37db978a049bfed0ef92abf08235,a2d41f38319a688e90dc07d9f7b85972da034bd0b59950ed12ce19de8ce0b7c7,success,EVALUABLE
run-b90d977f2833fe77c2814afc3b5adc81d16f21cd4d698fd269ee23309d7594ee,group.random.r499.n10000.pqstr,measurement,0,correctness,full_reference,standard,a76bb9458b181500c7bfb9efefcfecfbb019b5a9,tadr-core,0.1.0,proprietary,,a37ec8d336d16dbe4b7a7448071808daaf5e3e0ab03afe3bb7de0ce6882bc31d,1.0,MVP_V1,1.0,1.0.12,354d07d7c83bd6265826bfeea5ad5a8ee1676a77d481616cf99ced47cbfd0b93,c73ab614b1462771321dc45324a40f12500207eee3c04d9f833444bd81f25a53,834fc0f1017f05357a59ed6a4b4d16ac21c70bf8e27a81817f077b7272c456e7,f48d57bcb0c9976683494238a94eca24b4fb71b7de288b5e0feb97522bc5aea0,ffce9fc3a311cc419388572337945e574c746f94962c2d09db46503e4e868a22,success,EVALUABLE
run-b9d2771d0145bf59fa826156591e953af4f65ec01f10fcbc963f69d42953517c,composite.quality_accumulation_k3.n10000.csv,measurement,0,correctness,full_reference,standard,a76bb9458b181500c7bfb9efefcfecfbb019b5a9,tadr-core,0.1.0,proprietary,,a37ec8d336d16dbe4b7a7448071808daaf5e3e0ab03afe3bb7de0ce6882bc31d,1.0,MVP_V1,1.0,1.0.12,354d07d7c83bd6265826bfeea5ad5a8ee1676a77d481616cf99ced47cbfd0b93,ed1944d313f34c0d5cde9b2747b9c66d17d82f92398e1ea9238964343cffee9a,3e5c2e3bc17e51766b3d10f3889453a0ec0506798cd811d8c95c0f92a14d1827,f0487c301c72ae91637feb1b909aab6f073de8be89158637541b6aec29d8b485,d94d660c63bc7d95c1b1c3679e214cd8f1e45ff8a201a286aab32587febfe6be,success,EVALUABLE
run-ba0ab45956320524f7ef72c84880bdbcde94ea1ef7e90a402b2391c681addfbf,group.random.r2001.n10000.pqstr,measurement,0,correctness,full_reference,standard,a76bb9458b181500c7bfb9efefcfecfbb019b5a9,tadr-core,0.1.0,proprietary,,a37ec8d336d16dbe4b7a7448071808daaf5e3e0ab03afe3bb7de0ce6882bc31d,1.0,MVP_V1,1.0,1.0.12,354d07d7c83bd6265826bfeea5ad5a8ee1676a77d481616cf99ced47cbfd0b93,c80b7ea7016c5723bc602f9c80207171157cee929cd56e314ffdb7e8c7ac7af7,b36021425ce74872e98ee6822c364aba21b8484209764fd4b61f0891fc99dd52,6edd39c18c322550e8a6e58ca78b29048965d87228d880e49f279db097b184e3,9e83f283c58b35d86192ce1c9d6c4c294f0a232125e1a197480d9ba29d69d244,success,EVALUABLE
run-ba0ca66669c27d804a3a1be9995d04bd05bbaf2dfba4ab5f843378ea5ffb8739,sampling.leakage.head.n300000.pqstr,measurement,1,determinism_sampled,HEAD_STRIDE_V1,decimal_low,a76bb9458b181500c7bfb9efefcfecfbb019b5a9,tadr-core,0.1.0,proprietary,,a37ec8d336d16dbe4b7a7448071808daaf5e3e0ab03afe3bb7de0ce6882bc31d,1.0,MVP_V1,1.0,1.0.12,354d07d7c83bd6265826bfeea5ad5a8ee1676a77d481616cf99ced47cbfd0b93,391ee878f387100813856573a5c36985cb0c9a71b0a90d550ff2764d9fcf3e1f,dbbd4574489e44a2b39ba6fa1a88dd626e04349ed702bd50fc8cb496a303c758,9e190bbc9e80d012e33002628a2aa6b9550dc843afa9163c4192c419f7f30256,77b6da31cfc68fc7ef435fc38d511541410887738dae217ae0579c5de21b9a63,success,EVALUABLE
run-bb69309af9f118ea67de75ed79f179647972400e2bef5dc16b86fc378edb0383,scale.regression.n1000000.w20.pqnative,measurement,0,scale_regular,scale_default,standard,a76bb9458b181500c7bfb9efefcfecfbb019b5a9,tadr-core,0.1.0,proprietary,,a37ec8d336d16dbe4b7a7448071808daaf5e3e0ab03afe3bb7de0ce6882bc31d,1.0,MVP_V1,1.0,1.0.12,354d07d7c83bd6265826bfeea5ad5a8ee1676a77d481616cf99ced47cbfd0b93,205013dcbbd91507f7d11188d01e3261a824fb56a978e4601f93182086e5ed80,10ebf96b1cbab97559b91207ba48ba90372877a7bd3ed455b32a8ffc576296f7,4a1bd7ef53253a94b8c2aec43ecb776b0ea18ba483a0ed14f15f871e9e4f9640,1ac03770c5d28d2fa24ac6a48086b328527896ca5d386eed0e88ab8f6655a58e,success,EVALUABLE
run-bba1492c7950d31d0582194e9050fc29bc16c13da3b1d2cccc77c3b99d801386,composite.missing_parse.n10000.csv,measurement,0,correctness,full_reference,standard,a76bb9458b181500c7bfb9efefcfecfbb019b5a9,tadr-core,0.1.0,proprietary,,a37ec8d336d16dbe4b7a7448071808daaf5e3e0ab03afe3bb7de0ce6882bc31d,1.0,MVP_V1,1.0,1.0.12,354d07d7c83bd6265826bfeea5ad5a8ee1676a77d481616cf99ced47cbfd0b93,4229d467640fcd610576ceb7e3677f2b63c2eddbf17f1b49f8f2bbebb5598ac0,deaa9fc24eed21b74a40a080ab5a378cd2861e43af1a53c48b8e69c0aa2b923d,8c1de5d5aa9beec2786beb8c18c59815237818990002b6dd04642d518ec4ec98,04fc0719df8bc9611e02b8df32ec2f46f8cb9d4d0099693551227ed2d4f81b2f,success,EVALUABLE
run-bd6ab3250752d7aff4aca4db9fe1cd441fc0f2a40cd0eccd67b7a4cb44a5037b,inference.analytics.omit_one.n10000.pqstr,measurement,0,determinism_small,full_reference,decimal_low,a76bb9458b181500c7bfb9efefcfecfbb019b5a9,tadr-core,0.1.0,proprietary,,a37ec8d336d16dbe4b7a7448071808daaf5e3e0ab03afe3bb7de0ce6882bc31d,1.0,MVP_V1,1.0,1.0.12,354d07d7c83bd6265826bfeea5ad5a8ee1676a77d481616cf99ced47cbfd0b93,a7c3e91cddedc578ff4faba06e8cdf7473946c00d616156efcfa1d03333de65d,c21bce58aa9857b4c0db0f0b8fc49257115ae1964241cf4ee2484b21c29d7efd,5cf27988e1ae3c6b815116bb089b3cdaa5908e0910e613d64ec192d49043e5ad,52993d17719a855b9f2fd7291909eb672f8c4155f0b88346a70b0ce100f9bd94,success,EVALUABLE
run-bdb1e8712c32e31e0cad0a44728784b628c890fb09b961d2ebcfe210c216a30b,parse.numeric.f1999.n10000.csv,measurement,0,correctness,full_reference,standard,a76bb9458b181500c7bfb9efefcfecfbb019b5a9,tadr-core,0.1.0,proprietary,,a37ec8d336d16dbe4b7a7448071808daaf5e3e0ab03afe3bb7de0ce6882bc31d,1.0,MVP_V1,1.0,1.0.12,354d07d7c83bd6265826bfeea5ad5a8ee1676a77d481616cf99ced47cbfd0b93,f2cc72db9e72b84a6c188ed35cb29cb7474a070379feae75f8560d90eb1c6833,084c21c776805dc083534b93ba4ab99ae12da6020916753179d9c4cdd82135f3,5da33237bc93d2d64a2b44558867ad7c66b941ad97b86b02c6c1218fc578ee00,8ac5604a72b8821a53d0a41738120d001b10bedbb249f7e3917500fe8c4c5748,success,EVALUABLE
run-bdc9e1bc497007d39d77d6f5b2c22b65afce167c9532f3d22db3ee14774f4e35,timestamp.regression.valid8001.n10000.pqstr,measurement,0,correctness,full_reference,standard,a76bb9458b181500c7bfb9efefcfecfbb019b5a9,tadr-core,0.1.0,proprietary,,a37ec8d336d16dbe4b7a7448071808daaf5e3e0ab03afe3bb7de0ce6882bc31d,1.0,MVP_V1,1.0,1.0.12,354d07d7c83bd6265826bfeea5ad5a8ee1676a77d481616cf99ced47cbfd0b93,2121ec7cbcf5d2bd3b08f8248591c0b5ffe64c018cd8f1e0e4a094459e640940,9d04a3bcca1aff8a102ecdc09c087c1dee89de7700231d86af08388bcce39a90,58d582257139bae7ca452f0ec0f7930a5ff89f592d3bbf193dc788ae55f901e1,1d9bacd7cbc786562b6592e16340d25b2a735ab0fb01d57af4f26a2afe97bcdb,success,EVALUABLE
run-be261515b75492befedad23b59449e731204b36dc3d08c26dd1aa3548152eca9,leak.control.zero_pairs.n10000.pqstr,measurement,0,correctness,full_reference,standard,a76bb9458b181500c7bfb9efefcfecfbb019b5a9,tadr-core,0.1.0,proprietary,,a37ec8d336d16dbe4b7a7448071808daaf5e3e0ab03afe3bb7de0ce6882bc31d,1.0,MVP_V1,1.0,1.0.12,354d07d7c83bd6265826bfeea5ad5a8ee1676a77d481616cf99ced47cbfd0b93,b539a81447808d8facf2b97c66b038961d4199844dbd5dde846793fb5e967ca1,3a2079e942ab91a860e1b947c6cb0c48b55a44f2ecfd145c9b84c8ab2dd4bc7f,8ae32b5eaa555da9aaed8eb458796dc0c4320f76db37af12827fdbe235ecc8dd,409ae8264ff10888a98ec320669c6899fef7bbe37cbdb6c7719d37ff4245cc88,success,EVALUABLE
run-be85ca55502e326b48e40c72480059ae26bd62e3f7df90f69a6f7ccd13a7339d,duplicate.keys.e11.n10000.pqstr,measurement,0,correctness,full_reference,standard,a76bb9458b181500c7bfb9efefcfecfbb019b5a9,tadr-core,0.1.0,proprietary,,a37ec8d336d16dbe4b7a7448071808daaf5e3e0ab03afe3bb7de0ce6882bc31d,1.0,MVP_V1,1.0,1.0.12,354d07d7c83bd6265826bfeea5ad5a8ee1676a77d481616cf99ced47cbfd0b93,47f39875525c914e5db45541d526d92f8b5a6c241eeae9ce2c59f9f06c61ee43,1de40a19b558e0f2088a2acc083e098375a12f3c5f8d78bf736191af6f66e8b1,0d47fbbcd1107866adc0f0941cc4fb5d75ae3c82f5fc65f1bcdea65c94e746a0,91774c50d0081e1c376a52cf9a34b4512e3ebb5626fc99619a77a70d9906dbd0,success,EVALUABLE
run-becb5af0dbc438d8efbbcf5f5b3464174b4c1ece813be03ffe94d7000346f504,scale.analytics.n100000.w100.pqnative,measurement,0,scale_regular,scale_default,standard,a76bb9458b181500c7bfb9efefcfecfbb019b5a9,tadr-core,0.1.0,proprietary,,a37ec8d336d16dbe4b7a7448071808daaf5e3e0ab03afe3bb7de0ce6882bc31d,1.0,MVP_V1,1.0,1.0.12,354d07d7c83bd6265826bfeea5ad5a8ee1676a77d481616cf99ced47cbfd0b93,c425a35090df82075b20a582f6a2d3e7a5aaa34576d48bf1ebb2ca198bd1c830,ceb558b73829037b2b7a7ac256c2dc73d687948c9c8c8185a6921ff8a4b58e3f,215f6eb497dd7b203240f93a2f4da2d69e358e95654591b3afb8c4ee25f8c215,0ef6a822e72fa1d543c6b3cfcbccaa61e189c02d0d2a29444897671b691f2e99,success,EVALUABLE
run-bf1998664db2e488c180db5957569ba27587503b3b2f22347d6cea5f3cf5d180,inference.analytics.empty.n10000.pqstr,measurement,0,correctness,full_reference,standard,a76bb9458b181500c7bfb9efefcfecfbb019b5a9,tadr-core,0.1.0,proprietary,,a37ec8d336d16dbe4b7a7448071808daaf5e3e0ab03afe3bb7de0ce6882bc31d,1.0,MVP_V1,1.0,1.0.12,354d07d7c83bd6265826bfeea5ad5a8ee1676a77d481616cf99ced47cbfd0b93,3cf43d926b782e8cbce5074bb0374b573eb83a6bc17efe65c9c60f89f523a866,c21bce58aa9857b4c0db0f0b8fc49257115ae1964241cf4ee2484b21c29d7efd,5cf27988e1ae3c6b815116bb089b3cdaa5908e0910e613d64ec192d49043e5ad,5544fb271a485096c9fa7d5189401b2c3e9484ddceb8689e576f844aa48e01fd,success,EVALUABLE
run-bf391acfd963d67149727217e1c5b27f5103241b127189ab0bcca4fbc65ce821,timestamp.time_series.valid9501.n10000.pqstr,measurement,0,correctness,full_reference,standard,a76bb9458b181500c7bfb9efefcfecfbb019b5a9,tadr-core,0.1.0,proprietary,,a37ec8d336d16dbe4b7a7448071808daaf5e3e0ab03afe3bb7de0ce6882bc31d,1.0,MVP_V1,1.0,1.0.12,354d07d7c83bd6265826bfeea5ad5a8ee1676a77d481616cf99ced47cbfd0b93,7280d6ae755bbc42d2a04138ccc83996bf878dcac3331beeb8a9bce90a5e4d29,ddb6993b1bbe74114351c64fa8301f8c833fdb4f313c8530aca4eb9d6f5684b8,6540ded1b5d739ac67098f0d42bf346928ef785052e787d2ccd7c2cfcd99cd28,697782ae57f33f043d4b2c8efcf6c91e5a0a2be7ceb9b721f9490f6e5ef92abc,success,EVALUABLE
run-bf40fbad25bba87f1facdca6a3dac40dfd54a3d19427f0437b4e239cd05b1982,sampling.parse.head.n300000.pqstr,measurement,0,sampling_bounded,HEAD_STRIDE_V1,standard,a76bb9458b181500c7bfb9efefcfecfbb019b5a9,tadr-core,0.1.0,proprietary,,a37ec8d336d16dbe4b7a7448071808daaf5e3e0ab03afe3bb7de0ce6882bc31d,1.0,MVP_V1,1.0,1.0.12,354d07d7c83bd6265826bfeea5ad5a8ee1676a77d481616cf99ced47cbfd0b93,d781f1fa6dee28f97442308d3a5c0ad7d760698f04dc16f99fc8bb3f25d2543f,5797bed75e5474c0d6c4a3690b428ac79464b580113f7d1cc44af0e513038575,2beac78d4754d6ab564c33200a89ca3ab4d9d06813f745de97d3ef9f8a6eb451,34eb82d7a18c4798ee87fbfcc15ac821fed0bcaf709855b876511756ec6ae49a,success,EVALUABLE
run-bf6d679a871d4c0f03a5048132e93ed0c65cbd34465dce11f68400c354263b80,sampling.duplicate_rows.gaps.n300000.pqstr,measurement,1,determinism_sampled,HEAD_STRIDE_V1,hash_fortytwo,a76bb9458b181500c7bfb9efefcfecfbb019b5a9,tadr-core,0.1.0,proprietary,,a37ec8d336d16dbe4b7a7448071808daaf5e3e0ab03afe3bb7de0ce6882bc31d,1.0,MVP_V1,1.0,1.0.12,354d07d7c83bd6265826bfeea5ad5a8ee1676a77d481616cf99ced47cbfd0b93,3023f1ab50b0238fb78ded29f1e5fe537251eeefe145fe3c5511c463f5fb2529,dca64ab915085ef54aab1c6005cb3ae0bb6e1e653f1cdd4e56567b1dc62b6214,4f4537d8606299c589e3d4d73210dd25314804effe7dddd293de8fd398cb5333,2172640162e2476eed3814dbe606c92dcd731a341f047492d889141823258cca,success,EVALUABLE
run-c1066d9fc176bd075bd23e93de6f08d72d919d1664ce090a8dcd6b207b0963ef,group.time.r499.n10000.csv,measurement,0,correctness,full_reference,standard,a76bb9458b181500c7bfb9efefcfecfbb019b5a9,tadr-core,0.1.0,proprietary,,a37ec8d336d16dbe4b7a7448071808daaf5e3e0ab03afe3bb7de0ce6882bc31d,1.0,MVP_V1,1.0,1.0.12,354d07d7c83bd6265826bfeea5ad5a8ee1676a77d481616cf99ced47cbfd0b93,5bd956ddb5e242fe8cb30529ddcacc3865d5f255e785f2b279de3d9eb3fa1493,834fc0f1017f05357a59ed6a4b4d16ac21c70bf8e27a81817f077b7272c456e7,a239b25aa83b11463264cf6aeb3da96154253f3320d63bfa0ef5dd0010c211d1,ffce9fc3a311cc419388572337945e574c746f94962c2d09db46503e4e868a22,success,EVALUABLE
run-c11a6f7ea9753f423fae3122a238d88116e6bc4e97b9d99e029a401383d0c920,inference.time_series.omit_one.n10000.pqstr,measurement,0,correctness,full_reference,standard,a76bb9458b181500c7bfb9efefcfecfbb019b5a9,tadr-core,0.1.0,proprietary,,a37ec8d336d16dbe4b7a7448071808daaf5e3e0ab03afe3bb7de0ce6882bc31d,1.0,MVP_V1,1.0,1.0.12,354d07d7c83bd6265826bfeea5ad5a8ee1676a77d481616cf99ced47cbfd0b93,34d62a04f5d0860801a7d496047e88e9a7745c2ae7c0206ecf64d36b445cb6b2,4f838d4abee75cd21df2e8dca33c8ba961ae18c8b65acef38303383a66823ca0,2003b2258425e91889e0dbe0f3d1b8e8fbd5339102ae656beb08dae10b7e672f,3be317d11047b3355276d4b04a451fa3e4b8e6beeff5c9658628621b3bdca6c7,success,EVALUABLE
run-c156450b7f296a81e137be3b1dd3b86a7155d0ee0b89787045d08f4b71d71920,duplicate.keys.e100.n10000.csv,measurement,0,correctness,full_reference,standard,a76bb9458b181500c7bfb9efefcfecfbb019b5a9,tadr-core,0.1.0,proprietary,,a37ec8d336d16dbe4b7a7448071808daaf5e3e0ab03afe3bb7de0ce6882bc31d,1.0,MVP_V1,1.0,1.0.12,354d07d7c83bd6265826bfeea5ad5a8ee1676a77d481616cf99ced47cbfd0b93,9cae44376822b9da9ab0485629e4f4eaacb37e26db4038901f3bda29c9cef8ae,a3f9bf2b671cb66ea52c1a6259c86cba85f0283264edff978e40352e6732e2da,354d14ffd6d4d8b48dbeb83bbd3099bd22db126e2b3566d4f59ac29aee032cfe,56f2229a8d01fcb7d81254381995d51f850d00b858e94ec88623316d89bfad29,success,EVALUABLE
run-c22a9fde46d9cd5cc83229fe1d5e3cb9d94d93bb83f6fed1544292886cd30691,parse.numeric.f2001.n10000.csv,measurement,1,determinism_small,full_reference,timezone_berlin,a76bb9458b181500c7bfb9efefcfecfbb019b5a9,tadr-core,0.1.0,proprietary,,a37ec8d336d16dbe4b7a7448071808daaf5e3e0ab03afe3bb7de0ce6882bc31d,1.0,MVP_V1,1.0,1.0.12,354d07d7c83bd6265826bfeea5ad5a8ee1676a77d481616cf99ced47cbfd0b93,3ce13524ae9d62dad846a763c42d9aacfb5a8589ed569d2b7e2c83c33307e762,d4e8fa6771ba7922c34782952a10d34189cc6e369636033f87d5d3e1004f25be,3ab1139de98968d383e401edbb099a71bbfa6f7c77eb63da0f020410dc8fbea9,798b3bb3a7a09e1690458cc12572f66a2526305e028621c09c8f3deaf7f9f5e6,success,EVALUABLE
run-c2bdb125d3444c7f89be89882c8005e07f24d0cc8f709a0c24bb485fb5726c9b,duplicate.keys.e101.n10000.csv,measurement,0,correctness,full_reference,standard,a76bb9458b181500c7bfb9efefcfecfbb019b5a9,tadr-core,0.1.0,proprietary,,a37ec8d336d16dbe4b7a7448071808daaf5e3e0ab03afe3bb7de0ce6882bc31d,1.0,MVP_V1,1.0,1.0.12,354d07d7c83bd6265826bfeea5ad5a8ee1676a77d481616cf99ced47cbfd0b93,cf901ce097aaa41e6020c0efe6fd9c1b6f992e93851460afc3817bbd031dbbc5,c0811ec8943c7b8c1680a6c9bd5297665dacfcf7f28344ac632ca9b18256efd2,ab8987ea23a21cf4cd02db013a9426ddb4b7028236f4e29c2c2ce743982490e8,ebb86142fae51c9ccfed9fa217f68133210880969ec04a5c333248ded26e1d59,success,EVALUABLE
run-c2f9911b0bcff8784a1607d886da14d624cb886ffda8fd6d649a69df21857bf0,scale.regression.n1000000.w20.pqnative,measurement,2,scale_regular,scale_default,standard,a76bb9458b181500c7bfb9efefcfecfbb019b5a9,tadr-core,0.1.0,proprietary,,a37ec8d336d16dbe4b7a7448071808daaf5e3e0ab03afe3bb7de0ce6882bc31d,1.0,MVP_V1,1.0,1.0.12,354d07d7c83bd6265826bfeea5ad5a8ee1676a77d481616cf99ced47cbfd0b93,205013dcbbd91507f7d11188d01e3261a824fb56a978e4601f93182086e5ed80,10ebf96b1cbab97559b91207ba48ba90372877a7bd3ed455b32a8ffc576296f7,4a1bd7ef53253a94b8c2aec43ecb776b0ea18ba483a0ed14f15f871e9e4f9640,1ac03770c5d28d2fa24ac6a48086b328527896ca5d386eed0e88ab8f6655a58e,success,EVALUABLE
run-c4268f6262032ea7fb839a9873c083da85cdf5993b1600df74f0ea8d9fb77a0c,scale.analytics.n10000.w20.csv,warmup,0,scale_regular,scale_default,standard,a76bb9458b181500c7bfb9efefcfecfbb019b5a9,tadr-core,0.1.0,proprietary,,a37ec8d336d16dbe4b7a7448071808daaf5e3e0ab03afe3bb7de0ce6882bc31d,1.0,MVP_V1,1.0,1.0.12,354d07d7c83bd6265826bfeea5ad5a8ee1676a77d481616cf99ced47cbfd0b93,32ef1770e6e778226a33f03bb350d28f3fa415b58f165af87f6dc16d812bf684,c3405fbdaa9b6adefec6e61f4ab27c6f35cb4ea48ede5986b0805a11a21acf89,e8cd5f712d1f9ee3c3084d9717ec85fc48bd7ab83a4e027b24903cac62457fc7,e8a86697ac481fe44301c314b1ace960374df0e2ef0062b42761d33ac8305481,success,EVALUABLE
run-c447bd77b8b8e7241c5c92821247307b7304c91329e034773e9757b9bdbedc55,leak.control.bool_numeric_mapping.n10000.pqstr,measurement,0,correctness,full_reference,standard,a76bb9458b181500c7bfb9efefcfecfbb019b5a9,tadr-core,0.1.0,proprietary,,a37ec8d336d16dbe4b7a7448071808daaf5e3e0ab03afe3bb7de0ce6882bc31d,1.0,MVP_V1,1.0,1.0.12,354d07d7c83bd6265826bfeea5ad5a8ee1676a77d481616cf99ced47cbfd0b93,39a7a8e44a326e101498d8aa37405a88157fb315599404d61066a5653395484e,5a2941c8c41aa5c0268afa7397e1ee07bc7bf23a756e45621b156c942b0cbbfe,42895aa1de83ad8b6134140de4b41adc620a8d9f9cb24bcc03a4f54650ffc3a5,a47a22c79af9570257f448dfc6626eaa8aea67b95c38be6feadd7720ba2079db,success,EVALUABLE
run-c4dfba4f1f40c99748738b928f8e14eaa23b3a80523a99df3139e19d496ecf9d,timestamp.time_series.valid9501.n10000.csv,measurement,0,correctness,full_reference,standard,a76bb9458b181500c7bfb9efefcfecfbb019b5a9,tadr-core,0.1.0,proprietary,,a37ec8d336d16dbe4b7a7448071808daaf5e3e0ab03afe3bb7de0ce6882bc31d,1.0,MVP_V1,1.0,1.0.12,354d07d7c83bd6265826bfeea5ad5a8ee1676a77d481616cf99ced47cbfd0b93,1c14a6e3843a21de023fac4ad33af1546170befe34d6874064bcd8c5309f3c56,ddb6993b1bbe74114351c64fa8301f8c833fdb4f313c8530aca4eb9d6f5684b8,6c321293091f36c1d7892619682803bb665f77428ef4bd4f15eb4e91f59d6fed,b1b094a795cda057d2a7bf0c19e78840ddb936a661023417ff1afe13eadbc9c4,success,EVALUABLE
run-c5c7ac7b5491c76f05ae4e85b39e8222dd56e4ad0edc0582a983c96f54f6439a,scale.regression.n1000000.w20.pqnative,measurement,1,scale_regular,scale_default,standard,a76bb9458b181500c7bfb9efefcfecfbb019b5a9,tadr-core,0.1.0,proprietary,,a37ec8d336d16dbe4b7a7448071808daaf5e3e0ab03afe3bb7de0ce6882bc31d,1.0,MVP_V1,1.0,1.0.12,354d07d7c83bd6265826bfeea5ad5a8ee1676a77d481616cf99ced47cbfd0b93,205013dcbbd91507f7d11188d01e3261a824fb56a978e4601f93182086e5ed80,10ebf96b1cbab97559b91207ba48ba90372877a7bd3ed455b32a8ffc576296f7,4a1bd7ef53253a94b8c2aec43ecb776b0ea18ba483a0ed14f15f871e9e4f9640,1ac03770c5d28d2fa24ac6a48086b328527896ca5d386eed0e88ab8f6655a58e,success,EVALUABLE
run-c62abe006e01dc1d46469f8c0a46e95d7653553a5d95dcf08617eb0c77eebbdb,clean.analytics.n10000.pqstr,measurement,0,correctness,full_reference,standard,a76bb9458b181500c7bfb9efefcfecfbb019b5a9,tadr-core,0.1.0,proprietary,,a37ec8d336d16dbe4b7a7448071808daaf5e3e0ab03afe3bb7de0ce6882bc31d,1.0,MVP_V1,1.0,1.0.12,354d07d7c83bd6265826bfeea5ad5a8ee1676a77d481616cf99ced47cbfd0b93,8c8beca4d7cdd7d77b622f54be7cd3ed7f877f26de314f06f54df08ce4681808,c21bce58aa9857b4c0db0f0b8fc49257115ae1964241cf4ee2484b21c29d7efd,5cf27988e1ae3c6b815116bb089b3cdaa5908e0910e613d64ec192d49043e5ad,17f6f0a126b771610b729f6a93ed83d066eca2c1258d94731dc2f3bbb103c7ff,success,EVALUABLE
run-c6418399a9a905ffe798383ed97820cc4130b29a8ebb88bf50bf7a24cce7c9fb,clean.classification.n10000.csv,measurement,1,determinism_small,full_reference,timezone_berlin,a76bb9458b181500c7bfb9efefcfecfbb019b5a9,tadr-core,0.1.0,proprietary,,a37ec8d336d16dbe4b7a7448071808daaf5e3e0ab03afe3bb7de0ce6882bc31d,1.0,MVP_V1,1.0,1.0.12,354d07d7c83bd6265826bfeea5ad5a8ee1676a77d481616cf99ced47cbfd0b93,e4e9d58fe89b7e1e6e157add2956c13dd3dbd59893ee45db1629261bed48a88e,54396f5a0a2e24afc00b12c9f7bfd0fd14c0fa44b46ee52e4811e096e3dce878,56ce133fa0edd9eb44a77aba46b91b3bf8bde4a67d67d9228b1ba8351d06e99b,16c3d31334c44ea9575b6366891977e65a866269efc479ddd24ab6fbf0b18ee6,success,EVALUABLE
run-c6b900d2bb363d6152373dd08f712e396edbed78003f81d08057d69a788e81c8,missing.target.m100.n10000.pqstr,measurement,0,determinism_small,full_reference,standard,a76bb9458b181500c7bfb9efefcfecfbb019b5a9,tadr-core,0.1.0,proprietary,,a37ec8d336d16dbe4b7a7448071808daaf5e3e0ab03afe3bb7de0ce6882bc31d,1.0,MVP_V1,1.0,1.0.12,354d07d7c83bd6265826bfeea5ad5a8ee1676a77d481616cf99ced47cbfd0b93,8637f6905e96c3b06d75c68a1350e6a00570c0b072e3109dfd398f0221d43a26,dcc05a015dde9480b25b2259b6412b34ef38918193008241097bf0dcabebeb14,3cce36688f0fb571fe95924b2c76becaa4aec429d6a2dbacf7a6523f1774c51d,6e3056cac11814e5a889b2f01999946bf9b3d203a23245a7eacc4fdb2fd17997,success,EVALUABLE
run-c6d5e7ca58207202d05fb2bf7497a88b9389c959c1ade242e709aaf150ff95fd,clean.classification.n10000.csv,measurement,1,determinism_small,full_reference,standard,a76bb9458b181500c7bfb9efefcfecfbb019b5a9,tadr-core,0.1.0,proprietary,,a37ec8d336d16dbe4b7a7448071808daaf5e3e0ab03afe3bb7de0ce6882bc31d,1.0,MVP_V1,1.0,1.0.12,354d07d7c83bd6265826bfeea5ad5a8ee1676a77d481616cf99ced47cbfd0b93,e4e9d58fe89b7e1e6e157add2956c13dd3dbd59893ee45db1629261bed48a88e,54396f5a0a2e24afc00b12c9f7bfd0fd14c0fa44b46ee52e4811e096e3dce878,56ce133fa0edd9eb44a77aba46b91b3bf8bde4a67d67d9228b1ba8351d06e99b,16c3d31334c44ea9575b6366891977e65a866269efc479ddd24ab6fbf0b18ee6,success,EVALUABLE
run-c6da8c35a1567a6d92304ba79532b8b9f0e1f377cf5b860d78c22288bda9b7ec,sampling.leakage.head.n300000.pqstr,measurement,1,determinism_sampled,HEAD_STRIDE_V1,standard,a76bb9458b181500c7bfb9efefcfecfbb019b5a9,tadr-core,0.1.0,proprietary,,a37ec8d336d16dbe4b7a7448071808daaf5e3e0ab03afe3bb7de0ce6882bc31d,1.0,MVP_V1,1.0,1.0.12,354d07d7c83bd6265826bfeea5ad5a8ee1676a77d481616cf99ced47cbfd0b93,391ee878f387100813856573a5c36985cb0c9a71b0a90d550ff2764d9fcf3e1f,dbbd4574489e44a2b39ba6fa1a88dd626e04349ed702bd50fc8cb496a303c758,9e190bbc9e80d012e33002628a2aa6b9550dc843afa9163c4192c419f7f30256,77b6da31cfc68fc7ef435fc38d511541410887738dae217ae0579c5de21b9a63,success,EVALUABLE
run-c7616ca83a2663d2fb82b1b45c432a72601f9b259852da5a6355971c7f1f5e38,class.binary.min5000.n10000.pqstr,measurement,0,correctness,full_reference,standard,a76bb9458b181500c7bfb9efefcfecfbb019b5a9,tadr-core,0.1.0,proprietary,,a37ec8d336d16dbe4b7a7448071808daaf5e3e0ab03afe3bb7de0ce6882bc31d,1.0,MVP_V1,1.0,1.0.12,354d07d7c83bd6265826bfeea5ad5a8ee1676a77d481616cf99ced47cbfd0b93,080a80931c660df57f6fabeaeedd2275600eb41046657b6f843c64f0a9d5c67d,b982e9e91b1e2890293b31ca498183e02b98ddf0df4c5b420a40edc7fffbcabe,ac433209088ec5995a482c0a3447473f8da718a54cb3c028139381b6ca4099ed,16c3d31334c44ea9575b6366891977e65a866269efc479ddd24ab6fbf0b18ee6,success,EVALUABLE
run-c7737ef61a1c8c1ad59b9ac9b1047c66e1515f60533bc8fa1ce671231145cf61,parse.numeric.f100.n10000.pqstr,measurement,0,correctness,full_reference,standard,a76bb9458b181500c7bfb9efefcfecfbb019b5a9,tadr-core,0.1.0,proprietary,,a37ec8d336d16dbe4b7a7448071808daaf5e3e0ab03afe3bb7de0ce6882bc31d,1.0,MVP_V1,1.0,1.0.12,354d07d7c83bd6265826bfeea5ad5a8ee1676a77d481616cf99ced47cbfd0b93,19b5f8ae89740e4bb11ad82a14bd3ba9cda3eee0c3c3f4620e4351c68813b02c,7b45fdfc88cf8eef4c23eb4a03fc26c33cd68f1256852a7d5efe1494ce7d60b2,f9da121f487afaac50bb685b49c0e8516df98416869cb932fa27532f0af25fa2,9a6fd34b4ff2939deaa389674c2393b98a3b5df3f122f3a9001c2ab7245482a2,success,EVALUABLE
run-c845dc45931811a996b600715d030747d0f1ad95e3d94c7fb07eb99fb6943b9e,group.random.r2000.n10000.pqstr,measurement,0,correctness,full_reference,standard,a76bb9458b181500c7bfb9efefcfecfbb019b5a9,tadr-core,0.1.0,proprietary,,a37ec8d336d16dbe4b7a7448071808daaf5e3e0ab03afe3bb7de0ce6882bc31d,1.0,MVP_V1,1.0,1.0.12,354d07d7c83bd6265826bfeea5ad5a8ee1676a77d481616cf99ced47cbfd0b93,f1024cc7d50e1361a4348758712eba19133d0aa2540f82b6b2e343d1be3a55f5,9594c53132cc5da7b983625018f02ce64e675a692247ea4230159680b2043661,7384a28987fd99985a0e802a751009aa78e94ae94dff638c6f52c7ba4d3ca377,e2fbfbeaeabda936db187cf8d6b6f5ed419464b327427b2894a0dd2309238694,success,EVALUABLE
run-c893010dfbb0df03c5d597d68568bd7479eeffa7b5144ec8d5b494ff6be513a6,composite.missing_parse.n10000.pqstr,measurement,0,correctness,full_reference,standard,a76bb9458b181500c7bfb9efefcfecfbb019b5a9,tadr-core,0.1.0,proprietary,,a37ec8d336d16dbe4b7a7448071808daaf5e3e0ab03afe3bb7de0ce6882bc31d,1.0,MVP_V1,1.0,1.0.12,354d07d7c83bd6265826bfeea5ad5a8ee1676a77d481616cf99ced47cbfd0b93,2d4c8122bbf45f0fbb6eb76ce88c75fb3211180d539f2956992575eadea4ee53,deaa9fc24eed21b74a40a080ab5a378cd2861e43af1a53c48b8e69c0aa2b923d,7f8528849847c17110e62077609b99c50a14dadd4c79f7b03b0a99a40442e49e,06d655ff3c82676ae063f76471ad7693d7909ca2ab2ba48e1d01928d5434dc59,success,EVALUABLE
run-c9aff75f323b784e5a407d57cebbf4719e98521b298d7952518b7723103a9331,composite.timestamp_random.n10000.csv,measurement,0,determinism_small,full_reference,decimal_high,a76bb9458b181500c7bfb9efefcfecfbb019b5a9,tadr-core,0.1.0,proprietary,,a37ec8d336d16dbe4b7a7448071808daaf5e3e0ab03afe3bb7de0ce6882bc31d,1.0,MVP_V1,1.0,1.0.12,354d07d7c83bd6265826bfeea5ad5a8ee1676a77d481616cf99ced47cbfd0b93,311d2b82f7a04ee6339a115a06983cdb8cea9c65e1ce94b27ddbd32834c45383,4ee0dd77819611eecbe0461587e7efa1ed30d8f4c8cb12f54be452974f7a17b6,310dd96abee2c9259a38a20c167219cb723f46d22fa9ceb7c218425a0b0f3994,3876c7266629585bc723a22d2351d27ea715aa05a0c8a29a8b21adcf1c89cacc,success,EVALUABLE
run-ca1fcecc4188412bfdc80bfe14ea72335408e78d03c4d965eeef58da846f0556,leak.equality.m0.n10000.csv,measurement,0,correctness,full_reference,standard,a76bb9458b181500c7bfb9efefcfecfbb019b5a9,tadr-core,0.1.0,proprietary,,a37ec8d336d16dbe4b7a7448071808daaf5e3e0ab03afe3bb7de0ce6882bc31d,1.0,MVP_V1,1.0,1.0.12,354d07d7c83bd6265826bfeea5ad5a8ee1676a77d481616cf99ced47cbfd0b93,bb4b3a541501fcc43e4dea8e18fcb667ca795deb08ff6fafc5395107819aa02a,51511a40fe177c4abb6b02bacecb589cdb144a82acadbc40a4e21d382c4a7a3c,5ec91429eedecb79f98376a2db5cf069db7d9482aa73b09de38863e6c3420145,b46c00817558d0a255a9155cd3e43c9ddef3d3aea16c96160856fb2c3eef8280,success,EVALUABLE
run-ca44f13309606bb2e104d3c1aa224d9f13ada6bc869f68d1bc5d33a9091aee52,scale.analytics.n1000000.w20.pqnative,measurement,2,scale_regular,scale_default,standard,a76bb9458b181500c7bfb9efefcfecfbb019b5a9,tadr-core,0.1.0,proprietary,,a37ec8d336d16dbe4b7a7448071808daaf5e3e0ab03afe3bb7de0ce6882bc31d,1.0,MVP_V1,1.0,1.0.12,354d07d7c83bd6265826bfeea5ad5a8ee1676a77d481616cf99ced47cbfd0b93,2d70cc70cd8fa1f59a6b4f9bffffcf0790e63bb3366072f60ee744ae2710b513,a5488aafae83e78c97b70aa3a0f673a6c9227e451a883391693719098a49679c,4693e43725e105955104c1d3b22dcae9574a8290e2268a69f1ce39936d466af4,ccd6d072601c9730415e6dfc5f20bdae0a827c54360351c65f8b647a125b45d9,success,EVALUABLE
run-cb8af27128cfdf90737668791e6e2b5de2e4e8a91d4e9550e0eaf567d0c98c1a,sampling.duplicate_rows.gaps.n300000.pqstr,measurement,1,determinism_sampled,HEAD_STRIDE_V1,hash_one,a76bb9458b181500c7bfb9efefcfecfbb019b5a9,tadr-core,0.1.0,proprietary,,a37ec8d336d16dbe4b7a7448071808daaf5e3e0ab03afe3bb7de0ce6882bc31d,1.0,MVP_V1,1.0,1.0.12,354d07d7c83bd6265826bfeea5ad5a8ee1676a77d481616cf99ced47cbfd0b93,3023f1ab50b0238fb78ded29f1e5fe537251eeefe145fe3c5511c463f5fb2529,dca64ab915085ef54aab1c6005cb3ae0bb6e1e653f1cdd4e56567b1dc62b6214,4f4537d8606299c589e3d4d73210dd25314804effe7dddd293de8fd398cb5333,2172640162e2476eed3814dbe606c92dcd731a341f047492d889141823258cca,success,EVALUABLE
run-cb9c8981c6759ba3404ec8b743b875ed3bc463555c598c16118761ba6994ec7d,scale.analytics.n100000.w20.csv,measurement,2,scale_regular,scale_default,standard,a76bb9458b181500c7bfb9efefcfecfbb019b5a9,tadr-core,0.1.0,proprietary,,a37ec8d336d16dbe4b7a7448071808daaf5e3e0ab03afe3bb7de0ce6882bc31d,1.0,MVP_V1,1.0,1.0.12,354d07d7c83bd6265826bfeea5ad5a8ee1676a77d481616cf99ced47cbfd0b93,47e2a863c7a694dd2451d632de0af1b6fffc233ee254a444ff4be1c565f51ea2,440919d1c96ea48c6d2c07b5e0155d74db5dc760df2e857b1f3367b7c92e7a68,cdea3a53f3218d6a0305efb64896e6250b049e2f5483d27f12571b8787cd0a7a,edc465bd6dbdbac0d20c629fef72972caf6f97ffba6bded92c029e2d17d2d1d7,success,EVALUABLE
run-cbcc367187818b0c62abb2c4c3062a90882ace619d5a8fa205b4ca78eb5daa60,group.time.r1999.n10000.pqstr,measurement,0,correctness,full_reference,standard,a76bb9458b181500c7bfb9efefcfecfbb019b5a9,tadr-core,0.1.0,proprietary,,a37ec8d336d16dbe4b7a7448071808daaf5e3e0ab03afe3bb7de0ce6882bc31d,1.0,MVP_V1,1.0,1.0.12,354d07d7c83bd6265826bfeea5ad5a8ee1676a77d481616cf99ced47cbfd0b93,08dcb57a8918a666c1a1c38c8b4685f0eb9af751cd5427745aadf5986b2fae66,f6afba1665f4c8630efb3904b3c550a51a12ffcb7664cd7751235aa2e0c1772d,ca173b26baf6072fbfdc54efbf3dac06267d4334ff8d02950042b564b336ff2a,36f9e8ca873777efb721e9a844af3ee4f58b5368d17fb7a2b0a69137a97a5b87,success,EVALUABLE
run-cbf3197d9c05a03e79cb5787819bf9a7b070ee7a3541b8c1610533a1ebbeae7a,group.random.r2000.n10000.csv,measurement,0,determinism_small,full_reference,hash_fortytwo,a76bb9458b181500c7bfb9efefcfecfbb019b5a9,tadr-core,0.1.0,proprietary,,a37ec8d336d16dbe4b7a7448071808daaf5e3e0ab03afe3bb7de0ce6882bc31d,1.0,MVP_V1,1.0,1.0.12,354d07d7c83bd6265826bfeea5ad5a8ee1676a77d481616cf99ced47cbfd0b93,a7f2fa480a475a37fb77b449eadfbae99f0032003e6d3a9842f7a9094f231350,9594c53132cc5da7b983625018f02ce64e675a692247ea4230159680b2043661,1040d9b90d3d9437d2a8098d9f531add44dbfe183cadbbd17238e7cb126449f8,e2fbfbeaeabda936db187cf8d6b6f5ed419464b327427b2894a0dd2309238694,success,EVALUABLE
run-cc4a74eecc02d1905c5be86a8bd0a4919c80b4a1a596a535ac4b7c03e1f62dfb,group.random.r2000.n10000.csv,measurement,1,determinism_small,full_reference,decimal_low,a76bb9458b181500c7bfb9efefcfecfbb019b5a9,tadr-core,0.1.0,proprietary,,a37ec8d336d16dbe4b7a7448071808daaf5e3e0ab03afe3bb7de0ce6882bc31d,1.0,MVP_V1,1.0,1.0.12,354d07d7c83bd6265826bfeea5ad5a8ee1676a77d481616cf99ced47cbfd0b93,a7f2fa480a475a37fb77b449eadfbae99f0032003e6d3a9842f7a9094f231350,9594c53132cc5da7b983625018f02ce64e675a692247ea4230159680b2043661,1040d9b90d3d9437d2a8098d9f531add44dbfe183cadbbd17238e7cb126449f8,e2fbfbeaeabda936db187cf8d6b6f5ed419464b327427b2894a0dd2309238694,success,EVALUABLE
run-ccac267b5a5953869e5b9b21ff30fa535ba32a1bbc75cccf0fb9eb906b1877bb,sampling.group.tail.n300000.pqstr,measurement,0,sampling_reference,full_reference,standard,a76bb9458b181500c7bfb9efefcfecfbb019b5a9,tadr-core,0.1.0,proprietary,,a37ec8d336d16dbe4b7a7448071808daaf5e3e0ab03afe3bb7de0ce6882bc31d,1.0,MVP_V1,1.0,1.0.12,354d07d7c83bd6265826bfeea5ad5a8ee1676a77d481616cf99ced47cbfd0b93,50288ac7bf143e9cf23b1d06c9a530900750164196169015ee2612ab27c72714,691a89fda65b9071d26a787f28b61357ebc4bff75cb30940d5d0d6a74aca546d,d7ed14ea8e0e0bfada5b1034c4f81a57dac78aa9ff2894034927c24e28c69b77,b404b9b95cb6f22417c0d2742ce2681f0824c66a8605db0789345434463ef4d9,success,EVALUABLE
run-cd512884842f0bec8e6396f64972d81f84376732c877c20afa01709773b5773a,composite.multicategory.n10000.csv,measurement,0,correctness,full_reference,standard,a76bb9458b181500c7bfb9efefcfecfbb019b5a9,tadr-core,0.1.0,proprietary,,a37ec8d336d16dbe4b7a7448071808daaf5e3e0ab03afe3bb7de0ce6882bc31d,1.0,MVP_V1,1.0,1.0.12,354d07d7c83bd6265826bfeea5ad5a8ee1676a77d481616cf99ced47cbfd0b93,7adbb8e9855178c69496975f0e10ca0d3849e9329914577cc777aa865fa36fb7,b7e4c39454905ee1240fdbe7ccf7595df75d3468569b87c499a17dfa7f53c26b,2630dd0ac20a6cab9f658dd10560529d0fcea504e46eed8119a0176d9a78ccc0,4ce59a739296b95a056e084ad1c9966011f5deee32457d94fc8e13a657c32bfa,success,EVALUABLE
run-cd689958fd246fd9afd86c1b053946752094e1c81ded7d458bd35ceb78501ffb,inference.analytics.superset.n10000.pqstr,measurement,0,correctness,full_reference,standard,a76bb9458b181500c7bfb9efefcfecfbb019b5a9,tadr-core,0.1.0,proprietary,,a37ec8d336d16dbe4b7a7448071808daaf5e3e0ab03afe3bb7de0ce6882bc31d,1.0,MVP_V1,1.0,1.0.12,354d07d7c83bd6265826bfeea5ad5a8ee1676a77d481616cf99ced47cbfd0b93,8fb0121a8a2da6bfe5a58fcf1131f7e4faab5714dc59b7f3041d3f9687f8f784,c21bce58aa9857b4c0db0f0b8fc49257115ae1964241cf4ee2484b21c29d7efd,5cf27988e1ae3c6b815116bb089b3cdaa5908e0910e613d64ec192d49043e5ad,17f6f0a126b771610b729f6a93ed83d066eca2c1258d94731dc2f3bbb103c7ff,success,EVALUABLE
run-cd878e26dd4ec2639223fd76ba39b62a07043f1648b5601d03bccc13c6d8fdfb,sampling.missingness.middle.n300000.pqstr,measurement,0,sampling_reference,full_reference,standard,a76bb9458b181500c7bfb9efefcfecfbb019b5a9,tadr-core,0.1.0,proprietary,,a37ec8d336d16dbe4b7a7448071808daaf5e3e0ab03afe3bb7de0ce6882bc31d,1.0,MVP_V1,1.0,1.0.12,354d07d7c83bd6265826bfeea5ad5a8ee1676a77d481616cf99ced47cbfd0b93,ca3ac826f86789f0f35772ec4c15aaa08c0f9a52b613b2175821817092d49211,f72e7726302772e4d0afe0081454cfd736271efc7ad0de7f27655f0cef95ffa5,7fb1736bb02a033a48bb0172b07fcf6d0578117ae3dbc35d8c00ec2221ef4fac,8dff98062d346301582c6865667c882968229beec156210ea844512fa2bab459,success,EVALUABLE
run-cdbfe676ffcdba243a768de01e636dd4970f51c1b72de36e385ba84c4ea22b83,duplicate.rows.e99.n10000.pqstr,measurement,0,correctness,full_reference,standard,a76bb9458b181500c7bfb9efefcfecfbb019b5a9,tadr-core,0.1.0,proprietary,,a37ec8d336d16dbe4b7a7448071808daaf5e3e0ab03afe3bb7de0ce6882bc31d,1.0,MVP_V1,1.0,1.0.12,354d07d7c83bd6265826bfeea5ad5a8ee1676a77d481616cf99ced47cbfd0b93,9d39a1f3ddf65e50b39b5cc76c5ca98206f7413a61a55149454d2f9220a3a974,715762da320cb7492f6b0a35f603447115a623824b8e7153f270ad01c081690e,00be5a217da37b55e1ae1f3c8faa6bed4e6263374cc2da700b1d5f00d7db7af7,e71b3c71a364b69c1cb1c6f54b2e2a28d14993120fbbf59d88a66339401d4208,success,EVALUABLE
run-cdd1c49376659475b06d6ca7594766bdf480332bf2c8f96778c697a30d151b6e,missing.target.m99.n10000.csv,measurement,0,correctness,full_reference,standard,a76bb9458b181500c7bfb9efefcfecfbb019b5a9,tadr-core,0.1.0,proprietary,,a37ec8d336d16dbe4b7a7448071808daaf5e3e0ab03afe3bb7de0ce6882bc31d,1.0,MVP_V1,1.0,1.0.12,354d07d7c83bd6265826bfeea5ad5a8ee1676a77d481616cf99ced47cbfd0b93,639fa50ea7fa0388411c73358a80c0910e19e4133fd4e44c28332ba222ba7a0d,08c785783a1ff497831d55224d2fc0697790a30f34001614f859fd0ebc8422b9,fc1af4690de90c09a30f8f59c25bb64e5a3ec09ddb9733dd8cf3bdd498d16f49,294d2c33eb397948403a3aef6583c185d5d48db9ef77dcf99582fc8aa56a420f,success,EVALUABLE
run-ce72c3fa4bc1657f793271905821455f0f90a99cb7f20cbf697e7dbf83e5c134,missing.feature.m5000.n10000.csv,measurement,0,correctness,full_reference,standard,a76bb9458b181500c7bfb9efefcfecfbb019b5a9,tadr-core,0.1.0,proprietary,,a37ec8d336d16dbe4b7a7448071808daaf5e3e0ab03afe3bb7de0ce6882bc31d,1.0,MVP_V1,1.0,1.0.12,354d07d7c83bd6265826bfeea5ad5a8ee1676a77d481616cf99ced47cbfd0b93,13a318748ba23fc394a67dd5ef138f0ce6ce98241bd8eee9fa9032a8d15f163e,eb2b18cb6abaa9be47f98cb3af487220786dd67bb19d14f3d9d200e6c91853c7,30567ec891424fe109cd1d4a2c10f1c7786131158d0ee4bcb8d9be719bc689ab,f1fee6a2a69dde05cd93cdd510819d80fe434fa625a1d09c68001acc0c062568,success,EVALUABLE
run-ce9f343821d326229682e6ed7662e482707db27cd4bcde979934099f87e9456d,timestamp.time_series.valid8000.n10000.csv,measurement,0,correctness,full_reference,standard,a76bb9458b181500c7bfb9efefcfecfbb019b5a9,tadr-core,0.1.0,proprietary,,a37ec8d336d16dbe4b7a7448071808daaf5e3e0ab03afe3bb7de0ce6882bc31d,1.0,MVP_V1,1.0,1.0.12,354d07d7c83bd6265826bfeea5ad5a8ee1676a77d481616cf99ced47cbfd0b93,833309605d85812fb856288deef9e7f913273cbc14762069e194963ddebc4d53,f59f718595c5ee90caa230aeeeedbb2523420fcf6222ebde70620ded387cef65,77580c224c1a3061c0e758f622faca05725b51115270fec072afa0c46b7e758a,b22bace19c30b762907247a6c5a574c63c749f40b43e9a1d4d9901466eb65be0,success,EVALUABLE
run-cf4ca1745d4c1fa32b083a2ab847bb909001de3a97ff82eb629b25f52bfd8e28,scale.analytics.n1000000.w100.pqnative,warmup,0,scale_regular,scale_default,standard,a76bb9458b181500c7bfb9efefcfecfbb019b5a9,tadr-core,0.1.0,proprietary,,a37ec8d336d16dbe4b7a7448071808daaf5e3e0ab03afe3bb7de0ce6882bc31d,1.0,MVP_V1,1.0,1.0.12,354d07d7c83bd6265826bfeea5ad5a8ee1676a77d481616cf99ced47cbfd0b93,d25dbbf63ac4e299bca118dcf7efa412f5c9e0160cfdacfd074c64cf2324340a,10d9a367a99fed8ea721af4a86aea144f75a56a8c041935bccdfd2b46ae5ef4b,fd12287683aff028fac2bdc23d1559bacd5aae6164479432964902b83d2cba06,ff74c6f99487c34b1f8d5f6812a73084ecea70ffd48738e610206edfb4166a52,success,EVALUABLE
run-cf7b23ab954e48919673d364777c649ccb8d366600367e244f4a1dd9c415f67a,sampling.parse.middle.n300000.pqstr,measurement,0,sampling_reference,full_reference,standard,a76bb9458b181500c7bfb9efefcfecfbb019b5a9,tadr-core,0.1.0,proprietary,,a37ec8d336d16dbe4b7a7448071808daaf5e3e0ab03afe3bb7de0ce6882bc31d,1.0,MVP_V1,1.0,1.0.12,354d07d7c83bd6265826bfeea5ad5a8ee1676a77d481616cf99ced47cbfd0b93,225d228adc32efd2d4f5771021f65b39b94777bb9585bc1c5eb32cc9221254d5,24062c16daaa058cc81605fdae017b3f928432da5c46ec57e33f838d7603c7f3,a81b530740621e592d1e4b39df0f4a06a22c7ab7b0f4b185700a2c6726b14469,3c3ada3e765082b3aee813f71ad478e4cc869b72da4be46d2a2357c3ac1fcf40,success,EVALUABLE
run-d0927f8e53773a2cc9329064b4861b71470f801be3e04be1a651f57513a4182f,leak.control.joint_mode_exceptions.n10000.csv,measurement,0,correctness,full_reference,standard,a76bb9458b181500c7bfb9efefcfecfbb019b5a9,tadr-core,0.1.0,proprietary,,a37ec8d336d16dbe4b7a7448071808daaf5e3e0ab03afe3bb7de0ce6882bc31d,1.0,MVP_V1,1.0,1.0.12,354d07d7c83bd6265826bfeea5ad5a8ee1676a77d481616cf99ced47cbfd0b93,3bc8e2e0f13c7d6f6d8ff8711c25ede7484a788775546e930cf34eb5c9628b7f,4b5a86e2f6fb38261319dcded89863f154129cfe3431f13c68f99a32d02e484c,a91595edc5dd1f3ce5d655cb701f9c0a2718ea7774d3aba67ec42c2522acdaad,2ba8a43c953ecd5215ae1d7d9c4a8d4129d04fbe1f078dd170138622a69308cf,success,EVALUABLE
run-d0b4a62a7f254f5d085cc72def6cd633b01df8148be840ec836dbee8d8bfab5b,negative.supervised_target_omitted.n10000.csv,measurement,0,correctness,full_reference,standard,a76bb9458b181500c7bfb9efefcfecfbb019b5a9,tadr-core,0.1.0,proprietary,,a37ec8d336d16dbe4b7a7448071808daaf5e3e0ab03afe3bb7de0ce6882bc31d,1.0,MVP_V1,1.0,1.0.12,354d07d7c83bd6265826bfeea5ad5a8ee1676a77d481616cf99ced47cbfd0b93,9d7f0b2e35cd2062242bb4403c7d0ecf30403d89ff8c2795e8b4675c05f89a20,c21bce58aa9857b4c0db0f0b8fc49257115ae1964241cf4ee2484b21c29d7efd,092e5d7185303414a25438bb0bc0d5f65766ac28881bfe5e77acb96d29d804ee,3e93e75145ec85a8025b889040fd1d94dd4e40a5dd5881ca2c20cf1a238050cb,success,EVALUABLE
run-d13502f30db8280911baf63dcf66fea59300c8b1473e34520e7317d978499f5d,scale.analytics.n1000000.w20.csv,measurement,0,scale_regular,scale_default,standard,a76bb9458b181500c7bfb9efefcfecfbb019b5a9,tadr-core,0.1.0,proprietary,,a37ec8d336d16dbe4b7a7448071808daaf5e3e0ab03afe3bb7de0ce6882bc31d,1.0,MVP_V1,1.0,1.0.12,354d07d7c83bd6265826bfeea5ad5a8ee1676a77d481616cf99ced47cbfd0b93,bbec47646003d2d0788e088c026945db59024b54c2691ec4b92db81caa093724,7002e42b8a7e270e1e445ec52cecb7c1a8ba0a528084cb7d69eb31747d8d4a54,18e9bfe05fa13ff6fb2e19170ffa2f91a2cc6286b263b52de12c08a7cea8753e,9486b71d5951408f5ce4e4b20e90abdf6d91804efb9135a12fc6652d7ad64811,success,EVALUABLE
run-d14b11e9f95d1477c566471566bb3526000c6e1686f64c74a9a26ebc09855f12,sampling.duplicate_rows.gaps.n300000.pqstr,measurement,1,determinism_sampled,HEAD_STRIDE_V1,decimal_high,a76bb9458b181500c7bfb9efefcfecfbb019b5a9,tadr-core,0.1.0,proprietary,,a37ec8d336d16dbe4b7a7448071808daaf5e3e0ab03afe3bb7de0ce6882bc31d,1.0,MVP_V1,1.0,1.0.12,354d07d7c83bd6265826bfeea5ad5a8ee1676a77d481616cf99ced47cbfd0b93,3023f1ab50b0238fb78ded29f1e5fe537251eeefe145fe3c5511c463f5fb2529,dca64ab915085ef54aab1c6005cb3ae0bb6e1e653f1cdd4e56567b1dc62b6214,4f4537d8606299c589e3d4d73210dd25314804effe7dddd293de8fd398cb5333,2172640162e2476eed3814dbe606c92dcd731a341f047492d889141823258cca,success,EVALUABLE
run-d1c5927c2d8fb0586aa01a76d9d3ecca7b3340a67b98c96507dc55401860ae04,leak.mapping.r9990.n10000.pqstr,measurement,0,determinism_small,full_reference,decimal_low,a76bb9458b181500c7bfb9efefcfecfbb019b5a9,tadr-core,0.1.0,proprietary,,a37ec8d336d16dbe4b7a7448071808daaf5e3e0ab03afe3bb7de0ce6882bc31d,1.0,MVP_V1,1.0,1.0.12,354d07d7c83bd6265826bfeea5ad5a8ee1676a77d481616cf99ced47cbfd0b93,a14a7eca9a67116beaeb2bf5bcce12e22957d2316e54dae8375150a513871888,0f91ced0fb3f4f6fdf7deeb8506c1a6a87cb65857cd138c40d2a843f0a42b586,ad6fe3f43221c4ba377525b8d6571ce833046f7bdc59f35cce37ecb46b06d26b,2c5d0a75623a1baadec7180fd9fb1e5b8ea97a1fcfb96f5a9e4045b79d729d1a,success,EVALUABLE
run-d1dd125cd0a89f6bf9e760dee8d6544002108acba4fbbacfeb17e02a2e002255,duplicate.rows.e499.n10000.csv,measurement,0,correctness,full_reference,standard,a76bb9458b181500c7bfb9efefcfecfbb019b5a9,tadr-core,0.1.0,proprietary,,a37ec8d336d16dbe4b7a7448071808daaf5e3e0ab03afe3bb7de0ce6882bc31d,1.0,MVP_V1,1.0,1.0.12,354d07d7c83bd6265826bfeea5ad5a8ee1676a77d481616cf99ced47cbfd0b93,ea4d626d48344759ea1f650c6f7187434aebfd6a9d8f01f61de99296d15969f2,73f86a0d3f6045f8201b3dae69024bd5359cbb7fc71b551d90e35a199c8d3583,cfbe147d2b408f8b4a704c72c5822fc0b1a3a7b726dcdc754ac950fb103b607e,9ac69f663ab4bfeb26d1d0605edc60dc2d963eb76f363007a1731544ebda4b34,success,EVALUABLE
run-d2c0e7b150c9d8747285c0d5ef13b097644714b9ca3586aca53c276a6c34970a,sampling.parse.gaps.n300000.pqstr,measurement,0,sampling_bounded,HEAD_STRIDE_V1,standard,a76bb9458b181500c7bfb9efefcfecfbb019b5a9,tadr-core,0.1.0,proprietary,,a37ec8d336d16dbe4b7a7448071808daaf5e3e0ab03afe3bb7de0ce6882bc31d,1.0,MVP_V1,1.0,1.0.12,354d07d7c83bd6265826bfeea5ad5a8ee1676a77d481616cf99ced47cbfd0b93,285cead97980680a037ede206483732d034d80e4bba69d4262113d595578b871,05fa09b96cc46bc4bbdd092ca723efbf8be18ea9c798d4d2b145a3a0fb24ff58,a3b5f9730467c896ea921fc96bf8df636e426035edfe112d1bbc8c51cc6a5131,48d7bef319673dad98efc0c9f9c20f4d66776d488892e9a18d187c10af955e1c,success,EVALUABLE
run-d30ff6239139e729c05db2067e989403e338721debae5cc9f876040add51b2fe,inference.analytics.omit_one.n10000.pqstr,measurement,1,determinism_small,full_reference,standard,a76bb9458b181500c7bfb9efefcfecfbb019b5a9,tadr-core,0.1.0,proprietary,,a37ec8d336d16dbe4b7a7448071808daaf5e3e0ab03afe3bb7de0ce6882bc31d,1.0,MVP_V1,1.0,1.0.12,354d07d7c83bd6265826bfeea5ad5a8ee1676a77d481616cf99ced47cbfd0b93,a7c3e91cddedc578ff4faba06e8cdf7473946c00d616156efcfa1d03333de65d,c21bce58aa9857b4c0db0f0b8fc49257115ae1964241cf4ee2484b21c29d7efd,5cf27988e1ae3c6b815116bb089b3cdaa5908e0910e613d64ec192d49043e5ad,52993d17719a855b9f2fd7291909eb672f8c4155f0b88346a70b0ce100f9bd94,success,EVALUABLE
run-d3272912a33a62c87b6904506e495fa47e3b9fd9b48a51e9327e8618ea89b95e,sampling.class_rare.head.n300000.pqstr,measurement,0,sampling_reference,full_reference,standard,a76bb9458b181500c7bfb9efefcfecfbb019b5a9,tadr-core,0.1.0,proprietary,,a37ec8d336d16dbe4b7a7448071808daaf5e3e0ab03afe3bb7de0ce6882bc31d,1.0,MVP_V1,1.0,1.0.12,354d07d7c83bd6265826bfeea5ad5a8ee1676a77d481616cf99ced47cbfd0b93,e9d2fd76e3b05caadac6f87315d59867da3b7c92223736c3d4ba7118ffb990fc,1188e5a6eff837604111cb39b161aee99453d2951de833b14e43d7ed0756b116,c4b123c20046c3de89a7e4bcfdb663ee248c353099224461f0dd680a580cb78e,b9546d759c9a06fc68d3293885885cab768803deeebfd0ff5b4cf207d2ab65c2,success,EVALUABLE
run-d382da1b62bd68b1ef77743b203f1a2ff226b176421890c6e5c69c45fc28f2b8,clean.time_series.n10000.pqstr,measurement,1,determinism_small,full_reference,timezone_berlin,a76bb9458b181500c7bfb9efefcfecfbb019b5a9,tadr-core,0.1.0,proprietary,,a37ec8d336d16dbe4b7a7448071808daaf5e3e0ab03afe3bb7de0ce6882bc31d,1.0,MVP_V1,1.0,1.0.12,354d07d7c83bd6265826bfeea5ad5a8ee1676a77d481616cf99ced47cbfd0b93,8322062e63685b8112167dcb49a36fe157f77e6501ba63e3b7278e359c264d9b,4f838d4abee75cd21df2e8dca33c8ba961ae18c8b65acef38303383a66823ca0,2003b2258425e91889e0dbe0f3d1b8e8fbd5339102ae656beb08dae10b7e672f,0a9462adb4f3a726e0c6c316d28af3c3f3221b362d080fd58c987dd210770d51,success,EVALUABLE
run-d38380081bc7a58c7317e797fd0dbcd086dfdb9d93a8d686c0edbd6e595b8006,group.random.r0.n10000.pqstr,measurement,0,correctness,full_reference,standard,a76bb9458b181500c7bfb9efefcfecfbb019b5a9,tadr-core,0.1.0,proprietary,,a37ec8d336d16dbe4b7a7448071808daaf5e3e0ab03afe3bb7de0ce6882bc31d,1.0,MVP_V1,1.0,1.0.12,354d07d7c83bd6265826bfeea5ad5a8ee1676a77d481616cf99ced47cbfd0b93,580991b883a4cccb8241bbbb439722326cd1a3680fab5c9479e95b0c23ae6585,3dbbae513651f455b6bf6985ffb1e1b1327856d6847cf7e468697a45b2dd7b0b,4f278338a744fbd95ffe665a18b9add838bf46cfe86741ab4b10d305c1e3c512,f6ced00d9451f37c707f8347e41dbec9e43e5ecdcd1a8cbc3421d1b313f25568,success,EVALUABLE
run-d3baaac01b7251efafdd9c9558d7ea73d601b499ab4cd0f6e074612a0e70d59e,clean.classification.n10000.pqstr,measurement,0,correctness,full_reference,standard,a76bb9458b181500c7bfb9efefcfecfbb019b5a9,tadr-core,0.1.0,proprietary,,a37ec8d336d16dbe4b7a7448071808daaf5e3e0ab03afe3bb7de0ce6882bc31d,1.0,MVP_V1,1.0,1.0.12,354d07d7c83bd6265826bfeea5ad5a8ee1676a77d481616cf99ced47cbfd0b93,86391e72443d554a680a2e2a23ad4fe44bae79f8fbc587e2144389371cf0b63f,54396f5a0a2e24afc00b12c9f7bfd0fd14c0fa44b46ee52e4811e096e3dce878,100b079551da484ff77db65ff1f4b490c2ded14924c03a292b62f8961a819e3d,16c3d31334c44ea9575b6366891977e65a866269efc479ddd24ab6fbf0b18ee6,success,EVALUABLE
run-d3bbecdd0de05ad5dba37a55180fef9f524442046560a595ac627bc4d167911a,scale.analytics.n100000.w20.pqnative,measurement,1,scale_regular,scale_default,standard,a76bb9458b181500c7bfb9efefcfecfbb019b5a9,tadr-core,0.1.0,proprietary,,a37ec8d336d16dbe4b7a7448071808daaf5e3e0ab03afe3bb7de0ce6882bc31d,1.0,MVP_V1,1.0,1.0.12,354d07d7c83bd6265826bfeea5ad5a8ee1676a77d481616cf99ced47cbfd0b93,56bbb890c3ea097d4f1ac1ea2744cec99a8293719d33013546216a6128cdd239,1a2aa9664c71333b1ae7550c3d8748b5a4818ff1e7605c3565bba01c40d24f32,5194f990dbfc69ba580ea86b4ddba2b0fc0acafa38eb4b5cb3d88ba494ef91aa,3a9bc22fe5af1a608665db33a4fc1c0b24866481887739bb56f4cbe4e4c77ce4,success,EVALUABLE
run-d437d23dfec9edece0852763a942207e534a098fe9861b0f0161e6991350f689,leak.control.support49.pqstr,measurement,0,correctness,full_reference,standard,a76bb9458b181500c7bfb9efefcfecfbb019b5a9,tadr-core,0.1.0,proprietary,,a37ec8d336d16dbe4b7a7448071808daaf5e3e0ab03afe3bb7de0ce6882bc31d,1.0,MVP_V1,1.0,1.0.12,354d07d7c83bd6265826bfeea5ad5a8ee1676a77d481616cf99ced47cbfd0b93,80cd6bd47a28600abcd8506b18cf3ac9d840643c8b8345f36b56412bb5532325,08371b18950bdd7814af6af8c5e75b8fbcfe6798676e34714bdcffc4fd1ea4ca,47edd126010699b99ddec344e58d9109cad696cdba3810043cb1a7f5c8362ebb,ac31b7f42ba11ff069f01e0883989956d7f77ceafce36b05b7a919964ce43127,success,EVALUABLE
run-d44de7d7001308576bca3babd30cf42c051d47caccd8443b8e792acf1a3c21cc,sampling.cardinality.tail.n300000.pqstr,measurement,0,sampling_reference,full_reference,standard,a76bb9458b181500c7bfb9efefcfecfbb019b5a9,tadr-core,0.1.0,proprietary,,a37ec8d336d16dbe4b7a7448071808daaf5e3e0ab03afe3bb7de0ce6882bc31d,1.0,MVP_V1,1.0,1.0.12,354d07d7c83bd6265826bfeea5ad5a8ee1676a77d481616cf99ced47cbfd0b93,c004f7134338ba8c0a2e24341dfa9002badf26b6b51e22737e8425c812278370,47b9a8954b4301ccfa3078b241304fcd8f859f2a2613bd845f0f9ff882c98f4d,d23ec42403494cf5cf29047384e3aea414542155eb9579f893f49dbf1fdafdbf,ea0f60c92ed901acb1f0c2c989ec491cbf4c346a10a6abbd68603f638b77f2d6,success,EVALUABLE
run-d4b501d36a7c9ec89343400d4904065689f7664f4779f48962898296a5f8e3d7,inference.analytics.omit_one.n10000.pqstr,measurement,0,determinism_small,full_reference,hash_one,a76bb9458b181500c7bfb9efefcfecfbb019b5a9,tadr-core,0.1.0,proprietary,,a37ec8d336d16dbe4b7a7448071808daaf5e3e0ab03afe3bb7de0ce6882bc31d,1.0,MVP_V1,1.0,1.0.12,354d07d7c83bd6265826bfeea5ad5a8ee1676a77d481616cf99ced47cbfd0b93,a7c3e91cddedc578ff4faba06e8cdf7473946c00d616156efcfa1d03333de65d,c21bce58aa9857b4c0db0f0b8fc49257115ae1964241cf4ee2484b21c29d7efd,5cf27988e1ae3c6b815116bb089b3cdaa5908e0910e613d64ec192d49043e5ad,52993d17719a855b9f2fd7291909eb672f8c4155f0b88346a70b0ce100f9bd94,success,EVALUABLE
run-d4b5bbba8fa574fe4f02e700bdd0dcb2859eeaa916614c131cbd2d24a7dcd3a5,leak.control.numeric_normalization.n10000.csv,measurement,0,correctness,full_reference,standard,a76bb9458b181500c7bfb9efefcfecfbb019b5a9,tadr-core,0.1.0,proprietary,,a37ec8d336d16dbe4b7a7448071808daaf5e3e0ab03afe3bb7de0ce6882bc31d,1.0,MVP_V1,1.0,1.0.12,354d07d7c83bd6265826bfeea5ad5a8ee1676a77d481616cf99ced47cbfd0b93,d15940860e1156b3d94453257f27e818c11447d310557a28f6243fb9445c33e8,7b98df75c89ff963f5755a2561295d4cac55445e44586559b9b66d311851b5dd,09dca870002f44b68925d9c9cabecdd551e999b926c2f3d25c4f9cb58fad7bf7,f5cbe15c76ef15d72dead8fcc88e83b7a2445182b4b5fe88a7d8fe55b611b239,success,EVALUABLE
run-d4ecb4419a67b8da218112d837aaf19fadb5e286e545ea954fd21d8f4d0fc41e,class.binary.min201.n10000.csv,measurement,0,correctness,full_reference,standard,a76bb9458b181500c7bfb9efefcfecfbb019b5a9,tadr-core,0.1.0,proprietary,,a37ec8d336d16dbe4b7a7448071808daaf5e3e0ab03afe3bb7de0ce6882bc31d,1.0,MVP_V1,1.0,1.0.12,354d07d7c83bd6265826bfeea5ad5a8ee1676a77d481616cf99ced47cbfd0b93,ce3642308d388ecd551688ca8feb149ea507c9bbffb453a2c84c11fc57ecdb13,7fe88afed3b2868ddc628e8ef532aca2518f116e0c834aa35fc03756e21697a9,8a12cefcde0affc7a07c1c28ca571287748977fda944478b6c1c700e74c6c65d,837e73665bab1b8d2455b265c62ef19ef87ff4e839d9fc8e80d3e4cdb1420eb9,success,EVALUABLE
run-d4fb9b3581f79850640a3ccd5c1f4017c3a1e5c0cbb9083efe1f1e834daf07cc,clean.time_series.n10000.pqstr,measurement,0,determinism_small,full_reference,timezone_berlin,a76bb9458b181500c7bfb9efefcfecfbb019b5a9,tadr-core,0.1.0,proprietary,,a37ec8d336d16dbe4b7a7448071808daaf5e3e0ab03afe3bb7de0ce6882bc31d,1.0,MVP_V1,1.0,1.0.12,354d07d7c83bd6265826bfeea5ad5a8ee1676a77d481616cf99ced47cbfd0b93,8322062e63685b8112167dcb49a36fe157f77e6501ba63e3b7278e359c264d9b,4f838d4abee75cd21df2e8dca33c8ba961ae18c8b65acef38303383a66823ca0,2003b2258425e91889e0dbe0f3d1b8e8fbd5339102ae656beb08dae10b7e672f,0a9462adb4f3a726e0c6c316d28af3c3f3221b362d080fd58c987dd210770d51,success,EVALUABLE
run-d510b52131d3312e8372a1e3d2a4fa7d914a1b13bb892d9cbc9d915548df78bb,group.random.r2001.n10000.csv,measurement,0,correctness,full_reference,standard,a76bb9458b181500c7bfb9efefcfecfbb019b5a9,tadr-core,0.1.0,proprietary,,a37ec8d336d16dbe4b7a7448071808daaf5e3e0ab03afe3bb7de0ce6882bc31d,1.0,MVP_V1,1.0,1.0.12,354d07d7c83bd6265826bfeea5ad5a8ee1676a77d481616cf99ced47cbfd0b93,d980919e3969404086adc9cadfcb7bbadbf21e3e22baa95ba148e3dc444a9c34,b36021425ce74872e98ee6822c364aba21b8484209764fd4b61f0891fc99dd52,cecbb0a26592a21dc207ce964491183eb146d1a2d71f42b6a1fb04531984268f,9e83f283c58b35d86192ce1c9d6c4c294f0a232125e1a197480d9ba29d69d244,success,EVALUABLE
run-d5e45cc4d6ce1ea70818efe02b0206bf5330d43a2d54c9447e6bfe62c7af58cb,group.time.r501.n10000.pqstr,measurement,0,correctness,full_reference,standard,a76bb9458b181500c7bfb9efefcfecfbb019b5a9,tadr-core,0.1.0,proprietary,,a37ec8d336d16dbe4b7a7448071808daaf5e3e0ab03afe3bb7de0ce6882bc31d,1.0,MVP_V1,1.0,1.0.12,354d07d7c83bd6265826bfeea5ad5a8ee1676a77d481616cf99ced47cbfd0b93,5ec696ade2cd9e78dc533bb673bd743c43ca0eef4c0bb402fbe5f2b07421459e,a77d671ef9fa072426ebd2a0b489bde5f2d8b7c1e4bc115e43bc270bd736af5a,a1c0512694a567e39129ce9cacd4ee7185913815c7fa776bb6e94c70ef8236c6,bd218cf9b939eff2ea207fa64904ecc1bde21f916dc2af2aa7f69329f4b84a68,success,EVALUABLE
run-d5ee993e2c57ea6ca4c764bc59c392effb2d9be411c0bd3eda3db0dcbdb84877,sampling.duplicate_rows.middle.n300000.pqstr,measurement,0,sampling_bounded,HEAD_STRIDE_V1,standard,a76bb9458b181500c7bfb9efefcfecfbb019b5a9,tadr-core,0.1.0,proprietary,,a37ec8d336d16dbe4b7a7448071808daaf5e3e0ab03afe3bb7de0ce6882bc31d,1.0,MVP_V1,1.0,1.0.12,354d07d7c83bd6265826bfeea5ad5a8ee1676a77d481616cf99ced47cbfd0b93,9b6a852c3fb5c28400b94554cef622db8810cafc875938607ccf0f8b53ae713d,be5a863297fa19efc2bcf06249d816f3eb319beabd6d72f0b096e0daa6bf7452,026d8a3c7116387e7bc9eb0d5b65c9c8fd86b2f805cf39abe18b20a21663491d,0653c6b802703ae0b9a4830640d9b66ba7445fd5d80163225f1b0b9f85caa97b,success,EVALUABLE
run-d5f8f29e7dac168b4f81f4f3011c32ef95aeadba9bce4721564536eb6541a116,group.time.r500.n10000.csv,measurement,0,correctness,full_reference,standard,a76bb9458b181500c7bfb9efefcfecfbb019b5a9,tadr-core,0.1.0,proprietary,,a37ec8d336d16dbe4b7a7448071808daaf5e3e0ab03afe3bb7de0ce6882bc31d,1.0,MVP_V1,1.0,1.0.12,354d07d7c83bd6265826bfeea5ad5a8ee1676a77d481616cf99ced47cbfd0b93,b0c5054c119e39845336504d7c24fb94ef28f3aaaa1fa0f571bb752db164cf2e,9898ed8c601f1db31b01873937bae14b7eae36e79b63c2025320102fbaeb0cf7,fa8e84b27f235cec92c5f2f3f27bad1df970cafec009529f3be8bfc6bf97df64,a012a8be0d2d5a0d7520fd372b43dd216f792452f99b4a55a0fa2ced2190bae1,success,EVALUABLE
run-d63f46b1e12e766e49a72a0754b7469b96ad8767efaf92c215b51d39eb788a8b,clean.time_series.n10000.pqstr,measurement,1,determinism_small,full_reference,hash_one,a76bb9458b181500c7bfb9efefcfecfbb019b5a9,tadr-core,0.1.0,proprietary,,a37ec8d336d16dbe4b7a7448071808daaf5e3e0ab03afe3bb7de0ce6882bc31d,1.0,MVP_V1,1.0,1.0.12,354d07d7c83bd6265826bfeea5ad5a8ee1676a77d481616cf99ced47cbfd0b93,8322062e63685b8112167dcb49a36fe157f77e6501ba63e3b7278e359c264d9b,4f838d4abee75cd21df2e8dca33c8ba961ae18c8b65acef38303383a66823ca0,2003b2258425e91889e0dbe0f3d1b8e8fbd5339102ae656beb08dae10b7e672f,0a9462adb4f3a726e0c6c316d28af3c3f3221b362d080fd58c987dd210770d51,success,EVALUABLE
run-d6b941797dc576a09bd7f21a3717a4b772b9987179a5846b998fa552cc284101,leak.equality.m0.n10000.pqstr,measurement,0,correctness,full_reference,standard,a76bb9458b181500c7bfb9efefcfecfbb019b5a9,tadr-core,0.1.0,proprietary,,a37ec8d336d16dbe4b7a7448071808daaf5e3e0ab03afe3bb7de0ce6882bc31d,1.0,MVP_V1,1.0,1.0.12,354d07d7c83bd6265826bfeea5ad5a8ee1676a77d481616cf99ced47cbfd0b93,a2c1c7670cbb9cdfb2dcf4d73efae1fbaca61ad199f9559e117609dab693b922,51511a40fe177c4abb6b02bacecb589cdb144a82acadbc40a4e21d382c4a7a3c,d0124236e3c259ade6eb795c5050b1346efa1b62d596ca46493d19c0c6b5c3dc,b46c00817558d0a255a9155cd3e43c9ddef3d3aea16c96160856fb2c3eef8280,success,EVALUABLE
run-d6b97ec4785439d7ecc68a8e639ab4e5d000ea5b8cff73741c4658c39dedcf9f,timestamp.time_series.valid10000.n10000.pqstr,measurement,0,correctness,full_reference,standard,a76bb9458b181500c7bfb9efefcfecfbb019b5a9,tadr-core,0.1.0,proprietary,,a37ec8d336d16dbe4b7a7448071808daaf5e3e0ab03afe3bb7de0ce6882bc31d,1.0,MVP_V1,1.0,1.0.12,354d07d7c83bd6265826bfeea5ad5a8ee1676a77d481616cf99ced47cbfd0b93,604032f626b07d60c7dfaf099bd912cb70f4fb37e742e182f2ea310025486be0,4f838d4abee75cd21df2e8dca33c8ba961ae18c8b65acef38303383a66823ca0,2003b2258425e91889e0dbe0f3d1b8e8fbd5339102ae656beb08dae10b7e672f,0a9462adb4f3a726e0c6c316d28af3c3f3221b362d080fd58c987dd210770d51,success,EVALUABLE
run-d6e2426c2cd19873607af93c9a5057fd43399804eb1026dd5034a5e1f16ff64f,sampling.duplicate_rows.gaps.n300000.pqstr,measurement,0,determinism_sampled,HEAD_STRIDE_V1,standard,a76bb9458b181500c7bfb9efefcfecfbb019b5a9,tadr-core,0.1.0,proprietary,,a37ec8d336d16dbe4b7a7448071808daaf5e3e0ab03afe3bb7de0ce6882bc31d,1.0,MVP_V1,1.0,1.0.12,354d07d7c83bd6265826bfeea5ad5a8ee1676a77d481616cf99ced47cbfd0b93,3023f1ab50b0238fb78ded29f1e5fe537251eeefe145fe3c5511c463f5fb2529,dca64ab915085ef54aab1c6005cb3ae0bb6e1e653f1cdd4e56567b1dc62b6214,4f4537d8606299c589e3d4d73210dd25314804effe7dddd293de8fd398cb5333,2172640162e2476eed3814dbe606c92dcd731a341f047492d889141823258cca,success,EVALUABLE
run-d7080c031b8188877bac290f4b057917b924a55392ff05d0823bc84768ccf492,parse.numeric.f99.n10000.pqstr,measurement,0,correctness,full_reference,standard,a76bb9458b181500c7bfb9efefcfecfbb019b5a9,tadr-core,0.1.0,proprietary,,a37ec8d336d16dbe4b7a7448071808daaf5e3e0ab03afe3bb7de0ce6882bc31d,1.0,MVP_V1,1.0,1.0.12,354d07d7c83bd6265826bfeea5ad5a8ee1676a77d481616cf99ced47cbfd0b93,8617f728d73e02d24c527f94c5c133ababc5951cfd3e962a762c16eecc81ae0c,2b1cffa4822e377c6da823f6d941722b7d29609d8bf4fa70c97005b94f925c8d,a9870844ed0d8386f31e7e8cbdfffd63618eb0908a98efddda72996bd52dd455,53c97aaf9d951f47d5418dad1fa430648d9841744c225dbacecc6ae48741a81f,success,EVALUABLE
run-d7b36ef409217bc9458e394633e2e96ea050a604c42293872be49944ee03c38f,parse.numeric.f1999.n10000.pqstr,measurement,0,correctness,full_reference,standard,a76bb9458b181500c7bfb9efefcfecfbb019b5a9,tadr-core,0.1.0,proprietary,,a37ec8d336d16dbe4b7a7448071808daaf5e3e0ab03afe3bb7de0ce6882bc31d,1.0,MVP_V1,1.0,1.0.12,354d07d7c83bd6265826bfeea5ad5a8ee1676a77d481616cf99ced47cbfd0b93,34c5d57f076fb6093e1a204765011272403124167fd4d3eb01b02fb95a4dabd2,084c21c776805dc083534b93ba4ab99ae12da6020916753179d9c4cdd82135f3,a5ff0ac85b5790203a4205d51ea8679ed88ca8d92902c460a4f127e2df1ce3be,8ac5604a72b8821a53d0a41738120d001b10bedbb249f7e3917500fe8c4c5748,success,EVALUABLE
run-d7ecf5c297ea72646474c320e857afcc0c0c52fa99ae4e1866fc4dd81e0e66ae,inference.analytics.roles_only_excluded.n10000.pqstr,measurement,0,correctness,full_reference,standard,a76bb9458b181500c7bfb9efefcfecfbb019b5a9,tadr-core,0.1.0,proprietary,,a37ec8d336d16dbe4b7a7448071808daaf5e3e0ab03afe3bb7de0ce6882bc31d,1.0,MVP_V1,1.0,1.0.12,354d07d7c83bd6265826bfeea5ad5a8ee1676a77d481616cf99ced47cbfd0b93,dd9239f24bc59b5ccbbcbfb53d1fe4831dd996dc06dfdac02905dc05359e0d11,36b066ae1718a8270e1a580a4493f8cf05df787b633e6767242ecdb1905282b6,126c74a8887b82bd545a1b972c4fadf08f4b42395ed902ea5cb5327452ba8315,5b3f43f9326789f9a9e90e0f44f3a3c8e34005afd3d34e439e2409688f316d94,success,EVALUABLE
run-d83894f21644f4960002e8d1dd3d6ca22d74f5ea8c5742d37d7312a96618f056,missing.feature.m1001.n10000.csv,measurement,0,correctness,full_reference,standard,a76bb9458b181500c7bfb9efefcfecfbb019b5a9,tadr-core,0.1.0,proprietary,,a37ec8d336d16dbe4b7a7448071808daaf5e3e0ab03afe3bb7de0ce6882bc31d,1.0,MVP_V1,1.0,1.0.12,354d07d7c83bd6265826bfeea5ad5a8ee1676a77d481616cf99ced47cbfd0b93,feec6ea9e4873fdab80029421ecb2f3906f34a215ac69e8d1c680d53c5679167,f0a17a0bc9f1d1390355b7d09b7e3c97db80bfe2500e7844a4f2bb1721285893,12040a5730f0ff1198d0a08947c9f2a8600f030e94bab1d12a1da68732b94741,aebafb1db429e94e5a53099b24d0ee89abab78fa0db325afe600315ab40bd28e,success,EVALUABLE
run-d85c1c8e4da5a49914fd23b344673be98c5fff582a47147cf1cc4737083b591b,leak.mapping.r9990.n10000.pqstr,measurement,0,determinism_small,full_reference,hash_fortytwo,a76bb9458b181500c7bfb9efefcfecfbb019b5a9,tadr-core,0.1.0,proprietary,,a37ec8d336d16dbe4b7a7448071808daaf5e3e0ab03afe3bb7de0ce6882bc31d,1.0,MVP_V1,1.0,1.0.12,354d07d7c83bd6265826bfeea5ad5a8ee1676a77d481616cf99ced47cbfd0b93,a14a7eca9a67116beaeb2bf5bcce12e22957d2316e54dae8375150a513871888,0f91ced0fb3f4f6fdf7deeb8506c1a6a87cb65857cd138c40d2a843f0a42b586,ad6fe3f43221c4ba377525b8d6571ce833046f7bdc59f35cce37ecb46b06d26b,2c5d0a75623a1baadec7180fd9fb1e5b8ea97a1fcfb96f5a9e4045b79d729d1a,success,EVALUABLE
run-d86f8a22ca581cd55a0eedaa27d05b7ad5fe392a25b3dabcd7d7f84992be41fe,duplicate.rows.e100.n10000.pqstr,measurement,0,correctness,full_reference,standard,a76bb9458b181500c7bfb9efefcfecfbb019b5a9,tadr-core,0.1.0,proprietary,,a37ec8d336d16dbe4b7a7448071808daaf5e3e0ab03afe3bb7de0ce6882bc31d,1.0,MVP_V1,1.0,1.0.12,354d07d7c83bd6265826bfeea5ad5a8ee1676a77d481616cf99ced47cbfd0b93,35b3fca25efa0642f6508fc908b520dc2170268b86f6126e3158393a59283b60,59e70e5c869c9b8adf6c811997f06f8bc728d5697e3506608ffb24d0256a9d34,1aec303b3711372856da146b95828abff53d49ae37ee211e42d911c423e71eaf,0f0310bee292731675e2228230ad35bb8a786b090a4feb503936a75aab15e14f,success,EVALUABLE
run-d8786b175b8438a3b0023090d6cdd7d341381fc84f74adfd825bd0ae3e496ffe,class.support.n99.min5.pqstr,measurement,0,correctness,full_reference,standard,a76bb9458b181500c7bfb9efefcfecfbb019b5a9,tadr-core,0.1.0,proprietary,,a37ec8d336d16dbe4b7a7448071808daaf5e3e0ab03afe3bb7de0ce6882bc31d,1.0,MVP_V1,1.0,1.0.12,354d07d7c83bd6265826bfeea5ad5a8ee1676a77d481616cf99ced47cbfd0b93,b609809009051e3f93b8bc25389f496116c08324662326f2b074d9bb69b9c3b5,25d51cf879fc459abbead485db7724f48d4a85a2ace107c3e39f324995a0f104,74a765c12c1dafd41b030864aa63de4ccc917ed8eab88617b8a13a1cb7a87afc,06f9b5762da564aab06475083528d6be3e81d8e265b3f5f0d5464f9e06b52fc8,success,EVALUABLE
run-d9b435f5064150d5f4ace4913fc9ca43320e952cef4bac3f2cb722d205774cd4,clean.classification.n10000.csv,measurement,1,determinism_small,full_reference,decimal_low,a76bb9458b181500c7bfb9efefcfecfbb019b5a9,tadr-core,0.1.0,proprietary,,a37ec8d336d16dbe4b7a7448071808daaf5e3e0ab03afe3bb7de0ce6882bc31d,1.0,MVP_V1,1.0,1.0.12,354d07d7c83bd6265826bfeea5ad5a8ee1676a77d481616cf99ced47cbfd0b93,e4e9d58fe89b7e1e6e157add2956c13dd3dbd59893ee45db1629261bed48a88e,54396f5a0a2e24afc00b12c9f7bfd0fd14c0fa44b46ee52e4811e096e3dce878,56ce133fa0edd9eb44a77aba46b91b3bf8bde4a67d67d9228b1ba8351d06e99b,16c3d31334c44ea9575b6366891977e65a866269efc479ddd24ab6fbf0b18ee6,success,EVALUABLE
run-da73a4e21ab12281569116a3c3492f75f5a6bee9ebe8cecbb030a2ed1cf0d9f4,parse.numeric.f2001.n10000.csv,measurement,0,determinism_small,full_reference,timezone_berlin,a76bb9458b181500c7bfb9efefcfecfbb019b5a9,tadr-core,0.1.0,proprietary,,a37ec8d336d16dbe4b7a7448071808daaf5e3e0ab03afe3bb7de0ce6882bc31d,1.0,MVP_V1,1.0,1.0.12,354d07d7c83bd6265826bfeea5ad5a8ee1676a77d481616cf99ced47cbfd0b93,3ce13524ae9d62dad846a763c42d9aacfb5a8589ed569d2b7e2c83c33307e762,d4e8fa6771ba7922c34782952a10d34189cc6e369636033f87d5d3e1004f25be,3ab1139de98968d383e401edbb099a71bbfa6f7c77eb63da0f020410dc8fbea9,798b3bb3a7a09e1690458cc12572f66a2526305e028621c09c8f3deaf7f9f5e6,success,EVALUABLE
run-dc813c201cc8f8e59247ae18c8271a67027d83b0ea4bdcd357ae81c05780764d,missing.feature.m2000.n10000.csv,measurement,0,correctness,full_reference,standard,a76bb9458b181500c7bfb9efefcfecfbb019b5a9,tadr-core,0.1.0,proprietary,,a37ec8d336d16dbe4b7a7448071808daaf5e3e0ab03afe3bb7de0ce6882bc31d,1.0,MVP_V1,1.0,1.0.12,354d07d7c83bd6265826bfeea5ad5a8ee1676a77d481616cf99ced47cbfd0b93,9fe99ed46a0feb66b78922a989e4e67b6726cec0de81591cee78934d15c7fab5,3014a86d89099b24d778c850f7a9a59b102eb0a23308da418e235a4bf87c5417,b0beed86904e3facbfa73040f17fd2e7aea8e0b09fd2e15bc13aaeba25bd029f,904d1788d814329b8630a149e43c63e1605d85c39f9e06ce041235933432f37a,success,EVALUABLE
run-dd64c885c9c7ef131171fd5acbdb61ebde36af39e4f162855800ebfbee5fb103,sampling.duplicate_rows.tail.n300000.pqstr,measurement,0,sampling_bounded,HEAD_STRIDE_V1,standard,a76bb9458b181500c7bfb9efefcfecfbb019b5a9,tadr-core,0.1.0,proprietary,,a37ec8d336d16dbe4b7a7448071808daaf5e3e0ab03afe3bb7de0ce6882bc31d,1.0,MVP_V1,1.0,1.0.12,354d07d7c83bd6265826bfeea5ad5a8ee1676a77d481616cf99ced47cbfd0b93,e7f9199137761ba7fe3eea7fcb50a81eed02d7c1ab394714796aa2f3e5278547,6074ad6099d17ba664121653c6061aa95fbcc817d5fb1430010f83c035a296f2,b2bd76b6ec395224076c30131ef3e7831df810a7e2abecd8e0a2b1630e152977,b812bb0d7e55bf84448d0dc0d143e4b8b89fabd0c5fb7ab4e2f0c2a8465fb48f,success,EVALUABLE
run-dd7fdbfddff3edd25a8c04ee3531f60576f8221c71fdd39497d3f849bba6cb61,leak.equality.m10000.n10000.pqstr,measurement,0,correctness,full_reference,standard,a76bb9458b181500c7bfb9efefcfecfbb019b5a9,tadr-core,0.1.0,proprietary,,a37ec8d336d16dbe4b7a7448071808daaf5e3e0ab03afe3bb7de0ce6882bc31d,1.0,MVP_V1,1.0,1.0.12,354d07d7c83bd6265826bfeea5ad5a8ee1676a77d481616cf99ced47cbfd0b93,cbbd8ae83fd0d53631878f4262a26cc6b1230440ab5d4848d248fca47e422227,7beae5f5e03ba7b546d723234810a9cc59feb8e3c481e2e5d40a8b35de190874,0dfd57839347b116f340aa1f8f0c20103eae46916201267ce83e5fd6d67fcbc4,7c4134da551ab979b4303bb10459636b31f5baac331a65321b379eb3fdc4020e,success,EVALUABLE
run-ddbd4fd9d1f29455ddd6a00b6ac31b282ef552be00ecd2e2a2a3fc90eaf50480,group.random.r0.n10000.csv,measurement,0,correctness,full_reference,standard,a76bb9458b181500c7bfb9efefcfecfbb019b5a9,tadr-core,0.1.0,proprietary,,a37ec8d336d16dbe4b7a7448071808daaf5e3e0ab03afe3bb7de0ce6882bc31d,1.0,MVP_V1,1.0,1.0.12,354d07d7c83bd6265826bfeea5ad5a8ee1676a77d481616cf99ced47cbfd0b93,040636b8c3c89646d7efd3d83019c1f3001d670db2149deac229aa18b7c654e7,3dbbae513651f455b6bf6985ffb1e1b1327856d6847cf7e468697a45b2dd7b0b,24acc847998a62076e46f6fefb9ff4dec4071e680115b6cb1de00603ec389492,f6ced00d9451f37c707f8347e41dbec9e43e5ecdcd1a8cbc3421d1b313f25568,success,EVALUABLE
run-de85897a3220cae12f6842a12c92efab7b63e830f32157c2c3b16384a74693a0,composite.duplicates_group_random.n10000.csv,measurement,0,correctness,full_reference,standard,a76bb9458b181500c7bfb9efefcfecfbb019b5a9,tadr-core,0.1.0,proprietary,,a37ec8d336d16dbe4b7a7448071808daaf5e3e0ab03afe3bb7de0ce6882bc31d,1.0,MVP_V1,1.0,1.0.12,354d07d7c83bd6265826bfeea5ad5a8ee1676a77d481616cf99ced47cbfd0b93,6e49ae553bfadbd021ad93589d094ad920764e254deee2abff90b396c3ee4c2b,452b45cfaaf31c21c47a12f2de4e9171c1cfc5a39bf3d0897b47653fe4bd2a4d,e532bbf20bb9dfc9263d584539b85f18ba918f895c5643eb48e611b3c613bcb7,900c73410171f344c2f945243e46f72e1f58eb75e8c13b99d855657b91ed181b,success,EVALUABLE
run-de8e69409f9535dc7296d61c9f4fed483d8875d67b528a0bf7cb339ae3d84bd4,clean.time_series.n10000.pqstr,measurement,0,determinism_small,full_reference,decimal_high,a76bb9458b181500c7bfb9efefcfecfbb019b5a9,tadr-core,0.1.0,proprietary,,a37ec8d336d16dbe4b7a7448071808daaf5e3e0ab03afe3bb7de0ce6882bc31d,1.0,MVP_V1,1.0,1.0.12,354d07d7c83bd6265826bfeea5ad5a8ee1676a77d481616cf99ced47cbfd0b93,8322062e63685b8112167dcb49a36fe157f77e6501ba63e3b7278e359c264d9b,4f838d4abee75cd21df2e8dca33c8ba961ae18c8b65acef38303383a66823ca0,2003b2258425e91889e0dbe0f3d1b8e8fbd5339102ae656beb08dae10b7e672f,0a9462adb4f3a726e0c6c316d28af3c3f3221b362d080fd58c987dd210770d51,success,EVALUABLE
run-dfc37f30adcbe61fe80bc5ce902a236d6765ae403cd9307d851892285bdb7f58,composite.timestamp_random.n10000.csv,measurement,1,determinism_small,full_reference,hash_one,a76bb9458b181500c7bfb9efefcfecfbb019b5a9,tadr-core,0.1.0,proprietary,,a37ec8d336d16dbe4b7a7448071808daaf5e3e0ab03afe3bb7de0ce6882bc31d,1.0,MVP_V1,1.0,1.0.12,354d07d7c83bd6265826bfeea5ad5a8ee1676a77d481616cf99ced47cbfd0b93,311d2b82f7a04ee6339a115a06983cdb8cea9c65e1ce94b27ddbd32834c45383,4ee0dd77819611eecbe0461587e7efa1ed30d8f4c8cb12f54be452974f7a17b6,310dd96abee2c9259a38a20c167219cb723f46d22fa9ceb7c218425a0b0f3994,3876c7266629585bc723a22d2351d27ea715aa05a0c8a29a8b21adcf1c89cacc,success,EVALUABLE
run-e082b3f0a46057ba90179b1b2b4a3028fe4b09e3381b12abd0178b0476858b40,duplicate.keys.e10.n10000.pqstr,measurement,0,correctness,full_reference,standard,a76bb9458b181500c7bfb9efefcfecfbb019b5a9,tadr-core,0.1.0,proprietary,,a37ec8d336d16dbe4b7a7448071808daaf5e3e0ab03afe3bb7de0ce6882bc31d,1.0,MVP_V1,1.0,1.0.12,354d07d7c83bd6265826bfeea5ad5a8ee1676a77d481616cf99ced47cbfd0b93,5f3293004129b322e824b8ba89b8f9c829ef7928d20d691b44ba7cf090bfcd25,6a02c82aaff932d903687c2339efa6a83ed6c3bbede56eee6929c94815098bd6,c7c6a370af0ad6e5e873ebbc5097d21fa4657b39d859fb682d8dbcc4eab39985,9a743860eb53834a0520c11cf6503a3308d20b0136a8fe67f06c5021c828a60a,success,EVALUABLE
run-e08da2e08433ef401cbe557e47cb397135cfa21345ab7ddca766cd661adcb326,duplicate.keys.e101.n10000.pqstr,measurement,0,correctness,full_reference,standard,a76bb9458b181500c7bfb9efefcfecfbb019b5a9,tadr-core,0.1.0,proprietary,,a37ec8d336d16dbe4b7a7448071808daaf5e3e0ab03afe3bb7de0ce6882bc31d,1.0,MVP_V1,1.0,1.0.12,354d07d7c83bd6265826bfeea5ad5a8ee1676a77d481616cf99ced47cbfd0b93,399ac263990fc3bd169621c7bb818509d033fc2dd2f7da468b3a0aa8bb811aec,c0811ec8943c7b8c1680a6c9bd5297665dacfcf7f28344ac632ca9b18256efd2,17411890339390674c79646c6155ec77b3b010c39d5e2aef92bf5248ce59c455,ebb86142fae51c9ccfed9fa217f68133210880969ec04a5c333248ded26e1d59,success,EVALUABLE
run-e0a14d7cc816bcc4fc08fb88cb893cb2dd0767648f33c990736536e17a5e3d8c,identifier.support.n100.csv,measurement,0,correctness,full_reference,standard,a76bb9458b181500c7bfb9efefcfecfbb019b5a9,tadr-core,0.1.0,proprietary,,a37ec8d336d16dbe4b7a7448071808daaf5e3e0ab03afe3bb7de0ce6882bc31d,1.0,MVP_V1,1.0,1.0.12,354d07d7c83bd6265826bfeea5ad5a8ee1676a77d481616cf99ced47cbfd0b93,8ba23f7465be7e81db49aa585d9ff0fef3230d85f0132ea7468db6cfcc8de863,aa9d4c086deef02550112a116f1928ecd436588f57ab9d0aee6ff1aa8c99cc01,d7466fc7cae6f8d7a08f8b002fd95288239061b280241baab76b6cc1959ccca9,3802975a0a74176095a763a2cfbb6c4f9f56647c80b923113dce1e2fd7558193,success,EVALUABLE
run-e0aca10476a5f537828ea2578e7cf58d95136d6af65e6c18023d980af9c89ca8,inference.analytics.roles_only_excluded.n10000.csv,measurement,0,correctness,full_reference,standard,a76bb9458b181500c7bfb9efefcfecfbb019b5a9,tadr-core,0.1.0,proprietary,,a37ec8d336d16dbe4b7a7448071808daaf5e3e0ab03afe3bb7de0ce6882bc31d,1.0,MVP_V1,1.0,1.0.12,354d07d7c83bd6265826bfeea5ad5a8ee1676a77d481616cf99ced47cbfd0b93,c8a6887ec4f1e0e4882164e9d35e895122076e13afff3b5726331426eb0a9a58,36b066ae1718a8270e1a580a4493f8cf05df787b633e6767242ecdb1905282b6,cf6075c75a2a3008bf873f69e7dce1c1ebc278850b07377c01471b5ad37bf4a6,5b3f43f9326789f9a9e90e0f44f3a3c8e34005afd3d34e439e2409688f316d94,success,EVALUABLE
run-e17aaa7d34b3bb7647b6513c853445ed13087c8599b7245b9d59d53015ab5f1a,leak.control.one_to_many.n10000.pqstr,measurement,0,correctness,full_reference,standard,a76bb9458b181500c7bfb9efefcfecfbb019b5a9,tadr-core,0.1.0,proprietary,,a37ec8d336d16dbe4b7a7448071808daaf5e3e0ab03afe3bb7de0ce6882bc31d,1.0,MVP_V1,1.0,1.0.12,354d07d7c83bd6265826bfeea5ad5a8ee1676a77d481616cf99ced47cbfd0b93,3ca48cc39747f5d30ec71a74a15976b5f96f023355d9e008e8b4f1cab37beb0d,cb0321cb469c56602571784d277f59b379e84125ddc4d30f759ac6bbeecf55ba,51982936780603cbbc74a0b0d51543d067eff0ff69a950cbed42f3cd3d47aa07,48f0d864e72d43455bbf85747e18d9da84159ba2e85192bd9e2afdc5338cbb18,success,EVALUABLE
run-e183162d4bc0e07cab2de53fbe442e1cac5f28d2e467d5cc0b75a3b193bd6fd4,clean.regression.n10000.csv,measurement,0,correctness,full_reference,standard,a76bb9458b181500c7bfb9efefcfecfbb019b5a9,tadr-core,0.1.0,proprietary,,a37ec8d336d16dbe4b7a7448071808daaf5e3e0ab03afe3bb7de0ce6882bc31d,1.0,MVP_V1,1.0,1.0.12,354d07d7c83bd6265826bfeea5ad5a8ee1676a77d481616cf99ced47cbfd0b93,1c220b48c0a9392a2b0979837cfbb2819bedf5cc0ffaf4688662ff04bedad921,b59e631d5075f198ecbf6d9846ac7d64e599c50da1bf9ecd4122111b36f12e1b,47f3d1a7727698dc2d52483934ca829aed3aeaebfce3f4bbe0ee0113f6ac40b2,e521bdb84008cb3a4fe95b151b6cf50bd711416b716a1303d8f5c17dcbce9f7c,success,EVALUABLE
run-e23129c849113609f7ac83ad7b6c773a1564f58d691e87a1eb2161cf4a25d0cd,group.time.r2001.n10000.pqstr,measurement,0,correctness,full_reference,standard,a76bb9458b181500c7bfb9efefcfecfbb019b5a9,tadr-core,0.1.0,proprietary,,a37ec8d336d16dbe4b7a7448071808daaf5e3e0ab03afe3bb7de0ce6882bc31d,1.0,MVP_V1,1.0,1.0.12,354d07d7c83bd6265826bfeea5ad5a8ee1676a77d481616cf99ced47cbfd0b93,d9f26f748405ced3c39346a6812ef405f4f9468272ebfef6056090608c921d5d,b36021425ce74872e98ee6822c364aba21b8484209764fd4b61f0891fc99dd52,6edd39c18c322550e8a6e58ca78b29048965d87228d880e49f279db097b184e3,29facfe63e222ca247683a8867b32f4bc26c82530851f87e82ea41d89a74559b,success,EVALUABLE
run-e36ab360a6fe2788002decd3d9df839e4cd8053a60c1126d996740bd4e90dc6b,composite.leak_inference.n10000.csv,measurement,0,correctness,full_reference,standard,a76bb9458b181500c7bfb9efefcfecfbb019b5a9,tadr-core,0.1.0,proprietary,,a37ec8d336d16dbe4b7a7448071808daaf5e3e0ab03afe3bb7de0ce6882bc31d,1.0,MVP_V1,1.0,1.0.12,354d07d7c83bd6265826bfeea5ad5a8ee1676a77d481616cf99ced47cbfd0b93,605015609dd9326d817d092e71044dbd107002c3f59f04148ed1f061f2b394be,7beae5f5e03ba7b546d723234810a9cc59feb8e3c481e2e5d40a8b35de190874,5e228f9badee45d07a9923defcc579ea0e4ecc48fa8e51879ab59c2de475ba2a,85dcb0817ab35ed3dd1646ee76564cb6400321a2f628ffb0f2310d79b47d6343,success,EVALUABLE
run-e3d78f3b2b0f61f553ae0be89b278b8f169375d9df740e117c4cb2cd41e2e5e2,sampling.leakage.tail.n300000.pqstr,measurement,0,sampling_reference,full_reference,standard,a76bb9458b181500c7bfb9efefcfecfbb019b5a9,tadr-core,0.1.0,proprietary,,a37ec8d336d16dbe4b7a7448071808daaf5e3e0ab03afe3bb7de0ce6882bc31d,1.0,MVP_V1,1.0,1.0.12,354d07d7c83bd6265826bfeea5ad5a8ee1676a77d481616cf99ced47cbfd0b93,ca9a48dd372d3ed7904c17ef0a25d8c8765cdbb3c5eadae14522724f37a3cff7,b372b1c22c605864e7a8cda9c3a8d9926f2cd86bec3dda0dff7006872e5346e5,1ddc341550fd76a664bbf54128b3f63bfc061ff720156f0be367a887bd3ab721,a868a2ca510e76d175e55d1eff7c1729d66d563d65b4ce66b84551306ad109d4,success,EVALUABLE
run-e42019da9228cc5992349f2fbe77d35dbdf5f56438299fc676594dcb72d3bd65,negative.analytics_entity.n10000.pqstr,measurement,0,correctness,full_reference,standard,a76bb9458b181500c7bfb9efefcfecfbb019b5a9,tadr-core,0.1.0,proprietary,,a37ec8d336d16dbe4b7a7448071808daaf5e3e0ab03afe3bb7de0ce6882bc31d,1.0,MVP_V1,1.0,1.0.12,354d07d7c83bd6265826bfeea5ad5a8ee1676a77d481616cf99ced47cbfd0b93,58157f2f50f4914fc0b1e5631a32add22157482f22c423bec85a4050e697c18e,345c18963a923a62d75b0bcd40a44f00918ab15da8c5b1440324702baebca753,5399e64e52dc5c382a0a11deb8baa15f2ff0da04216e08a88009200d5927e80b,33e09b4bb9f858e21e36ebe6640f656a704a3c9260c4edd3287a611599cd4fe2,success,EVALUABLE
run-e4a21463648a5dbdf2fc3b8ce9d5df497fb2ce25bdfdbc5d9e4ab6540456c849,class.binary.min200.n10000.csv,measurement,0,correctness,full_reference,standard,a76bb9458b181500c7bfb9efefcfecfbb019b5a9,tadr-core,0.1.0,proprietary,,a37ec8d336d16dbe4b7a7448071808daaf5e3e0ab03afe3bb7de0ce6882bc31d,1.0,MVP_V1,1.0,1.0.12,354d07d7c83bd6265826bfeea5ad5a8ee1676a77d481616cf99ced47cbfd0b93,52c77b5eeff6416e3ef006064ba39cca95b1880ae2cc44513bacd866d12acb24,9c28e6058b8f4ced3cfaa4ba4a8d3842c192eecc065cd926ed40f4a248dd557f,8d9ff3e169249025214593d5737732a4920c53c75ed23f81cf3963d44863b41f,c74ba706b90f203929f0c4c72509d2ae911e3038d10a7f2b6bdbdd839993f961,success,EVALUABLE
run-e4cdabdb3337e6d74218952f1314ca0913a7a7de44a09f49e0fca0ae2c4b50e9,group.time.r499.n10000.pqstr,measurement,0,correctness,full_reference,standard,a76bb9458b181500c7bfb9efefcfecfbb019b5a9,tadr-core,0.1.0,proprietary,,a37ec8d336d16dbe4b7a7448071808daaf5e3e0ab03afe3bb7de0ce6882bc31d,1.0,MVP_V1,1.0,1.0.12,354d07d7c83bd6265826bfeea5ad5a8ee1676a77d481616cf99ced47cbfd0b93,67d824b1991cec2b350fa3e6a9691f3e4f1872bfc5ae120844245a12d93ce452,834fc0f1017f05357a59ed6a4b4d16ac21c70bf8e27a81817f077b7272c456e7,f48d57bcb0c9976683494238a94eca24b4fb71b7de288b5e0feb97522bc5aea0,ffce9fc3a311cc419388572337945e574c746f94962c2d09db46503e4e868a22,success,EVALUABLE
run-e55aaab6452a25cde226ce74e8f8e6df125052fd5c3b8e0c71a04bbed72ae656,clean.regression.n10000.pqstr,measurement,0,correctness,full_reference,standard,a76bb9458b181500c7bfb9efefcfecfbb019b5a9,tadr-core,0.1.0,proprietary,,a37ec8d336d16dbe4b7a7448071808daaf5e3e0ab03afe3bb7de0ce6882bc31d,1.0,MVP_V1,1.0,1.0.12,354d07d7c83bd6265826bfeea5ad5a8ee1676a77d481616cf99ced47cbfd0b93,ecd21251331037dddb63d0388128c15dc21f1da996cdaf734b4b5f1987e60ecc,b59e631d5075f198ecbf6d9846ac7d64e599c50da1bf9ecd4122111b36f12e1b,fe73bcad0903486a8a639f54a7e57dafade4d36a20b9856724d52987108d5f92,e521bdb84008cb3a4fe95b151b6cf50bd711416b716a1303d8f5c17dcbce9f7c,success,EVALUABLE
run-e5d47a4554fa06bdfc3473aafd4e3bec77f07afbac9613ce885480fa5e802bea,duplicate.rows.e500.n10000.csv,measurement,1,determinism_small,full_reference,timezone_berlin,a76bb9458b181500c7bfb9efefcfecfbb019b5a9,tadr-core,0.1.0,proprietary,,a37ec8d336d16dbe4b7a7448071808daaf5e3e0ab03afe3bb7de0ce6882bc31d,1.0,MVP_V1,1.0,1.0.12,354d07d7c83bd6265826bfeea5ad5a8ee1676a77d481616cf99ced47cbfd0b93,644dcee9707dec5114f2d81d7a0203e70e474037f8daecee75dee486a0fe8732,266dbcf0f8269bb64d47322d4f374dccecb313c65eb95fb40f83d5356d46531a,d18babeae2628e826903b1cfa7724f03fe9f1f8451d8d8ed5dc4c94175f30cfd,6bf4c3e8e8b5b5acffd3304d13e94e2589e2fda5f5f01317b809b2221c49704a,success,EVALUABLE
run-e5e585920ab0fe7849798185b9822ee19da042e634e1e45e10196e8a7043a8b5,inference.analytics.omit_one.n10000.pqstr,measurement,1,determinism_small,full_reference,timezone_berlin,a76bb9458b181500c7bfb9efefcfecfbb019b5a9,tadr-core,0.1.0,proprietary,,a37ec8d336d16dbe4b7a7448071808daaf5e3e0ab03afe3bb7de0ce6882bc31d,1.0,MVP_V1,1.0,1.0.12,354d07d7c83bd6265826bfeea5ad5a8ee1676a77d481616cf99ced47cbfd0b93,a7c3e91cddedc578ff4faba06e8cdf7473946c00d616156efcfa1d03333de65d,c21bce58aa9857b4c0db0f0b8fc49257115ae1964241cf4ee2484b21c29d7efd,5cf27988e1ae3c6b815116bb089b3cdaa5908e0910e613d64ec192d49043e5ad,52993d17719a855b9f2fd7291909eb672f8c4155f0b88346a70b0ce100f9bd94,success,EVALUABLE
run-e62d147b351fbcb80f3e0c183779dc66e8ec5388a54ff6c12d17a65b9b8df624,parse.numeric.f2001.n10000.csv,measurement,0,determinism_small,full_reference,hash_fortytwo,a76bb9458b181500c7bfb9efefcfecfbb019b5a9,tadr-core,0.1.0,proprietary,,a37ec8d336d16dbe4b7a7448071808daaf5e3e0ab03afe3bb7de0ce6882bc31d,1.0,MVP_V1,1.0,1.0.12,354d07d7c83bd6265826bfeea5ad5a8ee1676a77d481616cf99ced47cbfd0b93,3ce13524ae9d62dad846a763c42d9aacfb5a8589ed569d2b7e2c83c33307e762,d4e8fa6771ba7922c34782952a10d34189cc6e369636033f87d5d3e1004f25be,3ab1139de98968d383e401edbb099a71bbfa6f7c77eb63da0f020410dc8fbea9,798b3bb3a7a09e1690458cc12572f66a2526305e028621c09c8f3deaf7f9f5e6,success,EVALUABLE
run-e78e1fb564c682443f14b925954c9546067d12a5715b2f1c891fb343e9873122,timestamp.regression.valid9500.n10000.pqstr,measurement,0,correctness,full_reference,standard,a76bb9458b181500c7bfb9efefcfecfbb019b5a9,tadr-core,0.1.0,proprietary,,a37ec8d336d16dbe4b7a7448071808daaf5e3e0ab03afe3bb7de0ce6882bc31d,1.0,MVP_V1,1.0,1.0.12,354d07d7c83bd6265826bfeea5ad5a8ee1676a77d481616cf99ced47cbfd0b93,bafe2d5db87d1ff6b10e446eb30d209477e9c25848b2b31acd32d85b4f23b31d,45312665247d36bd5c1ef1abd90db9774a4360b7ad67689b133655bb5ec1bf75,bec364ebc06a6db4adc3293177df0ff5a3dd9fc88c8caf8f4aa416d1ac13fcc7,13d2e28bf62535406783e5d3ce313a10042461bed821673711966c85e877e7ed,success,EVALUABLE
run-e7be5830f35bde9f1f783aeff2404d17aba82d027b1acefe69e2b1787a9204dc,duplicate.keys.e100.n10000.pqstr,measurement,1,determinism_small,full_reference,decimal_low,a76bb9458b181500c7bfb9efefcfecfbb019b5a9,tadr-core,0.1.0,proprietary,,a37ec8d336d16dbe4b7a7448071808daaf5e3e0ab03afe3bb7de0ce6882bc31d,1.0,MVP_V1,1.0,1.0.12,354d07d7c83bd6265826bfeea5ad5a8ee1676a77d481616cf99ced47cbfd0b93,d4771be5474988df57cf885b339f6604b0599e5ce1b21751eb597aadcf7c8b49,a3f9bf2b671cb66ea52c1a6259c86cba85f0283264edff978e40352e6732e2da,1d4438ddaf9b6339e1c52deb4a6313aa48f2e91f654f85a160312f334854a8d7,56f2229a8d01fcb7d81254381995d51f850d00b858e94ec88623316d89bfad29,success,EVALUABLE
run-e84f7c4d4408e2e6568c096e3b0a62e864a40fee1a365a05b4547c4299a97acb,sampling.group.middle.n300000.pqstr,measurement,0,sampling_reference,full_reference,standard,a76bb9458b181500c7bfb9efefcfecfbb019b5a9,tadr-core,0.1.0,proprietary,,a37ec8d336d16dbe4b7a7448071808daaf5e3e0ab03afe3bb7de0ce6882bc31d,1.0,MVP_V1,1.0,1.0.12,354d07d7c83bd6265826bfeea5ad5a8ee1676a77d481616cf99ced47cbfd0b93,4084b468c8cb0c14cbf8042d4a96a32b334a871968b94eebc147e1cd561cce40,a8deec9ce02653d79822fe677600d9b0cbf0912b282fa0a01132e7e33021ef5d,324cebcdf11e8ed761654d6e9f45758f56b6803ba8a54202ba46020f47662869,b404b9b95cb6f22417c0d2742ce2681f0824c66a8605db0789345434463ef4d9,success,EVALUABLE
run-e938526efb7edac2e1d35076bd8d00d64e4f9b98e8fcd32161f32f6a33ff865c,parse.numeric.f2000.n10000.pqstr,measurement,0,correctness,full_reference,standard,a76bb9458b181500c7bfb9efefcfecfbb019b5a9,tadr-core,0.1.0,proprietary,,a37ec8d336d16dbe4b7a7448071808daaf5e3e0ab03afe3bb7de0ce6882bc31d,1.0,MVP_V1,1.0,1.0.12,354d07d7c83bd6265826bfeea5ad5a8ee1676a77d481616cf99ced47cbfd0b93,0793c3fed4be200777b866608446d01e022fe50228cc412f70305a886332d107,a86f1ab0959bf59ea67aaf99d26ee2f5bc60a1e8dc3d4628f204f27e4a9bf5e7,e2c4b5ca43d1e51cc0f5550ad92e70a2bce8966fb8e98a578e94b5b350f82272,05e5eb1453d798b410812b1e7811b9936ccea6ef1376c03ad6a3e34ae108827a,success,EVALUABLE
run-ea0da293e5ffc55165c32fa421b3accaf29928aa0c1a21d75a76633394e5f429,missing.target.m100.n10000.csv,measurement,0,correctness,full_reference,standard,a76bb9458b181500c7bfb9efefcfecfbb019b5a9,tadr-core,0.1.0,proprietary,,a37ec8d336d16dbe4b7a7448071808daaf5e3e0ab03afe3bb7de0ce6882bc31d,1.0,MVP_V1,1.0,1.0.12,354d07d7c83bd6265826bfeea5ad5a8ee1676a77d481616cf99ced47cbfd0b93,90b65e5763c2b249d89bee5eff1871f4726576df7a59741ca982e0c3f045f2a8,dcc05a015dde9480b25b2259b6412b34ef38918193008241097bf0dcabebeb14,5ef7dcb6e21a06a78e245e9bf43cda83dc7ead85721d37b9a918911adb56fb85,610a397f463b706cd8cf2b20e8d8231dd7653f86d724ba32e0b680e228005b5c,success,EVALUABLE
run-ea814068a568fcb73385c28023e21e0249a1a7654850caa4adbbed684fb74549,timestamp.regression.valid8000.n10000.csv,measurement,0,correctness,full_reference,standard,a76bb9458b181500c7bfb9efefcfecfbb019b5a9,tadr-core,0.1.0,proprietary,,a37ec8d336d16dbe4b7a7448071808daaf5e3e0ab03afe3bb7de0ce6882bc31d,1.0,MVP_V1,1.0,1.0.12,354d07d7c83bd6265826bfeea5ad5a8ee1676a77d481616cf99ced47cbfd0b93,458f1b43f27cfc01a6df747d16ee62b9738a44786856c8b2165496f733cfddc2,f59f718595c5ee90caa230aeeeedbb2523420fcf6222ebde70620ded387cef65,77580c224c1a3061c0e758f622faca05725b51115270fec072afa0c46b7e758a,63137da3fcaf01b713cfa1a621241e26b9c8dd3f82ff5a504e548abc2ac4516b,success,EVALUABLE
run-eae1e51882341c9ccf6ca5e77927e288096fc69a93523c1888d89dfade3eb447,inference.analytics.complete.n10000.csv,measurement,0,correctness,full_reference,standard,a76bb9458b181500c7bfb9efefcfecfbb019b5a9,tadr-core,0.1.0,proprietary,,a37ec8d336d16dbe4b7a7448071808daaf5e3e0ab03afe3bb7de0ce6882bc31d,1.0,MVP_V1,1.0,1.0.12,354d07d7c83bd6265826bfeea5ad5a8ee1676a77d481616cf99ced47cbfd0b93,c6aa195e5b89112652bfb7bb0a0b6b0403200f98de615fa948dc55dcc54183eb,c21bce58aa9857b4c0db0f0b8fc49257115ae1964241cf4ee2484b21c29d7efd,092e5d7185303414a25438bb0bc0d5f65766ac28881bfe5e77acb96d29d804ee,17f6f0a126b771610b729f6a93ed83d066eca2c1258d94731dc2f3bbb103c7ff,success,EVALUABLE
run-eae5fb39088cd07d97043796a31c17f676dfec47a822afa43129ae03c8fc33af,leak.mapping.r9990.n10000.pqstr,measurement,1,determinism_small,full_reference,timezone_berlin,a76bb9458b181500c7bfb9efefcfecfbb019b5a9,tadr-core,0.1.0,proprietary,,a37ec8d336d16dbe4b7a7448071808daaf5e3e0ab03afe3bb7de0ce6882bc31d,1.0,MVP_V1,1.0,1.0.12,354d07d7c83bd6265826bfeea5ad5a8ee1676a77d481616cf99ced47cbfd0b93,a14a7eca9a67116beaeb2bf5bcce12e22957d2316e54dae8375150a513871888,0f91ced0fb3f4f6fdf7deeb8506c1a6a87cb65857cd138c40d2a843f0a42b586,ad6fe3f43221c4ba377525b8d6571ce833046f7bdc59f35cce37ecb46b06d26b,2c5d0a75623a1baadec7180fd9fb1e5b8ea97a1fcfb96f5a9e4045b79d729d1a,success,EVALUABLE
run-eb16142f6b758a13fb71ab7952861467e83f403365e872ef608ab4bcde0a0ed4,duplicate.rows.e500.n10000.csv,measurement,0,determinism_small,full_reference,timezone_berlin,a76bb9458b181500c7bfb9efefcfecfbb019b5a9,tadr-core,0.1.0,proprietary,,a37ec8d336d16dbe4b7a7448071808daaf5e3e0ab03afe3bb7de0ce6882bc31d,1.0,MVP_V1,1.0,1.0.12,354d07d7c83bd6265826bfeea5ad5a8ee1676a77d481616cf99ced47cbfd0b93,644dcee9707dec5114f2d81d7a0203e70e474037f8daecee75dee486a0fe8732,266dbcf0f8269bb64d47322d4f374dccecb313c65eb95fb40f83d5356d46531a,d18babeae2628e826903b1cfa7724f03fe9f1f8451d8d8ed5dc4c94175f30cfd,6bf4c3e8e8b5b5acffd3304d13e94e2589e2fda5f5f01317b809b2221c49704a,success,EVALUABLE
run-eb73ad9dad3b43e23bad53e1aeef394a3f362022bcfa7667ac646cfe58bdb153,duplicate.rows.e499.n10000.pqstr,measurement,0,correctness,full_reference,standard,a76bb9458b181500c7bfb9efefcfecfbb019b5a9,tadr-core,0.1.0,proprietary,,a37ec8d336d16dbe4b7a7448071808daaf5e3e0ab03afe3bb7de0ce6882bc31d,1.0,MVP_V1,1.0,1.0.12,354d07d7c83bd6265826bfeea5ad5a8ee1676a77d481616cf99ced47cbfd0b93,61cf5c50a1ee2bc91e781bf4a291ebceee59b199f9a4c800aeba33c2ed3857b9,73f86a0d3f6045f8201b3dae69024bd5359cbb7fc71b551d90e35a199c8d3583,c01ae4250f9287e1a105a6cd5bd9f1f6d62c7df40658a3c57784f27277c6d76a,9ac69f663ab4bfeb26d1d0605edc60dc2d963eb76f363007a1731544ebda4b34,success,EVALUABLE
run-eba00239f2cb4c9189356baaca73aaf8c6c8da3f4cfd38ba4e5c9a7d6c8e73ff,negative.declared_id.n10000.pqstr,measurement,0,correctness,full_reference,standard,a76bb9458b181500c7bfb9efefcfecfbb019b5a9,tadr-core,0.1.0,proprietary,,a37ec8d336d16dbe4b7a7448071808daaf5e3e0ab03afe3bb7de0ce6882bc31d,1.0,MVP_V1,1.0,1.0.12,354d07d7c83bd6265826bfeea5ad5a8ee1676a77d481616cf99ced47cbfd0b93,649b28ce2cb7dcb7b2d23afdc6f37240515034d93082daef937a0165a15b015b,32a474f4a16937ef71b57fabb544b04c59782fb746e16d951e740efa6ccda095,cd7c01731d1a6c3be10e6e8c0f2a35c940e1863e224184421bc56012ec48e998,371961cb886e91247b7fa265cb1f14ff6557341bb03c5f6f86d132b5ddf3bcd0,success,EVALUABLE
run-eba3b41afe7f22f759cf03ca10e5594be680d6a91875081b8175fb61e3c0db20,identifier.measurement.u9801.n10000.pqstr,measurement,0,correctness,full_reference,standard,a76bb9458b181500c7bfb9efefcfecfbb019b5a9,tadr-core,0.1.0,proprietary,,a37ec8d336d16dbe4b7a7448071808daaf5e3e0ab03afe3bb7de0ce6882bc31d,1.0,MVP_V1,1.0,1.0.12,354d07d7c83bd6265826bfeea5ad5a8ee1676a77d481616cf99ced47cbfd0b93,a44a3fc767139cd6c4789aabae3d6d16e0a821e58bc94955a40ebeaf042dfdb1,2cc22276d6a3451d06f10666bcaeb6302cb95ebc65409b14ef4774168f5676fe,9b841a4ab1793d57e7360d52aae0b9afbb9dea31e4a640476018821e6e139491,6403fb448fbc55e4781992b59b9297664ad4f542cdfdac806d7b69999782599b,success,EVALUABLE
run-ebe3882bd3f1e7314e350503d1d77dd2adc0f16ccb3ef3f26f77588f46a958dd,class.binary.min199.n10000.csv,measurement,0,correctness,full_reference,standard,a76bb9458b181500c7bfb9efefcfecfbb019b5a9,tadr-core,0.1.0,proprietary,,a37ec8d336d16dbe4b7a7448071808daaf5e3e0ab03afe3bb7de0ce6882bc31d,1.0,MVP_V1,1.0,1.0.12,354d07d7c83bd6265826bfeea5ad5a8ee1676a77d481616cf99ced47cbfd0b93,cd8e858489101a5657344ea664e5f8c2c30d1729fd821e8694441f32e7ef5454,07bd947267dd3c9b649483a2367af9f53410868e53c80d2dbca12392ba397009,a776e8b9426e404a6c12ceb422f37d012a99aee924c551276540421f6eeb4bfe,9dfe1664bec0bdcf66f5ad8d10ed040e7cedfaeb8df34a16cf077a330401f0bd,success,EVALUABLE
run-ec44d0aa1b66b38735aa0c2a0516a1fa6cc02cdc8aa95337b550ea31e26d6811,sampling.group.gaps.n300000.pqstr,measurement,0,sampling_reference,full_reference,standard,a76bb9458b181500c7bfb9efefcfecfbb019b5a9,tadr-core,0.1.0,proprietary,,a37ec8d336d16dbe4b7a7448071808daaf5e3e0ab03afe3bb7de0ce6882bc31d,1.0,MVP_V1,1.0,1.0.12,354d07d7c83bd6265826bfeea5ad5a8ee1676a77d481616cf99ced47cbfd0b93,c68da782f789d4d7cc370a6499736fb2783e5db98490da0417286a58e73b1f4e,2844adce40482a8a36878de45ea583797fde343a78a2d3d5a2f1c36840e4391f,7ac87c2a06b42d0c92052e79966ca4bab8c7a3fbd3a131bc9e7e6c2f165ed83b,09c656a081060489be80b9df69deb2c5d97c5ff4f23657c0eb6be64d15218acf,success,EVALUABLE
run-ec7ee4fb35f7a34172c895c52e1a021a470363cc3e96784b9722791e3c77bd52,identifier.probe_id.u9799.n10000.pqstr,measurement,0,correctness,full_reference,standard,a76bb9458b181500c7bfb9efefcfecfbb019b5a9,tadr-core,0.1.0,proprietary,,a37ec8d336d16dbe4b7a7448071808daaf5e3e0ab03afe3bb7de0ce6882bc31d,1.0,MVP_V1,1.0,1.0.12,354d07d7c83bd6265826bfeea5ad5a8ee1676a77d481616cf99ced47cbfd0b93,80ccbe78c47f4b8bbbfb23251554877e54bdea4b5b747a1a34d06357121e8e9d,93b4eee2e652d1b313550abc5c4f1784e690f8f4250390c374549c961931efc8,cdd72d44e3f6e87c581595316619b485964650110eb5959ff4371af98e3c2071,3c8bcf6db0c4b8746966af4c4272f8571fa06bf7dcec30f7c02ecc095fd694f0,success,EVALUABLE
run-ec8affc774037956b8219db5ae2cd0106b10f15e214d2a0c1bfba7f5f5bdeed3,parse.numeric.f2001.n10000.csv,measurement,0,determinism_small,full_reference,decimal_low,a76bb9458b181500c7bfb9efefcfecfbb019b5a9,tadr-core,0.1.0,proprietary,,a37ec8d336d16dbe4b7a7448071808daaf5e3e0ab03afe3bb7de0ce6882bc31d,1.0,MVP_V1,1.0,1.0.12,354d07d7c83bd6265826bfeea5ad5a8ee1676a77d481616cf99ced47cbfd0b93,3ce13524ae9d62dad846a763c42d9aacfb5a8589ed569d2b7e2c83c33307e762,d4e8fa6771ba7922c34782952a10d34189cc6e369636033f87d5d3e1004f25be,3ab1139de98968d383e401edbb099a71bbfa6f7c77eb63da0f020410dc8fbea9,798b3bb3a7a09e1690458cc12572f66a2526305e028621c09c8f3deaf7f9f5e6,success,EVALUABLE
run-ed386d4cbcb561bc01c6d0e563ebb8ce6c5e6ae94c5c0466ad2679497ec24804,duplicate.keys.e100.n10000.pqstr,measurement,1,determinism_small,full_reference,standard,a76bb9458b181500c7bfb9efefcfecfbb019b5a9,tadr-core,0.1.0,proprietary,,a37ec8d336d16dbe4b7a7448071808daaf5e3e0ab03afe3bb7de0ce6882bc31d,1.0,MVP_V1,1.0,1.0.12,354d07d7c83bd6265826bfeea5ad5a8ee1676a77d481616cf99ced47cbfd0b93,d4771be5474988df57cf885b339f6604b0599e5ce1b21751eb597aadcf7c8b49,a3f9bf2b671cb66ea52c1a6259c86cba85f0283264edff978e40352e6732e2da,1d4438ddaf9b6339e1c52deb4a6313aa48f2e91f654f85a160312f334854a8d7,56f2229a8d01fcb7d81254381995d51f850d00b858e94ec88623316d89bfad29,success,EVALUABLE
run-ed396a20e461ca4e4a4541696b75ede753d25afd7ebdf67a7702b14e031d345c,leak.control.support49.csv,measurement,0,correctness,full_reference,standard,a76bb9458b181500c7bfb9efefcfecfbb019b5a9,tadr-core,0.1.0,proprietary,,a37ec8d336d16dbe4b7a7448071808daaf5e3e0ab03afe3bb7de0ce6882bc31d,1.0,MVP_V1,1.0,1.0.12,354d07d7c83bd6265826bfeea5ad5a8ee1676a77d481616cf99ced47cbfd0b93,4526032e0f7a6e42c3da6ddf39970350f9817325709013f5b2f24f95574d2881,08371b18950bdd7814af6af8c5e75b8fbcfe6798676e34714bdcffc4fd1ea4ca,3d11bcb12b252b185b8b53d8d2d586b9f1d375e4b0fc84da2ba19fa4f827c1ed,ac31b7f42ba11ff069f01e0883989956d7f77ceafce36b05b7a919964ce43127,success,EVALUABLE
run-ed98687cfd3cf9e3af7c7abaae3c8934e0749e4b38cf82f6e49afb669da6edd8,group.random.r2000.n10000.csv,measurement,0,determinism_small,full_reference,hash_one,a76bb9458b181500c7bfb9efefcfecfbb019b5a9,tadr-core,0.1.0,proprietary,,a37ec8d336d16dbe4b7a7448071808daaf5e3e0ab03afe3bb7de0ce6882bc31d,1.0,MVP_V1,1.0,1.0.12,354d07d7c83bd6265826bfeea5ad5a8ee1676a77d481616cf99ced47cbfd0b93,a7f2fa480a475a37fb77b449eadfbae99f0032003e6d3a9842f7a9094f231350,9594c53132cc5da7b983625018f02ce64e675a692247ea4230159680b2043661,1040d9b90d3d9437d2a8098d9f531add44dbfe183cadbbd17238e7cb126449f8,e2fbfbeaeabda936db187cf8d6b6f5ed419464b327427b2894a0dd2309238694,success,EVALUABLE
run-ee9a930a1594248ac843e08cb22e776749a3de1034b3b3d3b5dc7350b1df154d,leak.control.one_to_many.n10000.csv,measurement,0,correctness,full_reference,standard,a76bb9458b181500c7bfb9efefcfecfbb019b5a9,tadr-core,0.1.0,proprietary,,a37ec8d336d16dbe4b7a7448071808daaf5e3e0ab03afe3bb7de0ce6882bc31d,1.0,MVP_V1,1.0,1.0.12,354d07d7c83bd6265826bfeea5ad5a8ee1676a77d481616cf99ced47cbfd0b93,10d048e95dae45e22170da339873187b3e0db3adfbda3b5b126c337678400605,cb0321cb469c56602571784d277f59b379e84125ddc4d30f759ac6bbeecf55ba,1e72e63e92e5ea38de0647e70dba263d10f4534c99609a690472937fb3e4ee18,48f0d864e72d43455bbf85747e18d9da84159ba2e85192bd9e2afdc5338cbb18,success,EVALUABLE
run-ef164145b7772397471f448c24f5214003d82108b215b430a0bfe8e951459f0b,class.binary.min201.n10000.pqstr,measurement,0,correctness,full_reference,standard,a76bb9458b181500c7bfb9efefcfecfbb019b5a9,tadr-core,0.1.0,proprietary,,a37ec8d336d16dbe4b7a7448071808daaf5e3e0ab03afe3bb7de0ce6882bc31d,1.0,MVP_V1,1.0,1.0.12,354d07d7c83bd6265826bfeea5ad5a8ee1676a77d481616cf99ced47cbfd0b93,b6e1ccb78a9048928c18132c9859098da05a250570534e69f349a79bb612623a,7fe88afed3b2868ddc628e8ef532aca2518f116e0c834aa35fc03756e21697a9,90abcf8f00bc54145afe5088f14e57dbc01ec4eb2aba5070390a380c4f5cf184,837e73665bab1b8d2455b265c62ef19ef87ff4e839d9fc8e80d3e4cdb1420eb9,success,EVALUABLE
run-ef588bf746b03010e3147531702ffb79c2bb70c7565b350403403eeef34bfa96,group.random.r500.n10000.pqstr,measurement,0,correctness,full_reference,standard,a76bb9458b181500c7bfb9efefcfecfbb019b5a9,tadr-core,0.1.0,proprietary,,a37ec8d336d16dbe4b7a7448071808daaf5e3e0ab03afe3bb7de0ce6882bc31d,1.0,MVP_V1,1.0,1.0.12,354d07d7c83bd6265826bfeea5ad5a8ee1676a77d481616cf99ced47cbfd0b93,d30787d9fb95dfe6b1db0cad941f4aa011e6b443b3cd53cf263f441301922668,9898ed8c601f1db31b01873937bae14b7eae36e79b63c2025320102fbaeb0cf7,7fd1e7d9cec9b87119257e52965e181d76efc7357b43c987ccd5b8b9c3909309,1b723b184435eddeb884201960b8eef11e8b4c8c7f3b7cd3e87522c8918b8b8b,success,EVALUABLE
run-f0316e95e1156e5ec363346421693eb9df1a8c2e4d4d7fcace99202e496d9e15,group.group.r2000.n10000.csv,measurement,0,correctness,full_reference,standard,a76bb9458b181500c7bfb9efefcfecfbb019b5a9,tadr-core,0.1.0,proprietary,,a37ec8d336d16dbe4b7a7448071808daaf5e3e0ab03afe3bb7de0ce6882bc31d,1.0,MVP_V1,1.0,1.0.12,354d07d7c83bd6265826bfeea5ad5a8ee1676a77d481616cf99ced47cbfd0b93,b257838fa855b5498a44b9385f7dece1588bca75076d9af30a6219211dc4c926,9594c53132cc5da7b983625018f02ce64e675a692247ea4230159680b2043661,1040d9b90d3d9437d2a8098d9f531add44dbfe183cadbbd17238e7cb126449f8,584846699ab7e97b670be4966ddeccb446bc67dd4e15fd71dffa193ee232a2ec,success,EVALUABLE
run-f0ebd16b53a33c188382ca7b231c51ed9f19496cb1b273dcb47691a9cb8a5f7e,scale.analytics.n1000000.w20.pqnative,measurement,1,scale_regular,scale_default,standard,a76bb9458b181500c7bfb9efefcfecfbb019b5a9,tadr-core,0.1.0,proprietary,,a37ec8d336d16dbe4b7a7448071808daaf5e3e0ab03afe3bb7de0ce6882bc31d,1.0,MVP_V1,1.0,1.0.12,354d07d7c83bd6265826bfeea5ad5a8ee1676a77d481616cf99ced47cbfd0b93,2d70cc70cd8fa1f59a6b4f9bffffcf0790e63bb3366072f60ee744ae2710b513,a5488aafae83e78c97b70aa3a0f673a6c9227e451a883391693719098a49679c,4693e43725e105955104c1d3b22dcae9574a8290e2268a69f1ce39936d466af4,ccd6d072601c9730415e6dfc5f20bdae0a827c54360351c65f8b647a125b45d9,success,EVALUABLE
run-f0f8fbd0fb446a92814b095cd2ba1441caa64dc871f2f15c63c672b826674a33,group.random.r499.n10000.csv,measurement,0,correctness,full_reference,standard,a76bb9458b181500c7bfb9efefcfecfbb019b5a9,tadr-core,0.1.0,proprietary,,a37ec8d336d16dbe4b7a7448071808daaf5e3e0ab03afe3bb7de0ce6882bc31d,1.0,MVP_V1,1.0,1.0.12,354d07d7c83bd6265826bfeea5ad5a8ee1676a77d481616cf99ced47cbfd0b93,079031e21f93876217e6636aeecb3da24be3540ded4e42965b9d2cf8fc586567,834fc0f1017f05357a59ed6a4b4d16ac21c70bf8e27a81817f077b7272c456e7,a239b25aa83b11463264cf6aeb3da96154253f3320d63bfa0ef5dd0010c211d1,ffce9fc3a311cc419388572337945e574c746f94962c2d09db46503e4e868a22,success,EVALUABLE
run-f1ed72b6d3b7b1b0c930e9be28fafd34dc8653e0edfa91edd2b408f4a1f902ca,inference.analytics.omit_one.n10000.pqstr,measurement,1,determinism_small,full_reference,hash_fortytwo,a76bb9458b181500c7bfb9efefcfecfbb019b5a9,tadr-core,0.1.0,proprietary,,a37ec8d336d16dbe4b7a7448071808daaf5e3e0ab03afe3bb7de0ce6882bc31d,1.0,MVP_V1,1.0,1.0.12,354d07d7c83bd6265826bfeea5ad5a8ee1676a77d481616cf99ced47cbfd0b93,a7c3e91cddedc578ff4faba06e8cdf7473946c00d616156efcfa1d03333de65d,c21bce58aa9857b4c0db0f0b8fc49257115ae1964241cf4ee2484b21c29d7efd,5cf27988e1ae3c6b815116bb089b3cdaa5908e0910e613d64ec192d49043e5ad,52993d17719a855b9f2fd7291909eb672f8c4155f0b88346a70b0ce100f9bd94,success,EVALUABLE
run-f3193bd5f888710efa91dc37eafc2e9d427a77d9f2c43499b8bc538f42770b54,group.random.r2000.n10000.csv,measurement,0,determinism_small,full_reference,standard,a76bb9458b181500c7bfb9efefcfecfbb019b5a9,tadr-core,0.1.0,proprietary,,a37ec8d336d16dbe4b7a7448071808daaf5e3e0ab03afe3bb7de0ce6882bc31d,1.0,MVP_V1,1.0,1.0.12,354d07d7c83bd6265826bfeea5ad5a8ee1676a77d481616cf99ced47cbfd0b93,a7f2fa480a475a37fb77b449eadfbae99f0032003e6d3a9842f7a9094f231350,9594c53132cc5da7b983625018f02ce64e675a692247ea4230159680b2043661,1040d9b90d3d9437d2a8098d9f531add44dbfe183cadbbd17238e7cb126449f8,e2fbfbeaeabda936db187cf8d6b6f5ed419464b327427b2894a0dd2309238694,success,EVALUABLE
run-f3b53b3446c6f740778d736ba15a38e8e9bdb0947e9a1f63b808878f5ff5948f,sampling.cardinality.head.n300000.pqstr,measurement,0,sampling_reference,full_reference,standard,a76bb9458b181500c7bfb9efefcfecfbb019b5a9,tadr-core,0.1.0,proprietary,,a37ec8d336d16dbe4b7a7448071808daaf5e3e0ab03afe3bb7de0ce6882bc31d,1.0,MVP_V1,1.0,1.0.12,354d07d7c83bd6265826bfeea5ad5a8ee1676a77d481616cf99ced47cbfd0b93,a5e740062cd398d41e0b9d8712bbfcbf6e9bccdd66e0b1e3da392a65340759e2,ad865f1bbb7985de5f774bc6429bc7270984b763a9097040f3a1f28676564fb9,6a94124412e085c7f3034ffd9fa107929bd4687a3f6cf054d641df9624351cd8,0d1b2bb9903f88bc8a60b7eb37fa14965ca39ba55a07500ff634e82d29cb3d99,success,EVALUABLE
run-f535b169547af3b955b07d911e20c734a779970fd94f730ddd92411041e14294,scale.analytics.n1000000.w100.pqnative,measurement,2,scale_regular,scale_default,standard,a76bb9458b181500c7bfb9efefcfecfbb019b5a9,tadr-core,0.1.0,proprietary,,a37ec8d336d16dbe4b7a7448071808daaf5e3e0ab03afe3bb7de0ce6882bc31d,1.0,MVP_V1,1.0,1.0.12,354d07d7c83bd6265826bfeea5ad5a8ee1676a77d481616cf99ced47cbfd0b93,d25dbbf63ac4e299bca118dcf7efa412f5c9e0160cfdacfd074c64cf2324340a,10d9a367a99fed8ea721af4a86aea144f75a56a8c041935bccdfd2b46ae5ef4b,fd12287683aff028fac2bdc23d1559bacd5aae6164479432964902b83d2cba06,ff74c6f99487c34b1f8d5f6812a73084ecea70ffd48738e610206edfb4166a52,success,EVALUABLE
run-f586e01ed3941d3348d71d2464b11a4345c39f988675cc386c61b449aaa8c70f,sampling.cardinality.head.n300000.pqstr,measurement,0,sampling_bounded,HEAD_STRIDE_V1,standard,a76bb9458b181500c7bfb9efefcfecfbb019b5a9,tadr-core,0.1.0,proprietary,,a37ec8d336d16dbe4b7a7448071808daaf5e3e0ab03afe3bb7de0ce6882bc31d,1.0,MVP_V1,1.0,1.0.12,354d07d7c83bd6265826bfeea5ad5a8ee1676a77d481616cf99ced47cbfd0b93,a5e740062cd398d41e0b9d8712bbfcbf6e9bccdd66e0b1e3da392a65340759e2,ad865f1bbb7985de5f774bc6429bc7270984b763a9097040f3a1f28676564fb9,6a94124412e085c7f3034ffd9fa107929bd4687a3f6cf054d641df9624351cd8,98a31e7822c017ca6da60403e7b715a8af404c600854d613e391cd345fe135b4,success,EVALUABLE
run-f74ea2d97432b4c065fa9b55d98a80aee33175072bd8bdf1bfb392713e929cfd,timestamp.regression.valid7999.n10000.csv,measurement,0,correctness,full_reference,standard,a76bb9458b181500c7bfb9efefcfecfbb019b5a9,tadr-core,0.1.0,proprietary,,a37ec8d336d16dbe4b7a7448071808daaf5e3e0ab03afe3bb7de0ce6882bc31d,1.0,MVP_V1,1.0,1.0.12,354d07d7c83bd6265826bfeea5ad5a8ee1676a77d481616cf99ced47cbfd0b93,4a215f3b24e908432bd323e2570c20d6e7c06ef3caca097996806cf1e9dd2646,b9556fd3ae079f363afb302b58c234a76729f1cf7e8634cf18a480f4c5324ddf,17f46fb192a0851de00d7603e083fb273e62cf5369cef7af708203a991c33ba9,89de2c0cc8537781d32f8d2e28210bbfbda4b2ab6e843bc4f301ff4aa654c639,success,EVALUABLE
run-f794944c45695e7846b2aef09fc3fe53e726bc0c99677ff0e714b9fa7d22bb4a,sampling.missingness.middle.n300000.pqstr,measurement,0,sampling_bounded,HEAD_STRIDE_V1,standard,a76bb9458b181500c7bfb9efefcfecfbb019b5a9,tadr-core,0.1.0,proprietary,,a37ec8d336d16dbe4b7a7448071808daaf5e3e0ab03afe3bb7de0ce6882bc31d,1.0,MVP_V1,1.0,1.0.12,354d07d7c83bd6265826bfeea5ad5a8ee1676a77d481616cf99ced47cbfd0b93,ca3ac826f86789f0f35772ec4c15aaa08c0f9a52b613b2175821817092d49211,f72e7726302772e4d0afe0081454cfd736271efc7ad0de7f27655f0cef95ffa5,7fb1736bb02a033a48bb0172b07fcf6d0578117ae3dbc35d8c00ec2221ef4fac,d3325f63a952eb141d34151451e0a97c193f1671912ddb3eb64760267fc355a9,success,EVALUABLE
run-f7a55c82f2f0236f0930511cd24c6586def6753e652d6c0cf002db0462dc363a,leak.control.allowlisted_copy.n10000.pqstr,measurement,0,correctness,full_reference,standard,a76bb9458b181500c7bfb9efefcfecfbb019b5a9,tadr-core,0.1.0,proprietary,,a37ec8d336d16dbe4b7a7448071808daaf5e3e0ab03afe3bb7de0ce6882bc31d,1.0,MVP_V1,1.0,1.0.12,354d07d7c83bd6265826bfeea5ad5a8ee1676a77d481616cf99ced47cbfd0b93,d36d0dfd2e4f0eb0c18e12b1648f5f70e9fd8ae3646157446a84ab286feeaf54,7beae5f5e03ba7b546d723234810a9cc59feb8e3c481e2e5d40a8b35de190874,0dfd57839347b116f340aa1f8f0c20103eae46916201267ce83e5fd6d67fcbc4,4e7471035faf3fd5cab91a2001503dd7a747c3f1a72ccdba1eb53f16119a08d2,success,EVALUABLE
run-f87b5c537587bfe5829c8bef43c923efc4233e97bd87d9597799c4a2f94cc7fa,sampling.leakage.gaps.n300000.pqstr,measurement,0,sampling_reference,full_reference,standard,a76bb9458b181500c7bfb9efefcfecfbb019b5a9,tadr-core,0.1.0,proprietary,,a37ec8d336d16dbe4b7a7448071808daaf5e3e0ab03afe3bb7de0ce6882bc31d,1.0,MVP_V1,1.0,1.0.12,354d07d7c83bd6265826bfeea5ad5a8ee1676a77d481616cf99ced47cbfd0b93,ea4253c2294a95629f9dc13de9805976ddabcdcbb392e7324199b1a82c774df3,3d37a6261c5f2dfd2187b3679c76f5deca861a774dd6d6eb94a6cbb3bc7ccb58,3cdcd6bce02514f93f5b582c2313c43e86e0bae1b6f955f9c49e66bc9ed61b9a,b3b8d950d4e6748d056aa3b9a0f99cc25ffd933e605f8acffc7cb443b497bef4,success,EVALUABLE
run-f8b4be6ddbfb560816e94d7fdb89848c7c5a9bc06d9216a68e39c39abfa390e4,scale.analytics.n10000.w20.pqnative,measurement,0,scale_regular,scale_default,standard,a76bb9458b181500c7bfb9efefcfecfbb019b5a9,tadr-core,0.1.0,proprietary,,a37ec8d336d16dbe4b7a7448071808daaf5e3e0ab03afe3bb7de0ce6882bc31d,1.0,MVP_V1,1.0,1.0.12,354d07d7c83bd6265826bfeea5ad5a8ee1676a77d481616cf99ced47cbfd0b93,6442fc0d239603b112473fa20eebb358a111f94c63287e53759f219b03ad238d,24ff9ced210c268e93fdabb97820844dcc68c3edc4897def7fe688b559417589,bfd9e0bf58847a40751bb70011c38f39620504198c085e10c56e1904bef1ae87,ef2a2d5b7585e1216bb537912e27642a0e7256d7df2e0cf0c71319712b1bcb70,success,EVALUABLE
run-f9ab9ce5358332f637173042d0be45855e607cb68d5372fa51d10f2888d74033,composite.timestamp_random.n10000.csv,measurement,1,determinism_small,full_reference,hash_fortytwo,a76bb9458b181500c7bfb9efefcfecfbb019b5a9,tadr-core,0.1.0,proprietary,,a37ec8d336d16dbe4b7a7448071808daaf5e3e0ab03afe3bb7de0ce6882bc31d,1.0,MVP_V1,1.0,1.0.12,354d07d7c83bd6265826bfeea5ad5a8ee1676a77d481616cf99ced47cbfd0b93,311d2b82f7a04ee6339a115a06983cdb8cea9c65e1ce94b27ddbd32834c45383,4ee0dd77819611eecbe0461587e7efa1ed30d8f4c8cb12f54be452974f7a17b6,310dd96abee2c9259a38a20c167219cb723f46d22fa9ceb7c218425a0b0f3994,3876c7266629585bc723a22d2351d27ea715aa05a0c8a29a8b21adcf1c89cacc,success,EVALUABLE
run-f9c4073512c1d10fd329aa3b8b87cca1f059048a18fd323655d5935fd4eafc32,group.random.r500.n10000.csv,measurement,0,correctness,full_reference,standard,a76bb9458b181500c7bfb9efefcfecfbb019b5a9,tadr-core,0.1.0,proprietary,,a37ec8d336d16dbe4b7a7448071808daaf5e3e0ab03afe3bb7de0ce6882bc31d,1.0,MVP_V1,1.0,1.0.12,354d07d7c83bd6265826bfeea5ad5a8ee1676a77d481616cf99ced47cbfd0b93,2eda103f4a7155c06baf043e0af65f22c7d955afa71db4fbd3df58773e6077ed,9898ed8c601f1db31b01873937bae14b7eae36e79b63c2025320102fbaeb0cf7,fa8e84b27f235cec92c5f2f3f27bad1df970cafec009529f3be8bfc6bf97df64,1b723b184435eddeb884201960b8eef11e8b4c8c7f3b7cd3e87522c8918b8b8b,success,EVALUABLE
run-fa1c65fe473acde61d62e69d15b3f14f8faa1a39cf5b3c94124c7173a183db05,missing.target.m0.n10000.pqstr,measurement,0,correctness,full_reference,standard,a76bb9458b181500c7bfb9efefcfecfbb019b5a9,tadr-core,0.1.0,proprietary,,a37ec8d336d16dbe4b7a7448071808daaf5e3e0ab03afe3bb7de0ce6882bc31d,1.0,MVP_V1,1.0,1.0.12,354d07d7c83bd6265826bfeea5ad5a8ee1676a77d481616cf99ced47cbfd0b93,93328845c991460312e03205300ecb4e3aa8ba3c1ccece5f11a12abff92b1b8e,b59e631d5075f198ecbf6d9846ac7d64e599c50da1bf9ecd4122111b36f12e1b,fe73bcad0903486a8a639f54a7e57dafade4d36a20b9856724d52987108d5f92,e521bdb84008cb3a4fe95b151b6cf50bd711416b716a1303d8f5c17dcbce9f7c,success,EVALUABLE
run-fa26a2e91dd0697885b1c78be3a75ab3d6f9f43fda250fe9f32e5ce22cebcfec,leak.mapping.r9990.n10000.pqstr,measurement,0,determinism_small,full_reference,standard,a76bb9458b181500c7bfb9efefcfecfbb019b5a9,tadr-core,0.1.0,proprietary,,a37ec8d336d16dbe4b7a7448071808daaf5e3e0ab03afe3bb7de0ce6882bc31d,1.0,MVP_V1,1.0,1.0.12,354d07d7c83bd6265826bfeea5ad5a8ee1676a77d481616cf99ced47cbfd0b93,a14a7eca9a67116beaeb2bf5bcce12e22957d2316e54dae8375150a513871888,0f91ced0fb3f4f6fdf7deeb8506c1a6a87cb65857cd138c40d2a843f0a42b586,ad6fe3f43221c4ba377525b8d6571ce833046f7bdc59f35cce37ecb46b06d26b,2c5d0a75623a1baadec7180fd9fb1e5b8ea97a1fcfb96f5a9e4045b79d729d1a,success,EVALUABLE
run-fb13a176edecddba0ccb0a23314a97c629b080e2eb6d087727367af884cc8ab1,group.time.r2000.n10000.csv,measurement,0,correctness,full_reference,standard,a76bb9458b181500c7bfb9efefcfecfbb019b5a9,tadr-core,0.1.0,proprietary,,a37ec8d336d16dbe4b7a7448071808daaf5e3e0ab03afe3bb7de0ce6882bc31d,1.0,MVP_V1,1.0,1.0.12,354d07d7c83bd6265826bfeea5ad5a8ee1676a77d481616cf99ced47cbfd0b93,2d1f1f1c262e7ad15697fcd2d39d64e4a9ed6eb4288c3a87ba7288f02f8019d9,9594c53132cc5da7b983625018f02ce64e675a692247ea4230159680b2043661,1040d9b90d3d9437d2a8098d9f531add44dbfe183cadbbd17238e7cb126449f8,5c4dbf15f8859e946a2770be5fc3e671a0ab350d017062ae774eab634ff177b8,success,EVALUABLE
run-fb97e5664c970084d1cca9c178453a4faea7957d753f0d59e6b237fc7cb31ec7,sampling.class_boundary.head.n300000.pqstr,measurement,0,sampling_reference,full_reference,standard,a76bb9458b181500c7bfb9efefcfecfbb019b5a9,tadr-core,0.1.0,proprietary,,a37ec8d336d16dbe4b7a7448071808daaf5e3e0ab03afe3bb7de0ce6882bc31d,1.0,MVP_V1,1.0,1.0.12,354d07d7c83bd6265826bfeea5ad5a8ee1676a77d481616cf99ced47cbfd0b93,1a00f85d9cb3a326b147fe8a4f4c31016af79ec8f488d0bc6e61589a0e2cbc3a,a2c240295c3480c4d492d5e7693e073d98448c4cf413c812841985440b0cb7c8,568afd47fc71b66affe6b6f12ff7fbf46d831c20470401217f30e389eed0de10,52d771e915e298d2f54e3d35384966404333c798a8ae18e977d00744e307b9e6,success,EVALUABLE
run-fc9105d8019c6479316fd504c1920b85fa188fd589380d8b5269aeedf11f8b26,group.group.r499.n10000.csv,measurement,0,correctness,full_reference,standard,a76bb9458b181500c7bfb9efefcfecfbb019b5a9,tadr-core,0.1.0,proprietary,,a37ec8d336d16dbe4b7a7448071808daaf5e3e0ab03afe3bb7de0ce6882bc31d,1.0,MVP_V1,1.0,1.0.12,354d07d7c83bd6265826bfeea5ad5a8ee1676a77d481616cf99ced47cbfd0b93,bf36936da49da9447f977127402a7e3c9bfaa01566be5b4c222c4d9ad4d5727b,834fc0f1017f05357a59ed6a4b4d16ac21c70bf8e27a81817f077b7272c456e7,a239b25aa83b11463264cf6aeb3da96154253f3320d63bfa0ef5dd0010c211d1,ffce9fc3a311cc419388572337945e574c746f94962c2d09db46503e4e868a22,success,EVALUABLE
run-fcdcd7ca1df109528a1ef5a480e523b5bf862ed55b46a98abb3308692bd4f0a0,timestamp.regression.valid0.n10000.pqstr,measurement,0,correctness,full_reference,standard,a76bb9458b181500c7bfb9efefcfecfbb019b5a9,tadr-core,0.1.0,proprietary,,a37ec8d336d16dbe4b7a7448071808daaf5e3e0ab03afe3bb7de0ce6882bc31d,1.0,MVP_V1,1.0,1.0.12,354d07d7c83bd6265826bfeea5ad5a8ee1676a77d481616cf99ced47cbfd0b93,cc2a46d543c596c0f954eff221db2550e4ace490faf81e0273d0d02d962b3c4a,3336d01864420bf63eb877a82c16999c69cfbe4131ebb68f82cb20b3ced64453,800fc038979c5cf24ff3584d0a9428638b3ea4ff7994566656584e1cc721eba2,65c3223c187483e157ccc8b71e4bfccf5a8511a8b1dbd9e27b7c505c9287ccc8,success,EVALUABLE
run-fd468e7c38df052b5860d9c967a83d3f258d5fb0b7a83505a673a71960881b2f,duplicate.rows.e101.n10000.pqstr,measurement,0,correctness,full_reference,standard,a76bb9458b181500c7bfb9efefcfecfbb019b5a9,tadr-core,0.1.0,proprietary,,a37ec8d336d16dbe4b7a7448071808daaf5e3e0ab03afe3bb7de0ce6882bc31d,1.0,MVP_V1,1.0,1.0.12,354d07d7c83bd6265826bfeea5ad5a8ee1676a77d481616cf99ced47cbfd0b93,b53efa85b50d7f15ff942f26bac69a8502a2ec224a66372d0117d9df20265ce5,21daa8ca9ac85965a8a08e29dca7b8dde5b6605d008433d1f3a9abc581e82db7,6561dda7a6a64a556a45c4ed3b93102c741a0a711a7647491f4161fe3b8a5b1f,207fc3c8a99c1bd9b514e5847b121698c917d8bf60febf2d00e424222634006d,success,EVALUABLE
run-fd9ee0a47c65e495b82acac208ac863bae95d6a00d5ee7be4cf0bbc8b5b44a8f,sampling.duplicate_rows.middle.n300000.pqstr,measurement,0,sampling_reference,full_reference,standard,a76bb9458b181500c7bfb9efefcfecfbb019b5a9,tadr-core,0.1.0,proprietary,,a37ec8d336d16dbe4b7a7448071808daaf5e3e0ab03afe3bb7de0ce6882bc31d,1.0,MVP_V1,1.0,1.0.12,354d07d7c83bd6265826bfeea5ad5a8ee1676a77d481616cf99ced47cbfd0b93,9b6a852c3fb5c28400b94554cef622db8810cafc875938607ccf0f8b53ae713d,be5a863297fa19efc2bcf06249d816f3eb319beabd6d72f0b096e0daa6bf7452,026d8a3c7116387e7bc9eb0d5b65c9c8fd86b2f805cf39abe18b20a21663491d,b99afa528f72bce40e4e77eaa9a2bc12b669b2ec109e323385567ab64029e9a9,success,EVALUABLE
run-fdbc4024eac2d92e1f67fd513beae7a7294c07687622e61ba76d76be1c8178b5,scale.analytics.n10000.w300.pqnative,measurement,0,scale_regular,scale_default,standard,a76bb9458b181500c7bfb9efefcfecfbb019b5a9,tadr-core,0.1.0,proprietary,,a37ec8d336d16dbe4b7a7448071808daaf5e3e0ab03afe3bb7de0ce6882bc31d,1.0,MVP_V1,1.0,1.0.12,354d07d7c83bd6265826bfeea5ad5a8ee1676a77d481616cf99ced47cbfd0b93,0adc706ee34164a13168d904c32b47a52921f113857b4f909143088fcadfb145,401fd68055c4e41793de578ae01445bc0a0e59eccded1e0aed605a2fadc3f151,7b3bd3449c70f2654b83a39bb465b83a903856ef72e1a604b05dbb80894b517d,3a2a064b307ce029eaa20e665dc425da4801dfc1306d353253ac005e8ecc89c3,success,EVALUABLE
run-fec24c29e0973f201080f36769601775be8696b56fb7e2b37385d9b9bde7da0b,leak.mapping.r9991.n10000.csv,measurement,0,correctness,full_reference,standard,a76bb9458b181500c7bfb9efefcfecfbb019b5a9,tadr-core,0.1.0,proprietary,,a37ec8d336d16dbe4b7a7448071808daaf5e3e0ab03afe3bb7de0ce6882bc31d,1.0,MVP_V1,1.0,1.0.12,354d07d7c83bd6265826bfeea5ad5a8ee1676a77d481616cf99ced47cbfd0b93,c05cf2aed64001c26f8b474d668ce28089624de603aacb713fdd3d418ad1a193,71abeed363ea65af5b6678bb908255d11551219aff91338be790e7151ecf5547,9637ee4d04c2f2c66931cd3564e8569dc3b2eb3a6dde31da19a0b7ae096fac71,7c644f728ec5c4acbf821dceddf14811b326aab83199cc5445a46e032a761344,success,EVALUABLE
run-ff73e540a31ef46fb119b4f92c42a96629ff0ef447ef971ad0d7e5ddeadce2b4,leak.control.support200.csv,measurement,0,correctness,full_reference,standard,a76bb9458b181500c7bfb9efefcfecfbb019b5a9,tadr-core,0.1.0,proprietary,,a37ec8d336d16dbe4b7a7448071808daaf5e3e0ab03afe3bb7de0ce6882bc31d,1.0,MVP_V1,1.0,1.0.12,354d07d7c83bd6265826bfeea5ad5a8ee1676a77d481616cf99ced47cbfd0b93,c38e92081c24be11a5f15335cb53c39c452ff7247419a6d05fb4b7619f63b841,04b4d35c29616c558d1a3798923ada03498105a1fd3b39133ee4a18f763a7cbd,69afe3743e35995c116d6c7a00787f1d5063ba19a0b9a8dff0efea98dc82262f,f800f92cc41b99dd6a6cde74f9c0f4e26491ce9074af28eec9cf0f22fa85cb69,success,EVALUABLE
