scenario_id,run_id,order,remediation_id,remediation
challenge.lexical_paid.n10000.csv,run-69e55fcb2a3ab841051f682164eb3ff5b7a89ca8edd1c3e3f9a210669d2804b8,0,fix.identifier::column:paid,"{""applies_to_findings"":[""schema.id_like_high_cardinality::column:paid""],""description"":""Near-unique values may represent an operational identifier. Affected: paid."",""estimated_effort"":""S"",""expected_score_gain"":0.48,""id"":""fix.identifier::column:paid"",""pipeline_steps"":[{""action"":""schema.review_identifier"",""params"":{""affected_columns"":[""paid""]}}],""steps"":[""Review paid."",""Review the column role and declare confirmed identifiers in the task intent."",""Re-run TADR after the change.""],""title"":""Review identifier role""}"
challenge.lexical_paid.n10000.pqstr,run-6f9124d6a521586d6762d6683749b857aca33f0492cef66d1d98c9c0b8586ea0,0,fix.identifier::column:paid,"{""applies_to_findings"":[""schema.id_like_high_cardinality::column:paid""],""description"":""Near-unique values may represent an operational identifier. Affected: paid."",""estimated_effort"":""S"",""expected_score_gain"":0.48,""id"":""fix.identifier::column:paid"",""pipeline_steps"":[{""action"":""schema.review_identifier"",""params"":{""affected_columns"":[""paid""]}}],""steps"":[""Review paid."",""Review the column role and declare confirmed identifiers in the task intent."",""Re-run TADR after the change.""],""title"":""Review identifier role""}"
class.binary.min1.n10000.csv,run-9f36fbff77d21e3da4e66c091e47727b8582c4724ab3435bcbe71d94fccc850d,0,fix.class-balance::column:y,"{""applies_to_findings"":[""quality.class_imbalance::column:y""],""description"":""Small minority classes can undermine task evaluation. Affected: y."",""estimated_effort"":""M"",""expected_score_gain"":10.48,""id"":""fix.class-balance::column:y"",""pipeline_steps"":[{""action"":""quality.address_class_imbalance"",""params"":{""affected_columns"":[""y""]}}],""steps"":[""Review y."",""Review minority-class support and plan suitable data collection and evaluation."",""Re-run TADR after the change.""],""title"":""Address class imbalance""}"
class.binary.min1.n10000.pqstr,run-4488ba921c7b7130ab49f4d5884cfe9dc1522c507679e8f60ebe51f8cafb943e,0,fix.class-balance::column:y,"{""applies_to_findings"":[""quality.class_imbalance::column:y""],""description"":""Small minority classes can undermine task evaluation. Affected: y."",""estimated_effort"":""M"",""expected_score_gain"":10.48,""id"":""fix.class-balance::column:y"",""pipeline_steps"":[{""action"":""quality.address_class_imbalance"",""params"":{""affected_columns"":[""y""]}}],""steps"":[""Review y."",""Review minority-class support and plan suitable data collection and evaluation."",""Re-run TADR after the change.""],""title"":""Address class imbalance""}"
class.binary.min100.n10000.csv,run-b5ca3c0fecd96bec69968969f984940503374a9826809807acc3e6720a2abdf9,0,fix.class-balance::column:y,"{""applies_to_findings"":[""quality.class_imbalance::column:y""],""description"":""Small minority classes can undermine task evaluation. Affected: y."",""estimated_effort"":""M"",""expected_score_gain"":10.48,""id"":""fix.class-balance::column:y"",""pipeline_steps"":[{""action"":""quality.address_class_imbalance"",""params"":{""affected_columns"":[""y""]}}],""steps"":[""Review y."",""Review minority-class support and plan suitable data collection and evaluation."",""Re-run TADR after the change.""],""title"":""Address class imbalance""}"
class.binary.min100.n10000.pqstr,run-361b106fe172df158be89e000e57cfd848d540cc88a782f3a17beb7fe030890a,0,fix.class-balance::column:y,"{""applies_to_findings"":[""quality.class_imbalance::column:y""],""description"":""Small minority classes can undermine task evaluation. Affected: y."",""estimated_effort"":""M"",""expected_score_gain"":10.48,""id"":""fix.class-balance::column:y"",""pipeline_steps"":[{""action"":""quality.address_class_imbalance"",""params"":{""affected_columns"":[""y""]}}],""steps"":[""Review y."",""Review minority-class support and plan suitable data collection and evaluation."",""Re-run TADR after the change.""],""title"":""Address class imbalance""}"
class.binary.min199.n10000.csv,run-ebe3882bd3f1e7314e350503d1d77dd2adc0f16ccb3ef3f26f77588f46a958dd,0,fix.class-balance::column:y,"{""applies_to_findings"":[""quality.class_imbalance::column:y""],""description"":""Small minority classes can undermine task evaluation. Affected: y."",""estimated_effort"":""M"",""expected_score_gain"":10.48,""id"":""fix.class-balance::column:y"",""pipeline_steps"":[{""action"":""quality.address_class_imbalance"",""params"":{""affected_columns"":[""y""]}}],""steps"":[""Review y."",""Review minority-class support and plan suitable data collection and evaluation."",""Re-run TADR after the change.""],""title"":""Address class imbalance""}"
class.binary.min199.n10000.pqstr,run-881c5b1c3179a292ab2ad94e087b4bedd1bc5ffda47eb9b93621d7be1d512abf,0,fix.class-balance::column:y,"{""applies_to_findings"":[""quality.class_imbalance::column:y""],""description"":""Small minority classes can undermine task evaluation. Affected: y."",""estimated_effort"":""M"",""expected_score_gain"":10.48,""id"":""fix.class-balance::column:y"",""pipeline_steps"":[{""action"":""quality.address_class_imbalance"",""params"":{""affected_columns"":[""y""]}}],""steps"":[""Review y."",""Review minority-class support and plan suitable data collection and evaluation."",""Re-run TADR after the change.""],""title"":""Address class imbalance""}"
class.binary.min200.n10000.csv,run-e4a21463648a5dbdf2fc3b8ce9d5df497fb2ce25bdfdbc5d9e4ab6540456c849,0,fix.class-balance::column:y,"{""applies_to_findings"":[""quality.class_imbalance::column:y""],""description"":""Small minority classes can undermine task evaluation. Affected: y."",""estimated_effort"":""M"",""expected_score_gain"":5.82,""id"":""fix.class-balance::column:y"",""pipeline_steps"":[{""action"":""quality.address_class_imbalance"",""params"":{""affected_columns"":[""y""]}}],""steps"":[""Review y."",""Review minority-class support and plan suitable data collection and evaluation."",""Re-run TADR after the change.""],""title"":""Address class imbalance""}"
class.binary.min200.n10000.pqstr,run-aae6dab9d08e9284eb5d57cb5f34764da118d287f85d74a196af4a70fc902d23,0,fix.class-balance::column:y,"{""applies_to_findings"":[""quality.class_imbalance::column:y""],""description"":""Small minority classes can undermine task evaluation. Affected: y."",""estimated_effort"":""M"",""expected_score_gain"":5.82,""id"":""fix.class-balance::column:y"",""pipeline_steps"":[{""action"":""quality.address_class_imbalance"",""params"":{""affected_columns"":[""y""]}}],""steps"":[""Review y."",""Review minority-class support and plan suitable data collection and evaluation."",""Re-run TADR after the change.""],""title"":""Address class imbalance""}"
class.binary.min201.n10000.csv,run-d4ecb4419a67b8da218112d837aaf19fadb5e286e545ea954fd21d8f4d0fc41e,0,fix.class-balance::column:y,"{""applies_to_findings"":[""quality.class_imbalance::column:y""],""description"":""Small minority classes can undermine task evaluation. Affected: y."",""estimated_effort"":""M"",""expected_score_gain"":5.82,""id"":""fix.class-balance::column:y"",""pipeline_steps"":[{""action"":""quality.address_class_imbalance"",""params"":{""affected_columns"":[""y""]}}],""steps"":[""Review y."",""Review minority-class support and plan suitable data collection and evaluation."",""Re-run TADR after the change.""],""title"":""Address class imbalance""}"
class.binary.min201.n10000.pqstr,run-ef164145b7772397471f448c24f5214003d82108b215b430a0bfe8e951459f0b,0,fix.class-balance::column:y,"{""applies_to_findings"":[""quality.class_imbalance::column:y""],""description"":""Small minority classes can undermine task evaluation. Affected: y."",""estimated_effort"":""M"",""expected_score_gain"":5.82,""id"":""fix.class-balance::column:y"",""pipeline_steps"":[{""action"":""quality.address_class_imbalance"",""params"":{""affected_columns"":[""y""]}}],""steps"":[""Review y."",""Review minority-class support and plan suitable data collection and evaluation."",""Re-run TADR after the change.""],""title"":""Address class imbalance""}"
class.binary.min999.n10000.csv,run-5e23a135bd5daa029f6fe8936b86077d07f82f0271ba912d31a10148c0e1ebcc,0,fix.class-balance::column:y,"{""applies_to_findings"":[""quality.class_imbalance::column:y""],""description"":""Small minority classes can undermine task evaluation. Affected: y."",""estimated_effort"":""M"",""expected_score_gain"":5.82,""id"":""fix.class-balance::column:y"",""pipeline_steps"":[{""action"":""quality.address_class_imbalance"",""params"":{""affected_columns"":[""y""]}}],""steps"":[""Review y."",""Review minority-class support and plan suitable data collection and evaluation."",""Re-run TADR after the change.""],""title"":""Address class imbalance""}"
class.binary.min999.n10000.pqstr,run-178861f97175ab045589a45d0fd9631c2450321283b017ec44ba18263378d4b2,0,fix.class-balance::column:y,"{""applies_to_findings"":[""quality.class_imbalance::column:y""],""description"":""Small minority classes can undermine task evaluation. Affected: y."",""estimated_effort"":""M"",""expected_score_gain"":5.82,""id"":""fix.class-balance::column:y"",""pipeline_steps"":[{""action"":""quality.address_class_imbalance"",""params"":{""affected_columns"":[""y""]}}],""steps"":[""Review y."",""Review minority-class support and plan suitable data collection and evaluation."",""Re-run TADR after the change.""],""title"":""Address class imbalance""}"
class.support.n100.min5.csv,run-673cd62be9605d11e20860dcdf9d207088a0929fd98fb6cf8a9506305be1de70,0,fix.class-balance::column:y,"{""applies_to_findings"":[""quality.class_imbalance::column:y""],""description"":""Small minority classes can undermine task evaluation. Affected: y."",""estimated_effort"":""M"",""expected_score_gain"":4.92,""id"":""fix.class-balance::column:y"",""pipeline_steps"":[{""action"":""quality.address_class_imbalance"",""params"":{""affected_columns"":[""y""]}}],""steps"":[""Review y."",""Review minority-class support and plan suitable data collection and evaluation."",""Re-run TADR after the change.""],""title"":""Address class imbalance""}"
class.support.n100.min5.pqstr,run-a7334be9572b600c58d83a63c41adab66e8c63fdb2e7470040122580b5f4941c,0,fix.class-balance::column:y,"{""applies_to_findings"":[""quality.class_imbalance::column:y""],""description"":""Small minority classes can undermine task evaluation. Affected: y."",""estimated_effort"":""M"",""expected_score_gain"":4.92,""id"":""fix.class-balance::column:y"",""pipeline_steps"":[{""action"":""quality.address_class_imbalance"",""params"":{""affected_columns"":[""y""]}}],""steps"":[""Review y."",""Review minority-class support and plan suitable data collection and evaluation."",""Re-run TADR after the change.""],""title"":""Address class imbalance""}"
composite.duplicates_group_group.n10000.csv,run-76bc2c66d94f7833d2e7d8634ee1c10746eae5ffcac7841391fff2231dfbc621,0,fix.duplicates::entity:entity_key|event_key,"{""applies_to_findings"":[""quality.duplicates::dataset"",""quality.duplicates::entity:entity_key|event_key""],""description"":""Duplicate observations or keys may distort analysis. Affected: entity_key, event_key."",""estimated_effort"":""S"",""expected_score_gain"":20.95,""id"":""fix.duplicates::entity:entity_key|event_key"",""pipeline_steps"":[{""action"":""quality.remove_duplicates"",""params"":{""affected_columns"":[""entity_key"",""event_key""]}}],""steps"":[""Review entity_key, event_key."",""Confirm duplicate semantics and remove unintended duplicates with an audit trail."",""Re-run TADR after the change.""],""title"":""Review and remove duplicates""}"
composite.duplicates_group_group.n10000.csv,run-76bc2c66d94f7833d2e7d8634ee1c10746eae5ffcac7841391fff2231dfbc621,1,fix.parse::column:event_key,"{""applies_to_findings"":[""schema.parse_failures::column:event_key""],""description"":""Canonical coercion failures undermine usable values. Affected: event_key."",""estimated_effort"":""M"",""expected_score_gain"":6.03,""id"":""fix.parse::column:event_key"",""pipeline_steps"":[{""action"":""schema.correct_parsing"",""params"":{""affected_columns"":[""event_key""]}}],""steps"":[""Review event_key."",""Review failed values and correct the source representation or parsing rules."",""Re-run TADR after the change.""],""title"":""Correct parsing""}"
composite.duplicates_group_group.n10000.pqstr,run-01fc2cc70519fae28e3a47cba30793ea2f877f03d13eeb50770eac9bce153658,0,fix.duplicates::entity:entity_key|event_key,"{""applies_to_findings"":[""quality.duplicates::dataset"",""quality.duplicates::entity:entity_key|event_key""],""description"":""Duplicate observations or keys may distort analysis. Affected: entity_key, event_key."",""estimated_effort"":""S"",""expected_score_gain"":20.95,""id"":""fix.duplicates::entity:entity_key|event_key"",""pipeline_steps"":[{""action"":""quality.remove_duplicates"",""params"":{""affected_columns"":[""entity_key"",""event_key""]}}],""steps"":[""Review entity_key, event_key."",""Confirm duplicate semantics and remove unintended duplicates with an audit trail."",""Re-run TADR after the change.""],""title"":""Review and remove duplicates""}"
composite.duplicates_group_group.n10000.pqstr,run-01fc2cc70519fae28e3a47cba30793ea2f877f03d13eeb50770eac9bce153658,1,fix.parse::column:event_key,"{""applies_to_findings"":[""schema.parse_failures::column:event_key""],""description"":""Canonical coercion failures undermine usable values. Affected: event_key."",""estimated_effort"":""M"",""expected_score_gain"":6.03,""id"":""fix.parse::column:event_key"",""pipeline_steps"":[{""action"":""schema.correct_parsing"",""params"":{""affected_columns"":[""event_key""]}}],""steps"":[""Review event_key."",""Review failed values and correct the source representation or parsing rules."",""Re-run TADR after the change.""],""title"":""Correct parsing""}"
composite.duplicates_group_random.n10000.csv,run-de85897a3220cae12f6842a12c92efab7b63e830f32157c2c3b16384a74693a0,0,fix.duplicates::entity:entity_key|event_key,"{""applies_to_findings"":[""quality.duplicates::dataset"",""quality.duplicates::entity:entity_key|event_key""],""description"":""Duplicate observations or keys may distort analysis. Affected: entity_key, event_key."",""estimated_effort"":""S"",""expected_score_gain"":20.95,""id"":""fix.duplicates::entity:entity_key|event_key"",""pipeline_steps"":[{""action"":""quality.remove_duplicates"",""params"":{""affected_columns"":[""entity_key"",""event_key""]}}],""steps"":[""Review entity_key, event_key."",""Confirm duplicate semantics and remove unintended duplicates with an audit trail."",""Re-run TADR after the change.""],""title"":""Review and remove duplicates""}"
composite.duplicates_group_random.n10000.csv,run-de85897a3220cae12f6842a12c92efab7b63e830f32157c2c3b16384a74693a0,1,fix.group-split::entity:entity_key,"{""applies_to_findings"":[""split.group_leakage_risk::entity:entity_key""],""description"":""Repeated entities can appear in both training and evaluation. Affected: entity_key."",""estimated_effort"":""S"",""expected_score_gain"":11.4,""id"":""fix.group-split::entity:entity_key"",""pipeline_steps"":[{""action"":""split.group_based"",""params"":{""affected_columns"":[""entity_key""]}}],""steps"":[""Review entity_key."",""Partition by the entity key so each entity belongs to only one split."",""Re-run TADR after the change.""],""title"":""Use a group-based split""}"
composite.duplicates_group_random.n10000.csv,run-de85897a3220cae12f6842a12c92efab7b63e830f32157c2c3b16384a74693a0,2,fix.parse::column:event_key,"{""applies_to_findings"":[""schema.parse_failures::column:event_key""],""description"":""Canonical coercion failures undermine usable values. Affected: event_key."",""estimated_effort"":""M"",""expected_score_gain"":6.03,""id"":""fix.parse::column:event_key"",""pipeline_steps"":[{""action"":""schema.correct_parsing"",""params"":{""affected_columns"":[""event_key""]}}],""steps"":[""Review event_key."",""Review failed values and correct the source representation or parsing rules."",""Re-run TADR after the change.""],""title"":""Correct parsing""}"
composite.duplicates_group_random.n10000.pqstr,run-9ba24fd909ee75765101915960e001777f5cc9287fc711062a4e332d4699774e,0,fix.duplicates::entity:entity_key|event_key,"{""applies_to_findings"":[""quality.duplicates::dataset"",""quality.duplicates::entity:entity_key|event_key""],""description"":""Duplicate observations or keys may distort analysis. Affected: entity_key, event_key."",""estimated_effort"":""S"",""expected_score_gain"":20.95,""id"":""fix.duplicates::entity:entity_key|event_key"",""pipeline_steps"":[{""action"":""quality.remove_duplicates"",""params"":{""affected_columns"":[""entity_key"",""event_key""]}}],""steps"":[""Review entity_key, event_key."",""Confirm duplicate semantics and remove unintended duplicates with an audit trail."",""Re-run TADR after the change.""],""title"":""Review and remove duplicates""}"
composite.duplicates_group_random.n10000.pqstr,run-9ba24fd909ee75765101915960e001777f5cc9287fc711062a4e332d4699774e,1,fix.group-split::entity:entity_key,"{""applies_to_findings"":[""split.group_leakage_risk::entity:entity_key""],""description"":""Repeated entities can appear in both training and evaluation. Affected: entity_key."",""estimated_effort"":""S"",""expected_score_gain"":11.4,""id"":""fix.group-split::entity:entity_key"",""pipeline_steps"":[{""action"":""split.group_based"",""params"":{""affected_columns"":[""entity_key""]}}],""steps"":[""Review entity_key."",""Partition by the entity key so each entity belongs to only one split."",""Re-run TADR after the change.""],""title"":""Use a group-based split""}"
composite.duplicates_group_random.n10000.pqstr,run-9ba24fd909ee75765101915960e001777f5cc9287fc711062a4e332d4699774e,2,fix.parse::column:event_key,"{""applies_to_findings"":[""schema.parse_failures::column:event_key""],""description"":""Canonical coercion failures undermine usable values. Affected: event_key."",""estimated_effort"":""M"",""expected_score_gain"":6.03,""id"":""fix.parse::column:event_key"",""pipeline_steps"":[{""action"":""schema.correct_parsing"",""params"":{""affected_columns"":[""event_key""]}}],""steps"":[""Review event_key."",""Review failed values and correct the source representation or parsing rules."",""Re-run TADR after the change.""],""title"":""Correct parsing""}"
composite.inference_missing.n10000.csv,run-7c17c1d74d0dbb5c86e74d5f5472a52a574bcfd8fa190f54603ae7951dbffa82,0,fix.inference-columns::column:signal_x,"{""applies_to_findings"":[""inference.missing_at_inference::column:signal_x""],""description"":""Expected features are unavailable at inference. Affected: signal_x."",""estimated_effort"":""S"",""expected_score_gain"":21.62,""id"":""fix.inference-columns::column:signal_x"",""pipeline_steps"":[{""action"":""inference.align_columns"",""params"":{""affected_columns"":[""signal_x""]}}],""steps"":[""Review signal_x."",""Remove unavailable features from model inputs or align the inference pipeline to provide them."",""Re-run TADR after the change.""],""title"":""Align inference columns""}"
composite.inference_missing.n10000.csv,run-7c17c1d74d0dbb5c86e74d5f5472a52a574bcfd8fa190f54603ae7951dbffa82,1,fix.missingness::column:signal_z,"{""applies_to_findings"":[""quality.high_missingness::column:signal_z""],""description"":""Missing values reduce usable information. Affected: signal_z."",""estimated_effort"":""M"",""expected_score_gain"":5.82,""id"":""fix.missingness::column:signal_z"",""pipeline_steps"":[{""action"":""quality.handle_missingness"",""params"":{""affected_columns"":[""signal_z""]}}],""steps"":[""Review signal_z."",""Review the cause of missing values and choose appropriate handling; do not impute targets by default."",""Re-run TADR after the change.""],""title"":""Handle missing values""}"
composite.inference_missing.n10000.pqstr,run-a19b42717c062a3401ca528eaedfe7258f53af34e8264cf1aaf4d24811c2de12,0,fix.inference-columns::column:signal_x,"{""applies_to_findings"":[""inference.missing_at_inference::column:signal_x""],""description"":""Expected features are unavailable at inference. Affected: signal_x."",""estimated_effort"":""S"",""expected_score_gain"":21.62,""id"":""fix.inference-columns::column:signal_x"",""pipeline_steps"":[{""action"":""inference.align_columns"",""params"":{""affected_columns"":[""signal_x""]}}],""steps"":[""Review signal_x."",""Remove unavailable features from model inputs or align the inference pipeline to provide them."",""Re-run TADR after the change.""],""title"":""Align inference columns""}"
composite.inference_missing.n10000.pqstr,run-a19b42717c062a3401ca528eaedfe7258f53af34e8264cf1aaf4d24811c2de12,1,fix.missingness::column:signal_z,"{""applies_to_findings"":[""quality.high_missingness::column:signal_z""],""description"":""Missing values reduce usable information. Affected: signal_z."",""estimated_effort"":""M"",""expected_score_gain"":5.82,""id"":""fix.missingness::column:signal_z"",""pipeline_steps"":[{""action"":""quality.handle_missingness"",""params"":{""affected_columns"":[""signal_z""]}}],""steps"":[""Review signal_z."",""Review the cause of missing values and choose appropriate handling; do not impute targets by default."",""Re-run TADR after the change.""],""title"":""Handle missing values""}"
composite.leak_inference.n10000.csv,run-e36ab360a6fe2788002decd3d9df839e4cd8053a60c1126d996740bd4e90dc6b,0,fix.remove-feature::column:probe_x,"{""applies_to_findings"":[""leakage.target_direct::column:probe_x""],""description"":""Direct target representations compromise evaluation. Affected: probe_x."",""estimated_effort"":""S"",""expected_score_gain"":26.07,""id"":""fix.remove-feature::column:probe_x"",""pipeline_steps"":[{""action"":""leakage.remove_feature"",""params"":{""affected_columns"":[""probe_x""]}}],""steps"":[""Review probe_x."",""Exclude the target-leaking features from training and inference inputs."",""Re-run TADR after the change.""],""title"":""Remove target-leaking features""}"
composite.leak_inference.n10000.csv,run-e36ab360a6fe2788002decd3d9df839e4cd8053a60c1126d996740bd4e90dc6b,1,fix.inference-columns::column:probe_x,"{""applies_to_findings"":[""inference.missing_at_inference::column:probe_x""],""description"":""Expected features are unavailable at inference. Affected: probe_x."",""estimated_effort"":""S"",""expected_score_gain"":21.62,""id"":""fix.inference-columns::column:probe_x"",""pipeline_steps"":[{""action"":""inference.align_columns"",""params"":{""affected_columns"":[""probe_x""]}}],""steps"":[""Review probe_x."",""Remove unavailable features from model inputs or align the inference pipeline to provide them."",""Re-run TADR after the change.""],""title"":""Align inference columns""}"
composite.leak_inference.n10000.pqstr,run-7a488f1910eedd085be782889ae5de47e669a3b478ff476970fc384fd6e3918d,0,fix.remove-feature::column:probe_x,"{""applies_to_findings"":[""leakage.target_direct::column:probe_x""],""description"":""Direct target representations compromise evaluation. Affected: probe_x."",""estimated_effort"":""S"",""expected_score_gain"":26.07,""id"":""fix.remove-feature::column:probe_x"",""pipeline_steps"":[{""action"":""leakage.remove_feature"",""params"":{""affected_columns"":[""probe_x""]}}],""steps"":[""Review probe_x."",""Exclude the target-leaking features from training and inference inputs."",""Re-run TADR after the change.""],""title"":""Remove target-leaking features""}"
composite.leak_inference.n10000.pqstr,run-7a488f1910eedd085be782889ae5de47e669a3b478ff476970fc384fd6e3918d,1,fix.inference-columns::column:probe_x,"{""applies_to_findings"":[""inference.missing_at_inference::column:probe_x""],""description"":""Expected features are unavailable at inference. Affected: probe_x."",""estimated_effort"":""S"",""expected_score_gain"":21.62,""id"":""fix.inference-columns::column:probe_x"",""pipeline_steps"":[{""action"":""inference.align_columns"",""params"":{""affected_columns"":[""probe_x""]}}],""steps"":[""Review probe_x."",""Remove unavailable features from model inputs or align the inference pipeline to provide them."",""Re-run TADR after the change.""],""title"":""Align inference columns""}"
composite.leak_missing.n10000.csv,run-286d9685173970ec0727291c2546b826eb656d66e4e4ac299c39cebd5d0e6330,0,fix.remove-feature::column:probe_x,"{""applies_to_findings"":[""leakage.target_direct::column:probe_x""],""description"":""Direct target representations compromise evaluation. Affected: probe_x."",""estimated_effort"":""S"",""expected_score_gain"":26.07,""id"":""fix.remove-feature::column:probe_x"",""pipeline_steps"":[{""action"":""leakage.remove_feature"",""params"":{""affected_columns"":[""probe_x""]}}],""steps"":[""Review probe_x."",""Exclude the target-leaking features from training and inference inputs."",""Re-run TADR after the change.""],""title"":""Remove target-leaking features""}"
composite.leak_missing.n10000.csv,run-286d9685173970ec0727291c2546b826eb656d66e4e4ac299c39cebd5d0e6330,1,fix.missingness::column:signal_z,"{""applies_to_findings"":[""quality.high_missingness::column:signal_z""],""description"":""Missing values reduce usable information. Affected: signal_z."",""estimated_effort"":""M"",""expected_score_gain"":5.82,""id"":""fix.missingness::column:signal_z"",""pipeline_steps"":[{""action"":""quality.handle_missingness"",""params"":{""affected_columns"":[""signal_z""]}}],""steps"":[""Review signal_z."",""Review the cause of missing values and choose appropriate handling; do not impute targets by default."",""Re-run TADR after the change.""],""title"":""Handle missing values""}"
composite.leak_missing.n10000.pqstr,run-3a7579bcf2599906933095ddd58d558490489f19ec6b5cb73ad6ddf499767d18,0,fix.remove-feature::column:probe_x,"{""applies_to_findings"":[""leakage.target_direct::column:probe_x""],""description"":""Direct target representations compromise evaluation. Affected: probe_x."",""estimated_effort"":""S"",""expected_score_gain"":26.07,""id"":""fix.remove-feature::column:probe_x"",""pipeline_steps"":[{""action"":""leakage.remove_feature"",""params"":{""affected_columns"":[""probe_x""]}}],""steps"":[""Review probe_x."",""Exclude the target-leaking features from training and inference inputs."",""Re-run TADR after the change.""],""title"":""Remove target-leaking features""}"
composite.leak_missing.n10000.pqstr,run-3a7579bcf2599906933095ddd58d558490489f19ec6b5cb73ad6ddf499767d18,1,fix.missingness::column:signal_z,"{""applies_to_findings"":[""quality.high_missingness::column:signal_z""],""description"":""Missing values reduce usable information. Affected: signal_z."",""estimated_effort"":""M"",""expected_score_gain"":5.82,""id"":""fix.missingness::column:signal_z"",""pipeline_steps"":[{""action"":""quality.handle_missingness"",""params"":{""affected_columns"":[""signal_z""]}}],""steps"":[""Review signal_z."",""Review the cause of missing values and choose appropriate handling; do not impute targets by default."",""Re-run TADR after the change.""],""title"":""Handle missing values""}"
composite.missing_parse.n10000.csv,run-bba1492c7950d31d0582194e9050fc29bc16c13da3b1d2cccc77c3b99d801386,0,fix.missingness::column:signal_x,"{""applies_to_findings"":[""quality.high_missingness::column:signal_x""],""description"":""Missing values reduce usable information. Affected: signal_x."",""estimated_effort"":""M"",""expected_score_gain"":5.82,""id"":""fix.missingness::column:signal_x"",""pipeline_steps"":[{""action"":""quality.handle_missingness"",""params"":{""affected_columns"":[""signal_x""]}}],""steps"":[""Review signal_x."",""Review the cause of missing values and choose appropriate handling; do not impute targets by default."",""Re-run TADR after the change.""],""title"":""Handle missing values""}"
composite.missing_parse.n10000.csv,run-bba1492c7950d31d0582194e9050fc29bc16c13da3b1d2cccc77c3b99d801386,1,fix.parse::column:signal_x,"{""applies_to_findings"":[""schema.parse_failures::column:signal_x""],""description"":""Canonical coercion failures undermine usable values. Affected: signal_x."",""estimated_effort"":""M"",""expected_score_gain"":4.54,""id"":""fix.parse::column:signal_x"",""pipeline_steps"":[{""action"":""schema.correct_parsing"",""params"":{""affected_columns"":[""signal_x""]}}],""steps"":[""Review signal_x."",""Review failed values and correct the source representation or parsing rules."",""Re-run TADR after the change.""],""title"":""Correct parsing""}"
composite.missing_parse.n10000.pqstr,run-c893010dfbb0df03c5d597d68568bd7479eeffa7b5144ec8d5b494ff6be513a6,0,fix.missingness::column:signal_x,"{""applies_to_findings"":[""quality.high_missingness::column:signal_x""],""description"":""Missing values reduce usable information. Affected: signal_x."",""estimated_effort"":""M"",""expected_score_gain"":5.82,""id"":""fix.missingness::column:signal_x"",""pipeline_steps"":[{""action"":""quality.handle_missingness"",""params"":{""affected_columns"":[""signal_x""]}}],""steps"":[""Review signal_x."",""Review the cause of missing values and choose appropriate handling; do not impute targets by default."",""Re-run TADR after the change.""],""title"":""Handle missing values""}"
composite.missing_parse.n10000.pqstr,run-c893010dfbb0df03c5d597d68568bd7479eeffa7b5144ec8d5b494ff6be513a6,1,fix.parse::column:signal_x,"{""applies_to_findings"":[""schema.parse_failures::column:signal_x""],""description"":""Canonical coercion failures undermine usable values. Affected: signal_x."",""estimated_effort"":""M"",""expected_score_gain"":4.54,""id"":""fix.parse::column:signal_x"",""pipeline_steps"":[{""action"":""schema.correct_parsing"",""params"":{""affected_columns"":[""signal_x""]}}],""steps"":[""Review signal_x."",""Review failed values and correct the source representation or parsing rules."",""Re-run TADR after the change.""],""title"":""Correct parsing""}"
composite.multicategory.n10000.csv,run-cd512884842f0bec8e6396f64972d81f84376732c877c20afa01709773b5773a,0,fix.group-split::entity:entity_key,"{""applies_to_findings"":[""split.group_leakage_risk::entity:entity_key""],""description"":""Repeated entities can appear in both training and evaluation. Affected: entity_key."",""estimated_effort"":""S"",""expected_score_gain"":11.4,""id"":""fix.group-split::entity:entity_key"",""pipeline_steps"":[{""action"":""split.group_based"",""params"":{""affected_columns"":[""entity_key""]}}],""steps"":[""Review entity_key."",""Partition by the entity key so each entity belongs to only one split."",""Re-run TADR after the change.""],""title"":""Use a group-based split""}"
composite.multicategory.n10000.csv,run-cd512884842f0bec8e6396f64972d81f84376732c877c20afa01709773b5773a,1,fix.parse::columns:event_key|signal_x,"{""applies_to_findings"":[""schema.parse_failures::column:event_key"",""schema.parse_failures::column:signal_x""],""description"":""Canonical coercion failures undermine usable values. Affected: event_key, signal_x."",""estimated_effort"":""M"",""expected_score_gain"":10.56,""id"":""fix.parse::columns:event_key|signal_x"",""pipeline_steps"":[{""action"":""schema.correct_parsing"",""params"":{""affected_columns"":[""event_key"",""signal_x""]}}],""steps"":[""Review event_key, signal_x."",""Review failed values and correct the source representation or parsing rules."",""Re-run TADR after the change.""],""title"":""Correct parsing""}"
composite.multicategory.n10000.csv,run-cd512884842f0bec8e6396f64972d81f84376732c877c20afa01709773b5773a,2,fix.missingness::column:signal_z,"{""applies_to_findings"":[""quality.high_missingness::column:signal_z""],""description"":""Missing values reduce usable information. Affected: signal_z."",""estimated_effort"":""M"",""expected_score_gain"":5.82,""id"":""fix.missingness::column:signal_z"",""pipeline_steps"":[{""action"":""quality.handle_missingness"",""params"":{""affected_columns"":[""signal_z""]}}],""steps"":[""Review signal_z."",""Review the cause of missing values and choose appropriate handling; do not impute targets by default."",""Re-run TADR after the change.""],""title"":""Handle missing values""}"
composite.multicategory.n10000.pqstr,run-34c83bf0539e927905d489e8f1e1c4cfe17e17d0bbccf8605b60dce1e347a47c,0,fix.group-split::entity:entity_key,"{""applies_to_findings"":[""split.group_leakage_risk::entity:entity_key""],""description"":""Repeated entities can appear in both training and evaluation. Affected: entity_key."",""estimated_effort"":""S"",""expected_score_gain"":11.4,""id"":""fix.group-split::entity:entity_key"",""pipeline_steps"":[{""action"":""split.group_based"",""params"":{""affected_columns"":[""entity_key""]}}],""steps"":[""Review entity_key."",""Partition by the entity key so each entity belongs to only one split."",""Re-run TADR after the change.""],""title"":""Use a group-based split""}"
composite.multicategory.n10000.pqstr,run-34c83bf0539e927905d489e8f1e1c4cfe17e17d0bbccf8605b60dce1e347a47c,1,fix.parse::columns:event_key|signal_x,"{""applies_to_findings"":[""schema.parse_failures::column:event_key"",""schema.parse_failures::column:signal_x""],""description"":""Canonical coercion failures undermine usable values. Affected: event_key, signal_x."",""estimated_effort"":""M"",""expected_score_gain"":10.56,""id"":""fix.parse::columns:event_key|signal_x"",""pipeline_steps"":[{""action"":""schema.correct_parsing"",""params"":{""affected_columns"":[""event_key"",""signal_x""]}}],""steps"":[""Review event_key, signal_x."",""Review failed values and correct the source representation or parsing rules."",""Re-run TADR after the change.""],""title"":""Correct parsing""}"
composite.multicategory.n10000.pqstr,run-34c83bf0539e927905d489e8f1e1c4cfe17e17d0bbccf8605b60dce1e347a47c,2,fix.missingness::column:signal_z,"{""applies_to_findings"":[""quality.high_missingness::column:signal_z""],""description"":""Missing values reduce usable information. Affected: signal_z."",""estimated_effort"":""M"",""expected_score_gain"":5.82,""id"":""fix.missingness::column:signal_z"",""pipeline_steps"":[{""action"":""quality.handle_missingness"",""params"":{""affected_columns"":[""signal_z""]}}],""steps"":[""Review signal_z."",""Review the cause of missing values and choose appropriate handling; do not impute targets by default."",""Re-run TADR after the change.""],""title"":""Handle missing values""}"
composite.quality_accumulation_k1.n10000.csv,run-2d97781f2b7151a20e80955980ac1662f3261c8eb66a1cdfc3589b518aca6654,0,fix.missingness::column:q1,"{""applies_to_findings"":[""quality.high_missingness::column:q1""],""description"":""Missing values reduce usable information. Affected: q1."",""estimated_effort"":""M"",""expected_score_gain"":10.48,""id"":""fix.missingness::column:q1"",""pipeline_steps"":[{""action"":""quality.handle_missingness"",""params"":{""affected_columns"":[""q1""]}}],""steps"":[""Review q1."",""Review the cause of missing values and choose appropriate handling; do not impute targets by default."",""Re-run TADR after the change.""],""title"":""Handle missing values""}"
composite.quality_accumulation_k1.n10000.pqstr,run-3e5297524c2108e6530c64e91e1735d734840dca3a4890149d570d1a58b54f1b,0,fix.missingness::column:q1,"{""applies_to_findings"":[""quality.high_missingness::column:q1""],""description"":""Missing values reduce usable information. Affected: q1."",""estimated_effort"":""M"",""expected_score_gain"":10.48,""id"":""fix.missingness::column:q1"",""pipeline_steps"":[{""action"":""quality.handle_missingness"",""params"":{""affected_columns"":[""q1""]}}],""steps"":[""Review q1."",""Review the cause of missing values and choose appropriate handling; do not impute targets by default."",""Re-run TADR after the change.""],""title"":""Handle missing values""}"
composite.quality_accumulation_k2.n10000.csv,run-631811fb184159010bb5ec99a5f2b1c60f7dc9a256f1a014c19034e0fbdc6484,0,fix.missingness::columns:q1|q2,"{""applies_to_findings"":[""quality.high_missingness::column:q1"",""quality.high_missingness::column:q2""],""description"":""Missing values reduce usable information. Affected: q1, q2."",""estimated_effort"":""M"",""expected_score_gain"":20.95,""id"":""fix.missingness::columns:q1|q2"",""pipeline_steps"":[{""action"":""quality.handle_missingness"",""params"":{""affected_columns"":[""q1"",""q2""]}}],""steps"":[""Review q1, q2."",""Review the cause of missing values and choose appropriate handling; do not impute targets by default."",""Re-run TADR after the change.""],""title"":""Handle missing values""}"
composite.quality_accumulation_k2.n10000.pqstr,run-6e272be76f99b2a9eea1fb9d732f8167558a17c6138c67a3c6bd93016af5694b,0,fix.missingness::columns:q1|q2,"{""applies_to_findings"":[""quality.high_missingness::column:q1"",""quality.high_missingness::column:q2""],""description"":""Missing values reduce usable information. Affected: q1, q2."",""estimated_effort"":""M"",""expected_score_gain"":20.95,""id"":""fix.missingness::columns:q1|q2"",""pipeline_steps"":[{""action"":""quality.handle_missingness"",""params"":{""affected_columns"":[""q1"",""q2""]}}],""steps"":[""Review q1, q2."",""Review the cause of missing values and choose appropriate handling; do not impute targets by default."",""Re-run TADR after the change.""],""title"":""Handle missing values""}"
composite.quality_accumulation_k3.n10000.csv,run-b9d2771d0145bf59fa826156591e953af4f65ec01f10fcbc963f69d42953517c,0,fix.missingness::columns:q1|q2|q3,"{""applies_to_findings"":[""quality.high_missingness::column:q1"",""quality.high_missingness::column:q2"",""quality.high_missingness::column:q3""],""description"":""Missing values reduce usable information. Affected: q1, q2, q3."",""estimated_effort"":""M"",""expected_score_gain"":31.43,""id"":""fix.missingness::columns:q1|q2|q3"",""pipeline_steps"":[{""action"":""quality.handle_missingness"",""params"":{""affected_columns"":[""q1"",""q2"",""q3""]}}],""steps"":[""Review q1, q2, q3."",""Review the cause of missing values and choose appropriate handling; do not impute targets by default."",""Re-run TADR after the change.""],""title"":""Handle missing values""}"
composite.quality_accumulation_k3.n10000.pqstr,run-7843aec02df5193a0cbb6f311afb5890a7eb14943a5ae831828de76a597cde35,0,fix.missingness::columns:q1|q2|q3,"{""applies_to_findings"":[""quality.high_missingness::column:q1"",""quality.high_missingness::column:q2"",""quality.high_missingness::column:q3""],""description"":""Missing values reduce usable information. Affected: q1, q2, q3."",""estimated_effort"":""M"",""expected_score_gain"":31.43,""id"":""fix.missingness::columns:q1|q2|q3"",""pipeline_steps"":[{""action"":""quality.handle_missingness"",""params"":{""affected_columns"":[""q1"",""q2"",""q3""]}}],""steps"":[""Review q1, q2, q3."",""Review the cause of missing values and choose appropriate handling; do not impute targets by default."",""Re-run TADR after the change.""],""title"":""Handle missing values""}"
composite.timestamp_null_random.n10000.csv,run-7773310b89f653f368950ccaae953ae6263fd3e44a2b63e9dcac6848a37ea8f5,0,fix.time-split::dataset,"{""applies_to_findings"":[""split.time_series_requires_time_split::dataset""],""description"":""Random splitting can invalidate temporal evaluation. Affected: the dataset."",""estimated_effort"":""S"",""expected_score_gain"":12.83,""id"":""fix.time-split::dataset"",""pipeline_steps"":[{""action"":""split.time_based"",""params"":{""affected_columns"":[]}}],""steps"":[""Review the dataset."",""Define training and evaluation partitions in chronological order."",""Re-run TADR after the change.""],""title"":""Use a time-based split""}"
composite.timestamp_null_random.n10000.csv,run-7773310b89f653f368950ccaae953ae6263fd3e44a2b63e9dcac6848a37ea8f5,1,fix.datetime::column:event_time,"{""applies_to_findings"":[""schema.datetime_unparseable::column:event_time""],""description"":""Timestamp usability affects temporal analysis. Affected: event_time."",""estimated_effort"":""M"",""expected_score_gain"":13.31,""id"":""fix.datetime::column:event_time"",""pipeline_steps"":[{""action"":""schema.fix_datetime"",""params"":{""affected_columns"":[""event_time""]}}],""steps"":[""Review event_time."",""Supply the declared timestamp column and repair missing or unparseable timestamps."",""Re-run TADR after the change.""],""title"":""Repair timestamp availability and parsing""}"
composite.timestamp_null_random.n10000.pqstr,run-89c907e1359d5c867d3bd05e4c32de103fa742ff2181b6eea83ebe3f6d02cf02,0,fix.time-split::dataset,"{""applies_to_findings"":[""split.time_series_requires_time_split::dataset""],""description"":""Random splitting can invalidate temporal evaluation. Affected: the dataset."",""estimated_effort"":""S"",""expected_score_gain"":12.83,""id"":""fix.time-split::dataset"",""pipeline_steps"":[{""action"":""split.time_based"",""params"":{""affected_columns"":[]}}],""steps"":[""Review the dataset."",""Define training and evaluation partitions in chronological order."",""Re-run TADR after the change.""],""title"":""Use a time-based split""}"
composite.timestamp_null_random.n10000.pqstr,run-89c907e1359d5c867d3bd05e4c32de103fa742ff2181b6eea83ebe3f6d02cf02,1,fix.datetime::column:event_time,"{""applies_to_findings"":[""schema.datetime_unparseable::column:event_time""],""description"":""Timestamp usability affects temporal analysis. Affected: event_time."",""estimated_effort"":""M"",""expected_score_gain"":13.31,""id"":""fix.datetime::column:event_time"",""pipeline_steps"":[{""action"":""schema.fix_datetime"",""params"":{""affected_columns"":[""event_time""]}}],""steps"":[""Review event_time."",""Supply the declared timestamp column and repair missing or unparseable timestamps."",""Re-run TADR after the change.""],""title"":""Repair timestamp availability and parsing""}"
composite.timestamp_random.n10000.csv,run-5e01aee397cc21f5e685781898468454616c042443d9e91398c036fa020525d1,0,fix.time-split::dataset,"{""applies_to_findings"":[""split.time_series_requires_time_split::dataset""],""description"":""Random splitting can invalidate temporal evaluation. Affected: the dataset."",""estimated_effort"":""S"",""expected_score_gain"":12.83,""id"":""fix.time-split::dataset"",""pipeline_steps"":[{""action"":""split.time_based"",""params"":{""affected_columns"":[]}}],""steps"":[""Review the dataset."",""Define training and evaluation partitions in chronological order."",""Re-run TADR after the change.""],""title"":""Use a time-based split""}"
composite.timestamp_random.n10000.csv,run-5e01aee397cc21f5e685781898468454616c042443d9e91398c036fa020525d1,1,fix.datetime::column:event_time,"{""applies_to_findings"":[""schema.datetime_unparseable::column:event_time""],""description"":""Timestamp usability affects temporal analysis. Affected: event_time."",""estimated_effort"":""M"",""expected_score_gain"":10.58,""id"":""fix.datetime::column:event_time"",""pipeline_steps"":[{""action"":""schema.fix_datetime"",""params"":{""affected_columns"":[""event_time""]}}],""steps"":[""Review event_time."",""Supply the declared timestamp column and repair missing or unparseable timestamps."",""Re-run TADR after the change.""],""title"":""Repair timestamp availability and parsing""}"
composite.timestamp_random.n10000.csv,run-5e01aee397cc21f5e685781898468454616c042443d9e91398c036fa020525d1,2,fix.parse::column:event_time,"{""applies_to_findings"":[""schema.parse_failures::column:event_time""],""description"":""Canonical coercion failures undermine usable values. Affected: event_time."",""estimated_effort"":""M"",""expected_score_gain"":6.8,""id"":""fix.parse::column:event_time"",""pipeline_steps"":[{""action"":""schema.correct_parsing"",""params"":{""affected_columns"":[""event_time""]}}],""steps"":[""Review event_time."",""Review failed values and correct the source representation or parsing rules."",""Re-run TADR after the change.""],""title"":""Correct parsing""}"
composite.timestamp_random.n10000.pqstr,run-387d255e5885934f33dc6efbf301c59f1ea8a84014991a568dbf4f42b2264bba,0,fix.time-split::dataset,"{""applies_to_findings"":[""split.time_series_requires_time_split::dataset""],""description"":""Random splitting can invalidate temporal evaluation. Affected: the dataset."",""estimated_effort"":""S"",""expected_score_gain"":12.83,""id"":""fix.time-split::dataset"",""pipeline_steps"":[{""action"":""split.time_based"",""params"":{""affected_columns"":[]}}],""steps"":[""Review the dataset."",""Define training and evaluation partitions in chronological order."",""Re-run TADR after the change.""],""title"":""Use a time-based split""}"
composite.timestamp_random.n10000.pqstr,run-387d255e5885934f33dc6efbf301c59f1ea8a84014991a568dbf4f42b2264bba,1,fix.datetime::column:event_time,"{""applies_to_findings"":[""schema.datetime_unparseable::column:event_time""],""description"":""Timestamp usability affects temporal analysis. Affected: event_time."",""estimated_effort"":""M"",""expected_score_gain"":10.58,""id"":""fix.datetime::column:event_time"",""pipeline_steps"":[{""action"":""schema.fix_datetime"",""params"":{""affected_columns"":[""event_time""]}}],""steps"":[""Review event_time."",""Supply the declared timestamp column and repair missing or unparseable timestamps."",""Re-run TADR after the change.""],""title"":""Repair timestamp availability and parsing""}"
composite.timestamp_random.n10000.pqstr,run-387d255e5885934f33dc6efbf301c59f1ea8a84014991a568dbf4f42b2264bba,2,fix.parse::column:event_time,"{""applies_to_findings"":[""schema.parse_failures::column:event_time""],""description"":""Canonical coercion failures undermine usable values. Affected: event_time."",""estimated_effort"":""M"",""expected_score_gain"":6.8,""id"":""fix.parse::column:event_time"",""pipeline_steps"":[{""action"":""schema.correct_parsing"",""params"":{""affected_columns"":[""event_time""]}}],""steps"":[""Review event_time."",""Review failed values and correct the source representation or parsing rules."",""Re-run TADR after the change.""],""title"":""Correct parsing""}"
duplicate.keys.e0.n10000.csv,run-6605483ef232b418369489a365a81d6f4920d33549e24e38e7eae0285f69e827,0,fix.parse::column:event_key,"{""applies_to_findings"":[""schema.parse_failures::column:event_key""],""description"":""Canonical coercion failures undermine usable values. Affected: event_key."",""estimated_effort"":""M"",""expected_score_gain"":6.03,""id"":""fix.parse::column:event_key"",""pipeline_steps"":[{""action"":""schema.correct_parsing"",""params"":{""affected_columns"":[""event_key""]}}],""steps"":[""Review event_key."",""Review failed values and correct the source representation or parsing rules."",""Re-run TADR after the change.""],""title"":""Correct parsing""}"
duplicate.keys.e0.n10000.pqstr,run-06aafe15518202bc23ec7aea9d3f498c086dd9a62f8752854db4c015f32aca80,0,fix.parse::column:event_key,"{""applies_to_findings"":[""schema.parse_failures::column:event_key""],""description"":""Canonical coercion failures undermine usable values. Affected: event_key."",""estimated_effort"":""M"",""expected_score_gain"":6.03,""id"":""fix.parse::column:event_key"",""pipeline_steps"":[{""action"":""schema.correct_parsing"",""params"":{""affected_columns"":[""event_key""]}}],""steps"":[""Review event_key."",""Review failed values and correct the source representation or parsing rules."",""Re-run TADR after the change.""],""title"":""Correct parsing""}"
duplicate.keys.e10.n10000.csv,run-545563b47000aa76a12a1df14fb1e80adccc05e771051cc85cef2c5c0efc711a,0,fix.duplicates::entity:entity_key|event_key,"{""applies_to_findings"":[""quality.duplicates::entity:entity_key|event_key""],""description"":""Duplicate observations or keys may distort analysis. Affected: entity_key, event_key."",""estimated_effort"":""S"",""expected_score_gain"":5.82,""id"":""fix.duplicates::entity:entity_key|event_key"",""pipeline_steps"":[{""action"":""quality.remove_duplicates"",""params"":{""affected_columns"":[""entity_key"",""event_key""]}}],""steps"":[""Review entity_key, event_key."",""Confirm duplicate semantics and remove unintended duplicates with an audit trail."",""Re-run TADR after the change.""],""title"":""Review and remove duplicates""}"
duplicate.keys.e10.n10000.csv,run-545563b47000aa76a12a1df14fb1e80adccc05e771051cc85cef2c5c0efc711a,1,fix.parse::column:event_key,"{""applies_to_findings"":[""schema.parse_failures::column:event_key""],""description"":""Canonical coercion failures undermine usable values. Affected: event_key."",""estimated_effort"":""M"",""expected_score_gain"":6.03,""id"":""fix.parse::column:event_key"",""pipeline_steps"":[{""action"":""schema.correct_parsing"",""params"":{""affected_columns"":[""event_key""]}}],""steps"":[""Review event_key."",""Review failed values and correct the source representation or parsing rules."",""Re-run TADR after the change.""],""title"":""Correct parsing""}"
duplicate.keys.e10.n10000.pqstr,run-e082b3f0a46057ba90179b1b2b4a3028fe4b09e3381b12abd0178b0476858b40,0,fix.duplicates::entity:entity_key|event_key,"{""applies_to_findings"":[""quality.duplicates::entity:entity_key|event_key""],""description"":""Duplicate observations or keys may distort analysis. Affected: entity_key, event_key."",""estimated_effort"":""S"",""expected_score_gain"":5.82,""id"":""fix.duplicates::entity:entity_key|event_key"",""pipeline_steps"":[{""action"":""quality.remove_duplicates"",""params"":{""affected_columns"":[""entity_key"",""event_key""]}}],""steps"":[""Review entity_key, event_key."",""Confirm duplicate semantics and remove unintended duplicates with an audit trail."",""Re-run TADR after the change.""],""title"":""Review and remove duplicates""}"
duplicate.keys.e10.n10000.pqstr,run-e082b3f0a46057ba90179b1b2b4a3028fe4b09e3381b12abd0178b0476858b40,1,fix.parse::column:event_key,"{""applies_to_findings"":[""schema.parse_failures::column:event_key""],""description"":""Canonical coercion failures undermine usable values. Affected: event_key."",""estimated_effort"":""M"",""expected_score_gain"":6.03,""id"":""fix.parse::column:event_key"",""pipeline_steps"":[{""action"":""schema.correct_parsing"",""params"":{""affected_columns"":[""event_key""]}}],""steps"":[""Review event_key."",""Review failed values and correct the source representation or parsing rules."",""Re-run TADR after the change.""],""title"":""Correct parsing""}"
duplicate.keys.e100.n10000.csv,run-c156450b7f296a81e137be3b1dd3b86a7155d0ee0b89787045d08f4b71d71920,0,fix.duplicates::entity:entity_key|event_key,"{""applies_to_findings"":[""quality.duplicates::entity:entity_key|event_key""],""description"":""Duplicate observations or keys may distort analysis. Affected: entity_key, event_key."",""estimated_effort"":""S"",""expected_score_gain"":10.48,""id"":""fix.duplicates::entity:entity_key|event_key"",""pipeline_steps"":[{""action"":""quality.remove_duplicates"",""params"":{""affected_columns"":[""entity_key"",""event_key""]}}],""steps"":[""Review entity_key, event_key."",""Confirm duplicate semantics and remove unintended duplicates with an audit trail."",""Re-run TADR after the change.""],""title"":""Review and remove duplicates""}"
duplicate.keys.e100.n10000.csv,run-c156450b7f296a81e137be3b1dd3b86a7155d0ee0b89787045d08f4b71d71920,1,fix.parse::column:event_key,"{""applies_to_findings"":[""schema.parse_failures::column:event_key""],""description"":""Canonical coercion failures undermine usable values. Affected: event_key."",""estimated_effort"":""M"",""expected_score_gain"":6.03,""id"":""fix.parse::column:event_key"",""pipeline_steps"":[{""action"":""schema.correct_parsing"",""params"":{""affected_columns"":[""event_key""]}}],""steps"":[""Review event_key."",""Review failed values and correct the source representation or parsing rules."",""Re-run TADR after the change.""],""title"":""Correct parsing""}"
duplicate.keys.e100.n10000.pqstr,run-ab5b41e0a3e0fe3fbf52f078de3c54e7ba462311c9fb632d6c440a39176c092b,0,fix.duplicates::entity:entity_key|event_key,"{""applies_to_findings"":[""quality.duplicates::entity:entity_key|event_key""],""description"":""Duplicate observations or keys may distort analysis. Affected: entity_key, event_key."",""estimated_effort"":""S"",""expected_score_gain"":10.48,""id"":""fix.duplicates::entity:entity_key|event_key"",""pipeline_steps"":[{""action"":""quality.remove_duplicates"",""params"":{""affected_columns"":[""entity_key"",""event_key""]}}],""steps"":[""Review entity_key, event_key."",""Confirm duplicate semantics and remove unintended duplicates with an audit trail."",""Re-run TADR after the change.""],""title"":""Review and remove duplicates""}"
duplicate.keys.e100.n10000.pqstr,run-ab5b41e0a3e0fe3fbf52f078de3c54e7ba462311c9fb632d6c440a39176c092b,1,fix.parse::column:event_key,"{""applies_to_findings"":[""schema.parse_failures::column:event_key""],""description"":""Canonical coercion failures undermine usable values. Affected: event_key."",""estimated_effort"":""M"",""expected_score_gain"":6.03,""id"":""fix.parse::column:event_key"",""pipeline_steps"":[{""action"":""schema.correct_parsing"",""params"":{""affected_columns"":[""event_key""]}}],""steps"":[""Review event_key."",""Review failed values and correct the source representation or parsing rules."",""Re-run TADR after the change.""],""title"":""Correct parsing""}"
duplicate.keys.e101.n10000.csv,run-c2bdb125d3444c7f89be89882c8005e07f24d0cc8f709a0c24bb485fb5726c9b,0,fix.duplicates::entity:entity_key|event_key,"{""applies_to_findings"":[""quality.duplicates::entity:entity_key|event_key""],""description"":""Duplicate observations or keys may distort analysis. Affected: entity_key, event_key."",""estimated_effort"":""S"",""expected_score_gain"":10.48,""id"":""fix.duplicates::entity:entity_key|event_key"",""pipeline_steps"":[{""action"":""quality.remove_duplicates"",""params"":{""affected_columns"":[""entity_key"",""event_key""]}}],""steps"":[""Review entity_key, event_key."",""Confirm duplicate semantics and remove unintended duplicates with an audit trail."",""Re-run TADR after the change.""],""title"":""Review and remove duplicates""}"
duplicate.keys.e101.n10000.csv,run-c2bdb125d3444c7f89be89882c8005e07f24d0cc8f709a0c24bb485fb5726c9b,1,fix.parse::column:event_key,"{""applies_to_findings"":[""schema.parse_failures::column:event_key""],""description"":""Canonical coercion failures undermine usable values. Affected: event_key."",""estimated_effort"":""M"",""expected_score_gain"":6.03,""id"":""fix.parse::column:event_key"",""pipeline_steps"":[{""action"":""schema.correct_parsing"",""params"":{""affected_columns"":[""event_key""]}}],""steps"":[""Review event_key."",""Review failed values and correct the source representation or parsing rules."",""Re-run TADR after the change.""],""title"":""Correct parsing""}"
duplicate.keys.e101.n10000.pqstr,run-e08da2e08433ef401cbe557e47cb397135cfa21345ab7ddca766cd661adcb326,0,fix.duplicates::entity:entity_key|event_key,"{""applies_to_findings"":[""quality.duplicates::entity:entity_key|event_key""],""description"":""Duplicate observations or keys may distort analysis. Affected: entity_key, event_key."",""estimated_effort"":""S"",""expected_score_gain"":10.48,""id"":""fix.duplicates::entity:entity_key|event_key"",""pipeline_steps"":[{""action"":""quality.remove_duplicates"",""params"":{""affected_columns"":[""entity_key"",""event_key""]}}],""steps"":[""Review entity_key, event_key."",""Confirm duplicate semantics and remove unintended duplicates with an audit trail."",""Re-run TADR after the change.""],""title"":""Review and remove duplicates""}"
duplicate.keys.e101.n10000.pqstr,run-e08da2e08433ef401cbe557e47cb397135cfa21345ab7ddca766cd661adcb326,1,fix.parse::column:event_key,"{""applies_to_findings"":[""schema.parse_failures::column:event_key""],""description"":""Canonical coercion failures undermine usable values. Affected: event_key."",""estimated_effort"":""M"",""expected_score_gain"":6.03,""id"":""fix.parse::column:event_key"",""pipeline_steps"":[{""action"":""schema.correct_parsing"",""params"":{""affected_columns"":[""event_key""]}}],""steps"":[""Review event_key."",""Review failed values and correct the source representation or parsing rules."",""Re-run TADR after the change.""],""title"":""Correct parsing""}"
duplicate.keys.e11.n10000.csv,run-389075341871e3fbf6f657c4d3917b5d39c83a89f573841acd87d7bcb25efa55,0,fix.duplicates::entity:entity_key|event_key,"{""applies_to_findings"":[""quality.duplicates::entity:entity_key|event_key""],""description"":""Duplicate observations or keys may distort analysis. Affected: entity_key, event_key."",""estimated_effort"":""S"",""expected_score_gain"":5.82,""id"":""fix.duplicates::entity:entity_key|event_key"",""pipeline_steps"":[{""action"":""quality.remove_duplicates"",""params"":{""affected_columns"":[""entity_key"",""event_key""]}}],""steps"":[""Review entity_key, event_key."",""Confirm duplicate semantics and remove unintended duplicates with an audit trail."",""Re-run TADR after the change.""],""title"":""Review and remove duplicates""}"
duplicate.keys.e11.n10000.csv,run-389075341871e3fbf6f657c4d3917b5d39c83a89f573841acd87d7bcb25efa55,1,fix.parse::column:event_key,"{""applies_to_findings"":[""schema.parse_failures::column:event_key""],""description"":""Canonical coercion failures undermine usable values. Affected: event_key."",""estimated_effort"":""M"",""expected_score_gain"":6.03,""id"":""fix.parse::column:event_key"",""pipeline_steps"":[{""action"":""schema.correct_parsing"",""params"":{""affected_columns"":[""event_key""]}}],""steps"":[""Review event_key."",""Review failed values and correct the source representation or parsing rules."",""Re-run TADR after the change.""],""title"":""Correct parsing""}"
duplicate.keys.e11.n10000.pqstr,run-be85ca55502e326b48e40c72480059ae26bd62e3f7df90f69a6f7ccd13a7339d,0,fix.duplicates::entity:entity_key|event_key,"{""applies_to_findings"":[""quality.duplicates::entity:entity_key|event_key""],""description"":""Duplicate observations or keys may distort analysis. Affected: entity_key, event_key."",""estimated_effort"":""S"",""expected_score_gain"":5.82,""id"":""fix.duplicates::entity:entity_key|event_key"",""pipeline_steps"":[{""action"":""quality.remove_duplicates"",""params"":{""affected_columns"":[""entity_key"",""event_key""]}}],""steps"":[""Review entity_key, event_key."",""Confirm duplicate semantics and remove unintended duplicates with an audit trail."",""Re-run TADR after the change.""],""title"":""Review and remove duplicates""}"
duplicate.keys.e11.n10000.pqstr,run-be85ca55502e326b48e40c72480059ae26bd62e3f7df90f69a6f7ccd13a7339d,1,fix.parse::column:event_key,"{""applies_to_findings"":[""schema.parse_failures::column:event_key""],""description"":""Canonical coercion failures undermine usable values. Affected: event_key."",""estimated_effort"":""M"",""expected_score_gain"":6.03,""id"":""fix.parse::column:event_key"",""pipeline_steps"":[{""action"":""schema.correct_parsing"",""params"":{""affected_columns"":[""event_key""]}}],""steps"":[""Review event_key."",""Review failed values and correct the source representation or parsing rules."",""Re-run TADR after the change.""],""title"":""Correct parsing""}"
duplicate.keys.e9.n10000.csv,run-62251173043fb1f56324eefe1dfec5f43a7d6a76e90027f3b13a330cb32ce8f0,0,fix.parse::column:event_key,"{""applies_to_findings"":[""schema.parse_failures::column:event_key""],""description"":""Canonical coercion failures undermine usable values. Affected: event_key."",""estimated_effort"":""M"",""expected_score_gain"":6.03,""id"":""fix.parse::column:event_key"",""pipeline_steps"":[{""action"":""schema.correct_parsing"",""params"":{""affected_columns"":[""event_key""]}}],""steps"":[""Review event_key."",""Review failed values and correct the source representation or parsing rules."",""Re-run TADR after the change.""],""title"":""Correct parsing""}"
duplicate.keys.e9.n10000.pqstr,run-864dc70e2d5311495d5d949f2cbd305b4b76de919e084b70a3745e2d26b1688d,0,fix.parse::column:event_key,"{""applies_to_findings"":[""schema.parse_failures::column:event_key""],""description"":""Canonical coercion failures undermine usable values. Affected: event_key."",""estimated_effort"":""M"",""expected_score_gain"":6.03,""id"":""fix.parse::column:event_key"",""pipeline_steps"":[{""action"":""schema.correct_parsing"",""params"":{""affected_columns"":[""event_key""]}}],""steps"":[""Review event_key."",""Review failed values and correct the source representation or parsing rules."",""Re-run TADR after the change.""],""title"":""Correct parsing""}"
duplicate.keys.e99.n10000.csv,run-3006b603b44e808ab8f8a7727b776fc8952683bca41a7833ae68dd108fa3704e,0,fix.duplicates::entity:entity_key|event_key,"{""applies_to_findings"":[""quality.duplicates::entity:entity_key|event_key""],""description"":""Duplicate observations or keys may distort analysis. Affected: entity_key, event_key."",""estimated_effort"":""S"",""expected_score_gain"":5.82,""id"":""fix.duplicates::entity:entity_key|event_key"",""pipeline_steps"":[{""action"":""quality.remove_duplicates"",""params"":{""affected_columns"":[""entity_key"",""event_key""]}}],""steps"":[""Review entity_key, event_key."",""Confirm duplicate semantics and remove unintended duplicates with an audit trail."",""Re-run TADR after the change.""],""title"":""Review and remove duplicates""}"
duplicate.keys.e99.n10000.csv,run-3006b603b44e808ab8f8a7727b776fc8952683bca41a7833ae68dd108fa3704e,1,fix.parse::column:event_key,"{""applies_to_findings"":[""schema.parse_failures::column:event_key""],""description"":""Canonical coercion failures undermine usable values. Affected: event_key."",""estimated_effort"":""M"",""expected_score_gain"":6.03,""id"":""fix.parse::column:event_key"",""pipeline_steps"":[{""action"":""schema.correct_parsing"",""params"":{""affected_columns"":[""event_key""]}}],""steps"":[""Review event_key."",""Review failed values and correct the source representation or parsing rules."",""Re-run TADR after the change.""],""title"":""Correct parsing""}"
duplicate.keys.e99.n10000.pqstr,run-1152dc13608cd40d1dd9181a520c512207d6f9d42ffa904622d1f7d19e769130,0,fix.duplicates::entity:entity_key|event_key,"{""applies_to_findings"":[""quality.duplicates::entity:entity_key|event_key""],""description"":""Duplicate observations or keys may distort analysis. Affected: entity_key, event_key."",""estimated_effort"":""S"",""expected_score_gain"":5.82,""id"":""fix.duplicates::entity:entity_key|event_key"",""pipeline_steps"":[{""action"":""quality.remove_duplicates"",""params"":{""affected_columns"":[""entity_key"",""event_key""]}}],""steps"":[""Review entity_key, event_key."",""Confirm duplicate semantics and remove unintended duplicates with an audit trail."",""Re-run TADR after the change.""],""title"":""Review and remove duplicates""}"
duplicate.keys.e99.n10000.pqstr,run-1152dc13608cd40d1dd9181a520c512207d6f9d42ffa904622d1f7d19e769130,1,fix.parse::column:event_key,"{""applies_to_findings"":[""schema.parse_failures::column:event_key""],""description"":""Canonical coercion failures undermine usable values. Affected: event_key."",""estimated_effort"":""M"",""expected_score_gain"":6.03,""id"":""fix.parse::column:event_key"",""pipeline_steps"":[{""action"":""schema.correct_parsing"",""params"":{""affected_columns"":[""event_key""]}}],""steps"":[""Review event_key."",""Review failed values and correct the source representation or parsing rules."",""Re-run TADR after the change.""],""title"":""Correct parsing""}"
duplicate.rows.e10.n10000.csv,run-1bd6c9557759edf7cfd17619fcc7379270ba0947d165b7dd1920f929f81ca8b5,0,fix.duplicates::dataset,"{""applies_to_findings"":[""quality.duplicates::dataset""],""description"":""Duplicate observations or keys may distort analysis. Affected: the dataset."",""estimated_effort"":""S"",""expected_score_gain"":2.33,""id"":""fix.duplicates::dataset"",""pipeline_steps"":[{""action"":""quality.remove_duplicates"",""params"":{""affected_columns"":[]}}],""steps"":[""Review the dataset."",""Confirm duplicate semantics and remove unintended duplicates with an audit trail."",""Re-run TADR after the change.""],""title"":""Review and remove duplicates""}"
duplicate.rows.e10.n10000.pqstr,run-a825d3435713b2d6078e035ca1ecfddfb325f927fd289b69a1adc6329274aef9,0,fix.duplicates::dataset,"{""applies_to_findings"":[""quality.duplicates::dataset""],""description"":""Duplicate observations or keys may distort analysis. Affected: the dataset."",""estimated_effort"":""S"",""expected_score_gain"":2.33,""id"":""fix.duplicates::dataset"",""pipeline_steps"":[{""action"":""quality.remove_duplicates"",""params"":{""affected_columns"":[]}}],""steps"":[""Review the dataset."",""Confirm duplicate semantics and remove unintended duplicates with an audit trail."",""Re-run TADR after the change.""],""title"":""Review and remove duplicates""}"
duplicate.rows.e100.n10000.csv,run-2dae3438d032abfabc321b88b3853fe415b6ec68ecfd4e1047ebed822c66859a,0,fix.duplicates::dataset,"{""applies_to_findings"":[""quality.duplicates::dataset""],""description"":""Duplicate observations or keys may distort analysis. Affected: the dataset."",""estimated_effort"":""S"",""expected_score_gain"":5.82,""id"":""fix.duplicates::dataset"",""pipeline_steps"":[{""action"":""quality.remove_duplicates"",""params"":{""affected_columns"":[]}}],""steps"":[""Review the dataset."",""Confirm duplicate semantics and remove unintended duplicates with an audit trail."",""Re-run TADR after the change.""],""title"":""Review and remove duplicates""}"
duplicate.rows.e100.n10000.pqstr,run-d86f8a22ca581cd55a0eedaa27d05b7ad5fe392a25b3dabcd7d7f84992be41fe,0,fix.duplicates::dataset,"{""applies_to_findings"":[""quality.duplicates::dataset""],""description"":""Duplicate observations or keys may distort analysis. Affected: the dataset."",""estimated_effort"":""S"",""expected_score_gain"":5.82,""id"":""fix.duplicates::dataset"",""pipeline_steps"":[{""action"":""quality.remove_duplicates"",""params"":{""affected_columns"":[]}}],""steps"":[""Review the dataset."",""Confirm duplicate semantics and remove unintended duplicates with an audit trail."",""Re-run TADR after the change.""],""title"":""Review and remove duplicates""}"
duplicate.rows.e1000.n10000.csv,run-01a41e192e4de8deba2ed285af0d539f234d03787fef8fd6499c0c5f4df020cf,0,fix.duplicates::dataset,"{""applies_to_findings"":[""quality.duplicates::dataset""],""description"":""Duplicate observations or keys may distort analysis. Affected: the dataset."",""estimated_effort"":""S"",""expected_score_gain"":10.48,""id"":""fix.duplicates::dataset"",""pipeline_steps"":[{""action"":""quality.remove_duplicates"",""params"":{""affected_columns"":[]}}],""steps"":[""Review the dataset."",""Confirm duplicate semantics and remove unintended duplicates with an audit trail."",""Re-run TADR after the change.""],""title"":""Review and remove duplicates""}"
duplicate.rows.e1000.n10000.pqstr,run-a92cb79e9f653cf39d87882ad91a97a5ed5d29decf3ca98efc88e68e63790e5b,0,fix.duplicates::dataset,"{""applies_to_findings"":[""quality.duplicates::dataset""],""description"":""Duplicate observations or keys may distort analysis. Affected: the dataset."",""estimated_effort"":""S"",""expected_score_gain"":10.48,""id"":""fix.duplicates::dataset"",""pipeline_steps"":[{""action"":""quality.remove_duplicates"",""params"":{""affected_columns"":[]}}],""steps"":[""Review the dataset."",""Confirm duplicate semantics and remove unintended duplicates with an audit trail."",""Re-run TADR after the change.""],""title"":""Review and remove duplicates""}"
duplicate.rows.e101.n10000.csv,run-a7b9c57ef9b50a93ad7ae4c8edcc690de7e31c348afd412899ff878af2d2993e,0,fix.duplicates::dataset,"{""applies_to_findings"":[""quality.duplicates::dataset""],""description"":""Duplicate observations or keys may distort analysis. Affected: the dataset."",""estimated_effort"":""S"",""expected_score_gain"":5.82,""id"":""fix.duplicates::dataset"",""pipeline_steps"":[{""action"":""quality.remove_duplicates"",""params"":{""affected_columns"":[]}}],""steps"":[""Review the dataset."",""Confirm duplicate semantics and remove unintended duplicates with an audit trail."",""Re-run TADR after the change.""],""title"":""Review and remove duplicates""}"
duplicate.rows.e101.n10000.pqstr,run-fd468e7c38df052b5860d9c967a83d3f258d5fb0b7a83505a673a71960881b2f,0,fix.duplicates::dataset,"{""applies_to_findings"":[""quality.duplicates::dataset""],""description"":""Duplicate observations or keys may distort analysis. Affected: the dataset."",""estimated_effort"":""S"",""expected_score_gain"":5.82,""id"":""fix.duplicates::dataset"",""pipeline_steps"":[{""action"":""quality.remove_duplicates"",""params"":{""affected_columns"":[]}}],""steps"":[""Review the dataset."",""Confirm duplicate semantics and remove unintended duplicates with an audit trail."",""Re-run TADR after the change.""],""title"":""Review and remove duplicates""}"
duplicate.rows.e11.n10000.csv,run-91b32bcaf66d0ef07225f19f3c3513da7d5aab9e8888ec7285e0c0f9005a44f9,0,fix.duplicates::dataset,"{""applies_to_findings"":[""quality.duplicates::dataset""],""description"":""Duplicate observations or keys may distort analysis. Affected: the dataset."",""estimated_effort"":""S"",""expected_score_gain"":2.33,""id"":""fix.duplicates::dataset"",""pipeline_steps"":[{""action"":""quality.remove_duplicates"",""params"":{""affected_columns"":[]}}],""steps"":[""Review the dataset."",""Confirm duplicate semantics and remove unintended duplicates with an audit trail."",""Re-run TADR after the change.""],""title"":""Review and remove duplicates""}"
duplicate.rows.e11.n10000.pqstr,run-069172faa51a08486b1e1924fc41b21d3c041a2163b3534b28fdcbf46b29b6e3,0,fix.duplicates::dataset,"{""applies_to_findings"":[""quality.duplicates::dataset""],""description"":""Duplicate observations or keys may distort analysis. Affected: the dataset."",""estimated_effort"":""S"",""expected_score_gain"":2.33,""id"":""fix.duplicates::dataset"",""pipeline_steps"":[{""action"":""quality.remove_duplicates"",""params"":{""affected_columns"":[]}}],""steps"":[""Review the dataset."",""Confirm duplicate semantics and remove unintended duplicates with an audit trail."",""Re-run TADR after the change.""],""title"":""Review and remove duplicates""}"
duplicate.rows.e499.n10000.csv,run-d1dd125cd0a89f6bf9e760dee8d6544002108acba4fbbacfeb17e02a2e002255,0,fix.duplicates::dataset,"{""applies_to_findings"":[""quality.duplicates::dataset""],""description"":""Duplicate observations or keys may distort analysis. Affected: the dataset."",""estimated_effort"":""S"",""expected_score_gain"":5.82,""id"":""fix.duplicates::dataset"",""pipeline_steps"":[{""action"":""quality.remove_duplicates"",""params"":{""affected_columns"":[]}}],""steps"":[""Review the dataset."",""Confirm duplicate semantics and remove unintended duplicates with an audit trail."",""Re-run TADR after the change.""],""title"":""Review and remove duplicates""}"
duplicate.rows.e499.n10000.pqstr,run-eb73ad9dad3b43e23bad53e1aeef394a3f362022bcfa7667ac646cfe58bdb153,0,fix.duplicates::dataset,"{""applies_to_findings"":[""quality.duplicates::dataset""],""description"":""Duplicate observations or keys may distort analysis. Affected: the dataset."",""estimated_effort"":""S"",""expected_score_gain"":5.82,""id"":""fix.duplicates::dataset"",""pipeline_steps"":[{""action"":""quality.remove_duplicates"",""params"":{""affected_columns"":[]}}],""steps"":[""Review the dataset."",""Confirm duplicate semantics and remove unintended duplicates with an audit trail."",""Re-run TADR after the change.""],""title"":""Review and remove duplicates""}"
duplicate.rows.e500.n10000.csv,run-18a00281fd36001955be2934f5d977a6df6745919459e25a9eae2e7dbe321e40,0,fix.duplicates::dataset,"{""applies_to_findings"":[""quality.duplicates::dataset""],""description"":""Duplicate observations or keys may distort analysis. Affected: the dataset."",""estimated_effort"":""S"",""expected_score_gain"":10.48,""id"":""fix.duplicates::dataset"",""pipeline_steps"":[{""action"":""quality.remove_duplicates"",""params"":{""affected_columns"":[]}}],""steps"":[""Review the dataset."",""Confirm duplicate semantics and remove unintended duplicates with an audit trail."",""Re-run TADR after the change.""],""title"":""Review and remove duplicates""}"
duplicate.rows.e500.n10000.pqstr,run-6f00dcaf89f4ae69699542021e90241a57c1df2731764d9f589972bebb9a8948,0,fix.duplicates::dataset,"{""applies_to_findings"":[""quality.duplicates::dataset""],""description"":""Duplicate observations or keys may distort analysis. Affected: the dataset."",""estimated_effort"":""S"",""expected_score_gain"":10.48,""id"":""fix.duplicates::dataset"",""pipeline_steps"":[{""action"":""quality.remove_duplicates"",""params"":{""affected_columns"":[]}}],""steps"":[""Review the dataset."",""Confirm duplicate semantics and remove unintended duplicates with an audit trail."",""Re-run TADR after the change.""],""title"":""Review and remove duplicates""}"
duplicate.rows.e501.n10000.csv,run-2c7dbcef7137e413a82097fd44741903b32830998792b13d5709f890589c2626,0,fix.duplicates::dataset,"{""applies_to_findings"":[""quality.duplicates::dataset""],""description"":""Duplicate observations or keys may distort analysis. Affected: the dataset."",""estimated_effort"":""S"",""expected_score_gain"":10.48,""id"":""fix.duplicates::dataset"",""pipeline_steps"":[{""action"":""quality.remove_duplicates"",""params"":{""affected_columns"":[]}}],""steps"":[""Review the dataset."",""Confirm duplicate semantics and remove unintended duplicates with an audit trail."",""Re-run TADR after the change.""],""title"":""Review and remove duplicates""}"
duplicate.rows.e501.n10000.pqstr,run-79bef55a6bb68213c6e9868836df203fba75b8fcef60507bc28c812c8cd968a1,0,fix.duplicates::dataset,"{""applies_to_findings"":[""quality.duplicates::dataset""],""description"":""Duplicate observations or keys may distort analysis. Affected: the dataset."",""estimated_effort"":""S"",""expected_score_gain"":10.48,""id"":""fix.duplicates::dataset"",""pipeline_steps"":[{""action"":""quality.remove_duplicates"",""params"":{""affected_columns"":[]}}],""steps"":[""Review the dataset."",""Confirm duplicate semantics and remove unintended duplicates with an audit trail."",""Re-run TADR after the change.""],""title"":""Review and remove duplicates""}"
duplicate.rows.e99.n10000.csv,run-99c0a4ba30a321c3cab8eb587ebb58803b41ff049b9a791eeaa6c86bd0c68240,0,fix.duplicates::dataset,"{""applies_to_findings"":[""quality.duplicates::dataset""],""description"":""Duplicate observations or keys may distort analysis. Affected: the dataset."",""estimated_effort"":""S"",""expected_score_gain"":2.33,""id"":""fix.duplicates::dataset"",""pipeline_steps"":[{""action"":""quality.remove_duplicates"",""params"":{""affected_columns"":[]}}],""steps"":[""Review the dataset."",""Confirm duplicate semantics and remove unintended duplicates with an audit trail."",""Re-run TADR after the change.""],""title"":""Review and remove duplicates""}"
duplicate.rows.e99.n10000.pqstr,run-cdbfe676ffcdba243a768de01e636dd4970f51c1b72de36e385ba84c4ea22b83,0,fix.duplicates::dataset,"{""applies_to_findings"":[""quality.duplicates::dataset""],""description"":""Duplicate observations or keys may distort analysis. Affected: the dataset."",""estimated_effort"":""S"",""expected_score_gain"":2.33,""id"":""fix.duplicates::dataset"",""pipeline_steps"":[{""action"":""quality.remove_duplicates"",""params"":{""affected_columns"":[]}}],""steps"":[""Review the dataset."",""Confirm duplicate semantics and remove unintended duplicates with an audit trail."",""Re-run TADR after the change.""],""title"":""Review and remove duplicates""}"
group.group.r0.n10000.csv,run-ab99ac242d95335a12ee74f26c27ca7487fa0593632be9c051623294f6edcf70,0,fix.parse::column:event_key,"{""applies_to_findings"":[""schema.parse_failures::column:event_key""],""description"":""Canonical coercion failures undermine usable values. Affected: event_key."",""estimated_effort"":""M"",""expected_score_gain"":6.03,""id"":""fix.parse::column:event_key"",""pipeline_steps"":[{""action"":""schema.correct_parsing"",""params"":{""affected_columns"":[""event_key""]}}],""steps"":[""Review event_key."",""Review failed values and correct the source representation or parsing rules."",""Re-run TADR after the change.""],""title"":""Correct parsing""}"
group.group.r0.n10000.pqstr,run-a555748cc59b7c433da29b533f59d806517a12d82285bc6d5487a3829cf53fa4,0,fix.parse::column:event_key,"{""applies_to_findings"":[""schema.parse_failures::column:event_key""],""description"":""Canonical coercion failures undermine usable values. Affected: event_key."",""estimated_effort"":""M"",""expected_score_gain"":6.03,""id"":""fix.parse::column:event_key"",""pipeline_steps"":[{""action"":""schema.correct_parsing"",""params"":{""affected_columns"":[""event_key""]}}],""steps"":[""Review event_key."",""Review failed values and correct the source representation or parsing rules."",""Re-run TADR after the change.""],""title"":""Correct parsing""}"
group.group.r1999.n10000.csv,run-98a899d1454efc85680a709ad97e110ce7df7ae3f6a51a7cd8118a6dcfeb9cd9,0,fix.parse::column:event_key,"{""applies_to_findings"":[""schema.parse_failures::column:event_key""],""description"":""Canonical coercion failures undermine usable values. Affected: event_key."",""estimated_effort"":""M"",""expected_score_gain"":6.03,""id"":""fix.parse::column:event_key"",""pipeline_steps"":[{""action"":""schema.correct_parsing"",""params"":{""affected_columns"":[""event_key""]}}],""steps"":[""Review event_key."",""Review failed values and correct the source representation or parsing rules."",""Re-run TADR after the change.""],""title"":""Correct parsing""}"
group.group.r1999.n10000.pqstr,run-31598bcbc653761d97b10582bc7e42a4730e53bb88ffd284ba7f825703d07602,0,fix.parse::column:event_key,"{""applies_to_findings"":[""schema.parse_failures::column:event_key""],""description"":""Canonical coercion failures undermine usable values. Affected: event_key."",""estimated_effort"":""M"",""expected_score_gain"":6.03,""id"":""fix.parse::column:event_key"",""pipeline_steps"":[{""action"":""schema.correct_parsing"",""params"":{""affected_columns"":[""event_key""]}}],""steps"":[""Review event_key."",""Review failed values and correct the source representation or parsing rules."",""Re-run TADR after the change.""],""title"":""Correct parsing""}"
group.group.r2000.n10000.csv,run-f0316e95e1156e5ec363346421693eb9df1a8c2e4d4d7fcace99202e496d9e15,0,fix.parse::column:event_key,"{""applies_to_findings"":[""schema.parse_failures::column:event_key""],""description"":""Canonical coercion failures undermine usable values. Affected: event_key."",""estimated_effort"":""M"",""expected_score_gain"":6.03,""id"":""fix.parse::column:event_key"",""pipeline_steps"":[{""action"":""schema.correct_parsing"",""params"":{""affected_columns"":[""event_key""]}}],""steps"":[""Review event_key."",""Review failed values and correct the source representation or parsing rules."",""Re-run TADR after the change.""],""title"":""Correct parsing""}"
group.group.r2000.n10000.pqstr,run-33503c53c2e80895c464516593b24652f9b62963b8f918248f9ee005e7e24b62,0,fix.parse::column:event_key,"{""applies_to_findings"":[""schema.parse_failures::column:event_key""],""description"":""Canonical coercion failures undermine usable values. Affected: event_key."",""estimated_effort"":""M"",""expected_score_gain"":6.03,""id"":""fix.parse::column:event_key"",""pipeline_steps"":[{""action"":""schema.correct_parsing"",""params"":{""affected_columns"":[""event_key""]}}],""steps"":[""Review event_key."",""Review failed values and correct the source representation or parsing rules."",""Re-run TADR after the change.""],""title"":""Correct parsing""}"
group.group.r2001.n10000.csv,run-4c7e966dc634cc17671f512cd5281ee5f0153f72675c4243de4ab82b05443f49,0,fix.parse::column:event_key,"{""applies_to_findings"":[""schema.parse_failures::column:event_key""],""description"":""Canonical coercion failures undermine usable values. Affected: event_key."",""estimated_effort"":""M"",""expected_score_gain"":6.03,""id"":""fix.parse::column:event_key"",""pipeline_steps"":[{""action"":""schema.correct_parsing"",""params"":{""affected_columns"":[""event_key""]}}],""steps"":[""Review event_key."",""Review failed values and correct the source representation or parsing rules."",""Re-run TADR after the change.""],""title"":""Correct parsing""}"
group.group.r2001.n10000.pqstr,run-8b883dd6bc8567c072a83d17147351dbf176ae4f976916820d17d20b74722c4a,0,fix.parse::column:event_key,"{""applies_to_findings"":[""schema.parse_failures::column:event_key""],""description"":""Canonical coercion failures undermine usable values. Affected: event_key."",""estimated_effort"":""M"",""expected_score_gain"":6.03,""id"":""fix.parse::column:event_key"",""pipeline_steps"":[{""action"":""schema.correct_parsing"",""params"":{""affected_columns"":[""event_key""]}}],""steps"":[""Review event_key."",""Review failed values and correct the source representation or parsing rules."",""Re-run TADR after the change.""],""title"":""Correct parsing""}"
group.group.r499.n10000.csv,run-fc9105d8019c6479316fd504c1920b85fa188fd589380d8b5269aeedf11f8b26,0,fix.parse::column:event_key,"{""applies_to_findings"":[""schema.parse_failures::column:event_key""],""description"":""Canonical coercion failures undermine usable values. Affected: event_key."",""estimated_effort"":""M"",""expected_score_gain"":6.03,""id"":""fix.parse::column:event_key"",""pipeline_steps"":[{""action"":""schema.correct_parsing"",""params"":{""affected_columns"":[""event_key""]}}],""steps"":[""Review event_key."",""Review failed values and correct the source representation or parsing rules."",""Re-run TADR after the change.""],""title"":""Correct parsing""}"
group.group.r499.n10000.pqstr,run-8a40bd3ee5ab16ac13b3bd0b9b9b3158a547b713dec32b059c04d83aa3b5cc1d,0,fix.parse::column:event_key,"{""applies_to_findings"":[""schema.parse_failures::column:event_key""],""description"":""Canonical coercion failures undermine usable values. Affected: event_key."",""estimated_effort"":""M"",""expected_score_gain"":6.03,""id"":""fix.parse::column:event_key"",""pipeline_steps"":[{""action"":""schema.correct_parsing"",""params"":{""affected_columns"":[""event_key""]}}],""steps"":[""Review event_key."",""Review failed values and correct the source representation or parsing rules."",""Re-run TADR after the change.""],""title"":""Correct parsing""}"
group.group.r500.n10000.csv,run-158c71b7961eb9df41e02e9255ed01fecd725206763b1196f3eff58adc25fb53,0,fix.parse::column:event_key,"{""applies_to_findings"":[""schema.parse_failures::column:event_key""],""description"":""Canonical coercion failures undermine usable values. Affected: event_key."",""estimated_effort"":""M"",""expected_score_gain"":6.03,""id"":""fix.parse::column:event_key"",""pipeline_steps"":[{""action"":""schema.correct_parsing"",""params"":{""affected_columns"":[""event_key""]}}],""steps"":[""Review event_key."",""Review failed values and correct the source representation or parsing rules."",""Re-run TADR after the change.""],""title"":""Correct parsing""}"
group.group.r500.n10000.pqstr,run-8bfa75fe6886503b1ab1038dae6a45c8ca94a017a1ee6e9c74d9b6706e17b58d,0,fix.parse::column:event_key,"{""applies_to_findings"":[""schema.parse_failures::column:event_key""],""description"":""Canonical coercion failures undermine usable values. Affected: event_key."",""estimated_effort"":""M"",""expected_score_gain"":6.03,""id"":""fix.parse::column:event_key"",""pipeline_steps"":[{""action"":""schema.correct_parsing"",""params"":{""affected_columns"":[""event_key""]}}],""steps"":[""Review event_key."",""Review failed values and correct the source representation or parsing rules."",""Re-run TADR after the change.""],""title"":""Correct parsing""}"
group.group.r501.n10000.csv,run-3e9328b8efc647938cc4e0d31399e136669a1b35dcb927d35415e7072c48d214,0,fix.parse::column:event_key,"{""applies_to_findings"":[""schema.parse_failures::column:event_key""],""description"":""Canonical coercion failures undermine usable values. Affected: event_key."",""estimated_effort"":""M"",""expected_score_gain"":6.03,""id"":""fix.parse::column:event_key"",""pipeline_steps"":[{""action"":""schema.correct_parsing"",""params"":{""affected_columns"":[""event_key""]}}],""steps"":[""Review event_key."",""Review failed values and correct the source representation or parsing rules."",""Re-run TADR after the change.""],""title"":""Correct parsing""}"
group.group.r501.n10000.pqstr,run-00c15a7d22a9125bce954fa0f58b4aa679e916ea5e34438eeca52f1e46a6ef44,0,fix.parse::column:event_key,"{""applies_to_findings"":[""schema.parse_failures::column:event_key""],""description"":""Canonical coercion failures undermine usable values. Affected: event_key."",""estimated_effort"":""M"",""expected_score_gain"":6.03,""id"":""fix.parse::column:event_key"",""pipeline_steps"":[{""action"":""schema.correct_parsing"",""params"":{""affected_columns"":[""event_key""]}}],""steps"":[""Review event_key."",""Review failed values and correct the source representation or parsing rules."",""Re-run TADR after the change.""],""title"":""Correct parsing""}"
group.random.r0.n10000.csv,run-ddbd4fd9d1f29455ddd6a00b6ac31b282ef552be00ecd2e2a2a3fc90eaf50480,0,fix.parse::column:event_key,"{""applies_to_findings"":[""schema.parse_failures::column:event_key""],""description"":""Canonical coercion failures undermine usable values. Affected: event_key."",""estimated_effort"":""M"",""expected_score_gain"":6.03,""id"":""fix.parse::column:event_key"",""pipeline_steps"":[{""action"":""schema.correct_parsing"",""params"":{""affected_columns"":[""event_key""]}}],""steps"":[""Review event_key."",""Review failed values and correct the source representation or parsing rules."",""Re-run TADR after the change.""],""title"":""Correct parsing""}"
group.random.r0.n10000.pqstr,run-d38380081bc7a58c7317e797fd0dbcd086dfdb9d93a8d686c0edbd6e595b8006,0,fix.parse::column:event_key,"{""applies_to_findings"":[""schema.parse_failures::column:event_key""],""description"":""Canonical coercion failures undermine usable values. Affected: event_key."",""estimated_effort"":""M"",""expected_score_gain"":6.03,""id"":""fix.parse::column:event_key"",""pipeline_steps"":[{""action"":""schema.correct_parsing"",""params"":{""affected_columns"":[""event_key""]}}],""steps"":[""Review event_key."",""Review failed values and correct the source representation or parsing rules."",""Re-run TADR after the change.""],""title"":""Correct parsing""}"
group.random.r1999.n10000.csv,run-9e43a67c503e3ac97da034b9bc1cfae6615324c0d9c54206616219b6fd89df78,0,fix.group-split::entity:entity_key,"{""applies_to_findings"":[""split.group_split_recommended::entity:entity_key""],""description"":""Repeated entities can appear in both training and evaluation. Affected: entity_key."",""estimated_effort"":""S"",""expected_score_gain"":6.34,""id"":""fix.group-split::entity:entity_key"",""pipeline_steps"":[{""action"":""split.group_based"",""params"":{""affected_columns"":[""entity_key""]}}],""steps"":[""Review entity_key."",""Partition by the entity key so each entity belongs to only one split."",""Re-run TADR after the change.""],""title"":""Use a group-based split""}"
group.random.r1999.n10000.csv,run-9e43a67c503e3ac97da034b9bc1cfae6615324c0d9c54206616219b6fd89df78,1,fix.parse::column:event_key,"{""applies_to_findings"":[""schema.parse_failures::column:event_key""],""description"":""Canonical coercion failures undermine usable values. Affected: event_key."",""estimated_effort"":""M"",""expected_score_gain"":6.03,""id"":""fix.parse::column:event_key"",""pipeline_steps"":[{""action"":""schema.correct_parsing"",""params"":{""affected_columns"":[""event_key""]}}],""steps"":[""Review event_key."",""Review failed values and correct the source representation or parsing rules."",""Re-run TADR after the change.""],""title"":""Correct parsing""}"
group.random.r1999.n10000.pqstr,run-a8c9a93cf13022becc47f171061712c093f4368f6674fa35355b76743a023c77,0,fix.group-split::entity:entity_key,"{""applies_to_findings"":[""split.group_split_recommended::entity:entity_key""],""description"":""Repeated entities can appear in both training and evaluation. Affected: entity_key."",""estimated_effort"":""S"",""expected_score_gain"":6.34,""id"":""fix.group-split::entity:entity_key"",""pipeline_steps"":[{""action"":""split.group_based"",""params"":{""affected_columns"":[""entity_key""]}}],""steps"":[""Review entity_key."",""Partition by the entity key so each entity belongs to only one split."",""Re-run TADR after the change.""],""title"":""Use a group-based split""}"
group.random.r1999.n10000.pqstr,run-a8c9a93cf13022becc47f171061712c093f4368f6674fa35355b76743a023c77,1,fix.parse::column:event_key,"{""applies_to_findings"":[""schema.parse_failures::column:event_key""],""description"":""Canonical coercion failures undermine usable values. Affected: event_key."",""estimated_effort"":""M"",""expected_score_gain"":6.03,""id"":""fix.parse::column:event_key"",""pipeline_steps"":[{""action"":""schema.correct_parsing"",""params"":{""affected_columns"":[""event_key""]}}],""steps"":[""Review event_key."",""Review failed values and correct the source representation or parsing rules."",""Re-run TADR after the change.""],""title"":""Correct parsing""}"
group.random.r2000.n10000.csv,run-f3193bd5f888710efa91dc37eafc2e9d427a77d9f2c43499b8bc538f42770b54,0,fix.group-split::entity:entity_key,"{""applies_to_findings"":[""split.group_leakage_risk::entity:entity_key""],""description"":""Repeated entities can appear in both training and evaluation. Affected: entity_key."",""estimated_effort"":""S"",""expected_score_gain"":11.4,""id"":""fix.group-split::entity:entity_key"",""pipeline_steps"":[{""action"":""split.group_based"",""params"":{""affected_columns"":[""entity_key""]}}],""steps"":[""Review entity_key."",""Partition by the entity key so each entity belongs to only one split."",""Re-run TADR after the change.""],""title"":""Use a group-based split""}"
group.random.r2000.n10000.csv,run-f3193bd5f888710efa91dc37eafc2e9d427a77d9f2c43499b8bc538f42770b54,1,fix.parse::column:event_key,"{""applies_to_findings"":[""schema.parse_failures::column:event_key""],""description"":""Canonical coercion failures undermine usable values. Affected: event_key."",""estimated_effort"":""M"",""expected_score_gain"":6.03,""id"":""fix.parse::column:event_key"",""pipeline_steps"":[{""action"":""schema.correct_parsing"",""params"":{""affected_columns"":[""event_key""]}}],""steps"":[""Review event_key."",""Review failed values and correct the source representation or parsing rules."",""Re-run TADR after the change.""],""title"":""Correct parsing""}"
group.random.r2000.n10000.pqstr,run-c845dc45931811a996b600715d030747d0f1ad95e3d94c7fb07eb99fb6943b9e,0,fix.group-split::entity:entity_key,"{""applies_to_findings"":[""split.group_leakage_risk::entity:entity_key""],""description"":""Repeated entities can appear in both training and evaluation. Affected: entity_key."",""estimated_effort"":""S"",""expected_score_gain"":11.4,""id"":""fix.group-split::entity:entity_key"",""pipeline_steps"":[{""action"":""split.group_based"",""params"":{""affected_columns"":[""entity_key""]}}],""steps"":[""Review entity_key."",""Partition by the entity key so each entity belongs to only one split."",""Re-run TADR after the change.""],""title"":""Use a group-based split""}"
group.random.r2000.n10000.pqstr,run-c845dc45931811a996b600715d030747d0f1ad95e3d94c7fb07eb99fb6943b9e,1,fix.parse::column:event_key,"{""applies_to_findings"":[""schema.parse_failures::column:event_key""],""description"":""Canonical coercion failures undermine usable values. Affected: event_key."",""estimated_effort"":""M"",""expected_score_gain"":6.03,""id"":""fix.parse::column:event_key"",""pipeline_steps"":[{""action"":""schema.correct_parsing"",""params"":{""affected_columns"":[""event_key""]}}],""steps"":[""Review event_key."",""Review failed values and correct the source representation or parsing rules."",""Re-run TADR after the change.""],""title"":""Correct parsing""}"
group.random.r2001.n10000.csv,run-d510b52131d3312e8372a1e3d2a4fa7d914a1b13bb892d9cbc9d915548df78bb,0,fix.group-split::entity:entity_key,"{""applies_to_findings"":[""split.group_leakage_risk::entity:entity_key""],""description"":""Repeated entities can appear in both training and evaluation. Affected: entity_key."",""estimated_effort"":""S"",""expected_score_gain"":11.4,""id"":""fix.group-split::entity:entity_key"",""pipeline_steps"":[{""action"":""split.group_based"",""params"":{""affected_columns"":[""entity_key""]}}],""steps"":[""Review entity_key."",""Partition by the entity key so each entity belongs to only one split."",""Re-run TADR after the change.""],""title"":""Use a group-based split""}"
group.random.r2001.n10000.csv,run-d510b52131d3312e8372a1e3d2a4fa7d914a1b13bb892d9cbc9d915548df78bb,1,fix.parse::column:event_key,"{""applies_to_findings"":[""schema.parse_failures::column:event_key""],""description"":""Canonical coercion failures undermine usable values. Affected: event_key."",""estimated_effort"":""M"",""expected_score_gain"":6.03,""id"":""fix.parse::column:event_key"",""pipeline_steps"":[{""action"":""schema.correct_parsing"",""params"":{""affected_columns"":[""event_key""]}}],""steps"":[""Review event_key."",""Review failed values and correct the source representation or parsing rules."",""Re-run TADR after the change.""],""title"":""Correct parsing""}"
group.random.r2001.n10000.pqstr,run-ba0ab45956320524f7ef72c84880bdbcde94ea1ef7e90a402b2391c681addfbf,0,fix.group-split::entity:entity_key,"{""applies_to_findings"":[""split.group_leakage_risk::entity:entity_key""],""description"":""Repeated entities can appear in both training and evaluation. Affected: entity_key."",""estimated_effort"":""S"",""expected_score_gain"":11.4,""id"":""fix.group-split::entity:entity_key"",""pipeline_steps"":[{""action"":""split.group_based"",""params"":{""affected_columns"":[""entity_key""]}}],""steps"":[""Review entity_key."",""Partition by the entity key so each entity belongs to only one split."",""Re-run TADR after the change.""],""title"":""Use a group-based split""}"
group.random.r2001.n10000.pqstr,run-ba0ab45956320524f7ef72c84880bdbcde94ea1ef7e90a402b2391c681addfbf,1,fix.parse::column:event_key,"{""applies_to_findings"":[""schema.parse_failures::column:event_key""],""description"":""Canonical coercion failures undermine usable values. Affected: event_key."",""estimated_effort"":""M"",""expected_score_gain"":6.03,""id"":""fix.parse::column:event_key"",""pipeline_steps"":[{""action"":""schema.correct_parsing"",""params"":{""affected_columns"":[""event_key""]}}],""steps"":[""Review event_key."",""Review failed values and correct the source representation or parsing rules."",""Re-run TADR after the change.""],""title"":""Correct parsing""}"
group.random.r499.n10000.csv,run-f0f8fbd0fb446a92814b095cd2ba1441caa64dc871f2f15c63c672b826674a33,0,fix.parse::column:event_key,"{""applies_to_findings"":[""schema.parse_failures::column:event_key""],""description"":""Canonical coercion failures undermine usable values. Affected: event_key."",""estimated_effort"":""M"",""expected_score_gain"":6.03,""id"":""fix.parse::column:event_key"",""pipeline_steps"":[{""action"":""schema.correct_parsing"",""params"":{""affected_columns"":[""event_key""]}}],""steps"":[""Review event_key."",""Review failed values and correct the source representation or parsing rules."",""Re-run TADR after the change.""],""title"":""Correct parsing""}"
group.random.r499.n10000.pqstr,run-b90d977f2833fe77c2814afc3b5adc81d16f21cd4d698fd269ee23309d7594ee,0,fix.parse::column:event_key,"{""applies_to_findings"":[""schema.parse_failures::column:event_key""],""description"":""Canonical coercion failures undermine usable values. Affected: event_key."",""estimated_effort"":""M"",""expected_score_gain"":6.03,""id"":""fix.parse::column:event_key"",""pipeline_steps"":[{""action"":""schema.correct_parsing"",""params"":{""affected_columns"":[""event_key""]}}],""steps"":[""Review event_key."",""Review failed values and correct the source representation or parsing rules."",""Re-run TADR after the change.""],""title"":""Correct parsing""}"
group.random.r500.n10000.csv,run-f9c4073512c1d10fd329aa3b8b87cca1f059048a18fd323655d5935fd4eafc32,0,fix.group-split::entity:entity_key,"{""applies_to_findings"":[""split.group_split_recommended::entity:entity_key""],""description"":""Repeated entities can appear in both training and evaluation. Affected: entity_key."",""estimated_effort"":""S"",""expected_score_gain"":6.34,""id"":""fix.group-split::entity:entity_key"",""pipeline_steps"":[{""action"":""split.group_based"",""params"":{""affected_columns"":[""entity_key""]}}],""steps"":[""Review entity_key."",""Partition by the entity key so each entity belongs to only one split."",""Re-run TADR after the change.""],""title"":""Use a group-based split""}"
group.random.r500.n10000.csv,run-f9c4073512c1d10fd329aa3b8b87cca1f059048a18fd323655d5935fd4eafc32,1,fix.parse::column:event_key,"{""applies_to_findings"":[""schema.parse_failures::column:event_key""],""description"":""Canonical coercion failures undermine usable values. Affected: event_key."",""estimated_effort"":""M"",""expected_score_gain"":6.03,""id"":""fix.parse::column:event_key"",""pipeline_steps"":[{""action"":""schema.correct_parsing"",""params"":{""affected_columns"":[""event_key""]}}],""steps"":[""Review event_key."",""Review failed values and correct the source representation or parsing rules."",""Re-run TADR after the change.""],""title"":""Correct parsing""}"
group.random.r500.n10000.pqstr,run-ef588bf746b03010e3147531702ffb79c2bb70c7565b350403403eeef34bfa96,0,fix.group-split::entity:entity_key,"{""applies_to_findings"":[""split.group_split_recommended::entity:entity_key""],""description"":""Repeated entities can appear in both training and evaluation. Affected: entity_key."",""estimated_effort"":""S"",""expected_score_gain"":6.34,""id"":""fix.group-split::entity:entity_key"",""pipeline_steps"":[{""action"":""split.group_based"",""params"":{""affected_columns"":[""entity_key""]}}],""steps"":[""Review entity_key."",""Partition by the entity key so each entity belongs to only one split."",""Re-run TADR after the change.""],""title"":""Use a group-based split""}"
group.random.r500.n10000.pqstr,run-ef588bf746b03010e3147531702ffb79c2bb70c7565b350403403eeef34bfa96,1,fix.parse::column:event_key,"{""applies_to_findings"":[""schema.parse_failures::column:event_key""],""description"":""Canonical coercion failures undermine usable values. Affected: event_key."",""estimated_effort"":""M"",""expected_score_gain"":6.03,""id"":""fix.parse::column:event_key"",""pipeline_steps"":[{""action"":""schema.correct_parsing"",""params"":{""affected_columns"":[""event_key""]}}],""steps"":[""Review event_key."",""Review failed values and correct the source representation or parsing rules."",""Re-run TADR after the change.""],""title"":""Correct parsing""}"
group.random.r501.n10000.csv,run-0aa40d6601899b2a537d9c25d5e77c4c13fb60dba2997faf71819842c7ecd577,0,fix.group-split::entity:entity_key,"{""applies_to_findings"":[""split.group_split_recommended::entity:entity_key""],""description"":""Repeated entities can appear in both training and evaluation. Affected: entity_key."",""estimated_effort"":""S"",""expected_score_gain"":6.34,""id"":""fix.group-split::entity:entity_key"",""pipeline_steps"":[{""action"":""split.group_based"",""params"":{""affected_columns"":[""entity_key""]}}],""steps"":[""Review entity_key."",""Partition by the entity key so each entity belongs to only one split."",""Re-run TADR after the change.""],""title"":""Use a group-based split""}"
group.random.r501.n10000.csv,run-0aa40d6601899b2a537d9c25d5e77c4c13fb60dba2997faf71819842c7ecd577,1,fix.parse::column:event_key,"{""applies_to_findings"":[""schema.parse_failures::column:event_key""],""description"":""Canonical coercion failures undermine usable values. Affected: event_key."",""estimated_effort"":""M"",""expected_score_gain"":6.03,""id"":""fix.parse::column:event_key"",""pipeline_steps"":[{""action"":""schema.correct_parsing"",""params"":{""affected_columns"":[""event_key""]}}],""steps"":[""Review event_key."",""Review failed values and correct the source representation or parsing rules."",""Re-run TADR after the change.""],""title"":""Correct parsing""}"
group.random.r501.n10000.pqstr,run-6105df7a35d2763f0ee44d237ff1b628c2464fe62c4401af8a1a6f92558cd17d,0,fix.group-split::entity:entity_key,"{""applies_to_findings"":[""split.group_split_recommended::entity:entity_key""],""description"":""Repeated entities can appear in both training and evaluation. Affected: entity_key."",""estimated_effort"":""S"",""expected_score_gain"":6.34,""id"":""fix.group-split::entity:entity_key"",""pipeline_steps"":[{""action"":""split.group_based"",""params"":{""affected_columns"":[""entity_key""]}}],""steps"":[""Review entity_key."",""Partition by the entity key so each entity belongs to only one split."",""Re-run TADR after the change.""],""title"":""Use a group-based split""}"
group.random.r501.n10000.pqstr,run-6105df7a35d2763f0ee44d237ff1b628c2464fe62c4401af8a1a6f92558cd17d,1,fix.parse::column:event_key,"{""applies_to_findings"":[""schema.parse_failures::column:event_key""],""description"":""Canonical coercion failures undermine usable values. Affected: event_key."",""estimated_effort"":""M"",""expected_score_gain"":6.03,""id"":""fix.parse::column:event_key"",""pipeline_steps"":[{""action"":""schema.correct_parsing"",""params"":{""affected_columns"":[""event_key""]}}],""steps"":[""Review event_key."",""Review failed values and correct the source representation or parsing rules."",""Re-run TADR after the change.""],""title"":""Correct parsing""}"
group.time.r0.n10000.csv,run-2b80a3d6445b50b363d2fc3f605d01607c71b9802b1089569c63e1a28062d4d1,0,fix.parse::column:event_key,"{""applies_to_findings"":[""schema.parse_failures::column:event_key""],""description"":""Canonical coercion failures undermine usable values. Affected: event_key."",""estimated_effort"":""M"",""expected_score_gain"":6.03,""id"":""fix.parse::column:event_key"",""pipeline_steps"":[{""action"":""schema.correct_parsing"",""params"":{""affected_columns"":[""event_key""]}}],""steps"":[""Review event_key."",""Review failed values and correct the source representation or parsing rules."",""Re-run TADR after the change.""],""title"":""Correct parsing""}"
group.time.r0.n10000.pqstr,run-05b8adf7fc014b771570bcb2baf3127f382b27787ebd1c1c09411b6e6c139770,0,fix.parse::column:event_key,"{""applies_to_findings"":[""schema.parse_failures::column:event_key""],""description"":""Canonical coercion failures undermine usable values. Affected: event_key."",""estimated_effort"":""M"",""expected_score_gain"":6.03,""id"":""fix.parse::column:event_key"",""pipeline_steps"":[{""action"":""schema.correct_parsing"",""params"":{""affected_columns"":[""event_key""]}}],""steps"":[""Review event_key."",""Review failed values and correct the source representation or parsing rules."",""Re-run TADR after the change.""],""title"":""Correct parsing""}"
group.time.r1999.n10000.csv,run-1709164230ef9998b046bf35356b435f8022dfd26e79a94f5c03bb1a0a5e034a,0,fix.group-split::entity:entity_key,"{""applies_to_findings"":[""split.group_split_recommended::entity:entity_key""],""description"":""Repeated entities can appear in both training and evaluation. Affected: entity_key."",""estimated_effort"":""S"",""expected_score_gain"":6.34,""id"":""fix.group-split::entity:entity_key"",""pipeline_steps"":[{""action"":""split.group_based"",""params"":{""affected_columns"":[""entity_key""]}}],""steps"":[""Review entity_key."",""Partition by the entity key so each entity belongs to only one split."",""Re-run TADR after the change.""],""title"":""Use a group-based split""}"
group.time.r1999.n10000.csv,run-1709164230ef9998b046bf35356b435f8022dfd26e79a94f5c03bb1a0a5e034a,1,fix.parse::column:event_key,"{""applies_to_findings"":[""schema.parse_failures::column:event_key""],""description"":""Canonical coercion failures undermine usable values. Affected: event_key."",""estimated_effort"":""M"",""expected_score_gain"":6.03,""id"":""fix.parse::column:event_key"",""pipeline_steps"":[{""action"":""schema.correct_parsing"",""params"":{""affected_columns"":[""event_key""]}}],""steps"":[""Review event_key."",""Review failed values and correct the source representation or parsing rules."",""Re-run TADR after the change.""],""title"":""Correct parsing""}"
group.time.r1999.n10000.pqstr,run-cbcc367187818b0c62abb2c4c3062a90882ace619d5a8fa205b4ca78eb5daa60,0,fix.group-split::entity:entity_key,"{""applies_to_findings"":[""split.group_split_recommended::entity:entity_key""],""description"":""Repeated entities can appear in both training and evaluation. Affected: entity_key."",""estimated_effort"":""S"",""expected_score_gain"":6.34,""id"":""fix.group-split::entity:entity_key"",""pipeline_steps"":[{""action"":""split.group_based"",""params"":{""affected_columns"":[""entity_key""]}}],""steps"":[""Review entity_key."",""Partition by the entity key so each entity belongs to only one split."",""Re-run TADR after the change.""],""title"":""Use a group-based split""}"
group.time.r1999.n10000.pqstr,run-cbcc367187818b0c62abb2c4c3062a90882ace619d5a8fa205b4ca78eb5daa60,1,fix.parse::column:event_key,"{""applies_to_findings"":[""schema.parse_failures::column:event_key""],""description"":""Canonical coercion failures undermine usable values. Affected: event_key."",""estimated_effort"":""M"",""expected_score_gain"":6.03,""id"":""fix.parse::column:event_key"",""pipeline_steps"":[{""action"":""schema.correct_parsing"",""params"":{""affected_columns"":[""event_key""]}}],""steps"":[""Review event_key."",""Review failed values and correct the source representation or parsing rules."",""Re-run TADR after the change.""],""title"":""Correct parsing""}"
group.time.r2000.n10000.csv,run-fb13a176edecddba0ccb0a23314a97c629b080e2eb6d087727367af884cc8ab1,0,fix.group-split::entity:entity_key,"{""applies_to_findings"":[""split.group_split_recommended::entity:entity_key""],""description"":""Repeated entities can appear in both training and evaluation. Affected: entity_key."",""estimated_effort"":""S"",""expected_score_gain"":11.4,""id"":""fix.group-split::entity:entity_key"",""pipeline_steps"":[{""action"":""split.group_based"",""params"":{""affected_columns"":[""entity_key""]}}],""steps"":[""Review entity_key."",""Partition by the entity key so each entity belongs to only one split."",""Re-run TADR after the change.""],""title"":""Use a group-based split""}"
group.time.r2000.n10000.csv,run-fb13a176edecddba0ccb0a23314a97c629b080e2eb6d087727367af884cc8ab1,1,fix.parse::column:event_key,"{""applies_to_findings"":[""schema.parse_failures::column:event_key""],""description"":""Canonical coercion failures undermine usable values. Affected: event_key."",""estimated_effort"":""M"",""expected_score_gain"":6.03,""id"":""fix.parse::column:event_key"",""pipeline_steps"":[{""action"":""schema.correct_parsing"",""params"":{""affected_columns"":[""event_key""]}}],""steps"":[""Review event_key."",""Review failed values and correct the source representation or parsing rules."",""Re-run TADR after the change.""],""title"":""Correct parsing""}"
group.time.r2000.n10000.pqstr,run-0d93956e0dc500cba57f34528564c0e011416c34bc615e30e82760d77a00d782,0,fix.group-split::entity:entity_key,"{""applies_to_findings"":[""split.group_split_recommended::entity:entity_key""],""description"":""Repeated entities can appear in both training and evaluation. Affected: entity_key."",""estimated_effort"":""S"",""expected_score_gain"":11.4,""id"":""fix.group-split::entity:entity_key"",""pipeline_steps"":[{""action"":""split.group_based"",""params"":{""affected_columns"":[""entity_key""]}}],""steps"":[""Review entity_key."",""Partition by the entity key so each entity belongs to only one split."",""Re-run TADR after the change.""],""title"":""Use a group-based split""}"
group.time.r2000.n10000.pqstr,run-0d93956e0dc500cba57f34528564c0e011416c34bc615e30e82760d77a00d782,1,fix.parse::column:event_key,"{""applies_to_findings"":[""schema.parse_failures::column:event_key""],""description"":""Canonical coercion failures undermine usable values. Affected: event_key."",""estimated_effort"":""M"",""expected_score_gain"":6.03,""id"":""fix.parse::column:event_key"",""pipeline_steps"":[{""action"":""schema.correct_parsing"",""params"":{""affected_columns"":[""event_key""]}}],""steps"":[""Review event_key."",""Review failed values and correct the source representation or parsing rules."",""Re-run TADR after the change.""],""title"":""Correct parsing""}"
group.time.r2001.n10000.csv,run-334423c884e9326768f0669df59dcc8dec907034f7801253099409b3f36e4e48,0,fix.group-split::entity:entity_key,"{""applies_to_findings"":[""split.group_split_recommended::entity:entity_key""],""description"":""Repeated entities can appear in both training and evaluation. Affected: entity_key."",""estimated_effort"":""S"",""expected_score_gain"":11.4,""id"":""fix.group-split::entity:entity_key"",""pipeline_steps"":[{""action"":""split.group_based"",""params"":{""affected_columns"":[""entity_key""]}}],""steps"":[""Review entity_key."",""Partition by the entity key so each entity belongs to only one split."",""Re-run TADR after the change.""],""title"":""Use a group-based split""}"
group.time.r2001.n10000.csv,run-334423c884e9326768f0669df59dcc8dec907034f7801253099409b3f36e4e48,1,fix.parse::column:event_key,"{""applies_to_findings"":[""schema.parse_failures::column:event_key""],""description"":""Canonical coercion failures undermine usable values. Affected: event_key."",""estimated_effort"":""M"",""expected_score_gain"":6.03,""id"":""fix.parse::column:event_key"",""pipeline_steps"":[{""action"":""schema.correct_parsing"",""params"":{""affected_columns"":[""event_key""]}}],""steps"":[""Review event_key."",""Review failed values and correct the source representation or parsing rules."",""Re-run TADR after the change.""],""title"":""Correct parsing""}"
group.time.r2001.n10000.pqstr,run-e23129c849113609f7ac83ad7b6c773a1564f58d691e87a1eb2161cf4a25d0cd,0,fix.group-split::entity:entity_key,"{""applies_to_findings"":[""split.group_split_recommended::entity:entity_key""],""description"":""Repeated entities can appear in both training and evaluation. Affected: entity_key."",""estimated_effort"":""S"",""expected_score_gain"":11.4,""id"":""fix.group-split::entity:entity_key"",""pipeline_steps"":[{""action"":""split.group_based"",""params"":{""affected_columns"":[""entity_key""]}}],""steps"":[""Review entity_key."",""Partition by the entity key so each entity belongs to only one split."",""Re-run TADR after the change.""],""title"":""Use a group-based split""}"
group.time.r2001.n10000.pqstr,run-e23129c849113609f7ac83ad7b6c773a1564f58d691e87a1eb2161cf4a25d0cd,1,fix.parse::column:event_key,"{""applies_to_findings"":[""schema.parse_failures::column:event_key""],""description"":""Canonical coercion failures undermine usable values. Affected: event_key."",""estimated_effort"":""M"",""expected_score_gain"":6.03,""id"":""fix.parse::column:event_key"",""pipeline_steps"":[{""action"":""schema.correct_parsing"",""params"":{""affected_columns"":[""event_key""]}}],""steps"":[""Review event_key."",""Review failed values and correct the source representation or parsing rules."",""Re-run TADR after the change.""],""title"":""Correct parsing""}"
group.time.r499.n10000.csv,run-c1066d9fc176bd075bd23e93de6f08d72d919d1664ce090a8dcd6b207b0963ef,0,fix.parse::column:event_key,"{""applies_to_findings"":[""schema.parse_failures::column:event_key""],""description"":""Canonical coercion failures undermine usable values. Affected: event_key."",""estimated_effort"":""M"",""expected_score_gain"":6.03,""id"":""fix.parse::column:event_key"",""pipeline_steps"":[{""action"":""schema.correct_parsing"",""params"":{""affected_columns"":[""event_key""]}}],""steps"":[""Review event_key."",""Review failed values and correct the source representation or parsing rules."",""Re-run TADR after the change.""],""title"":""Correct parsing""}"
group.time.r499.n10000.pqstr,run-e4cdabdb3337e6d74218952f1314ca0913a7a7de44a09f49e0fca0ae2c4b50e9,0,fix.parse::column:event_key,"{""applies_to_findings"":[""schema.parse_failures::column:event_key""],""description"":""Canonical coercion failures undermine usable values. Affected: event_key."",""estimated_effort"":""M"",""expected_score_gain"":6.03,""id"":""fix.parse::column:event_key"",""pipeline_steps"":[{""action"":""schema.correct_parsing"",""params"":{""affected_columns"":[""event_key""]}}],""steps"":[""Review event_key."",""Review failed values and correct the source representation or parsing rules."",""Re-run TADR after the change.""],""title"":""Correct parsing""}"
group.time.r500.n10000.csv,run-d5f8f29e7dac168b4f81f4f3011c32ef95aeadba9bce4721564536eb6541a116,0,fix.group-split::entity:entity_key,"{""applies_to_findings"":[""split.group_split_recommended::entity:entity_key""],""description"":""Repeated entities can appear in both training and evaluation. Affected: entity_key."",""estimated_effort"":""S"",""expected_score_gain"":6.34,""id"":""fix.group-split::entity:entity_key"",""pipeline_steps"":[{""action"":""split.group_based"",""params"":{""affected_columns"":[""entity_key""]}}],""steps"":[""Review entity_key."",""Partition by the entity key so each entity belongs to only one split."",""Re-run TADR after the change.""],""title"":""Use a group-based split""}"
group.time.r500.n10000.csv,run-d5f8f29e7dac168b4f81f4f3011c32ef95aeadba9bce4721564536eb6541a116,1,fix.parse::column:event_key,"{""applies_to_findings"":[""schema.parse_failures::column:event_key""],""description"":""Canonical coercion failures undermine usable values. Affected: event_key."",""estimated_effort"":""M"",""expected_score_gain"":6.03,""id"":""fix.parse::column:event_key"",""pipeline_steps"":[{""action"":""schema.correct_parsing"",""params"":{""affected_columns"":[""event_key""]}}],""steps"":[""Review event_key."",""Review failed values and correct the source representation or parsing rules."",""Re-run TADR after the change.""],""title"":""Correct parsing""}"
group.time.r500.n10000.pqstr,run-451143d4870ebf0d2f55e41021578a7783493b8584a4df672d70a3abd2cbd9f1,0,fix.group-split::entity:entity_key,"{""applies_to_findings"":[""split.group_split_recommended::entity:entity_key""],""description"":""Repeated entities can appear in both training and evaluation. Affected: entity_key."",""estimated_effort"":""S"",""expected_score_gain"":6.34,""id"":""fix.group-split::entity:entity_key"",""pipeline_steps"":[{""action"":""split.group_based"",""params"":{""affected_columns"":[""entity_key""]}}],""steps"":[""Review entity_key."",""Partition by the entity key so each entity belongs to only one split."",""Re-run TADR after the change.""],""title"":""Use a group-based split""}"
group.time.r500.n10000.pqstr,run-451143d4870ebf0d2f55e41021578a7783493b8584a4df672d70a3abd2cbd9f1,1,fix.parse::column:event_key,"{""applies_to_findings"":[""schema.parse_failures::column:event_key""],""description"":""Canonical coercion failures undermine usable values. Affected: event_key."",""estimated_effort"":""M"",""expected_score_gain"":6.03,""id"":""fix.parse::column:event_key"",""pipeline_steps"":[{""action"":""schema.correct_parsing"",""params"":{""affected_columns"":[""event_key""]}}],""steps"":[""Review event_key."",""Review failed values and correct the source representation or parsing rules."",""Re-run TADR after the change.""],""title"":""Correct parsing""}"
group.time.r501.n10000.csv,run-78379141d6a8c9596b6ca394844f63bce5e84d3f59b261f931451ef9035e9582,0,fix.group-split::entity:entity_key,"{""applies_to_findings"":[""split.group_split_recommended::entity:entity_key""],""description"":""Repeated entities can appear in both training and evaluation. Affected: entity_key."",""estimated_effort"":""S"",""expected_score_gain"":6.34,""id"":""fix.group-split::entity:entity_key"",""pipeline_steps"":[{""action"":""split.group_based"",""params"":{""affected_columns"":[""entity_key""]}}],""steps"":[""Review entity_key."",""Partition by the entity key so each entity belongs to only one split."",""Re-run TADR after the change.""],""title"":""Use a group-based split""}"
group.time.r501.n10000.csv,run-78379141d6a8c9596b6ca394844f63bce5e84d3f59b261f931451ef9035e9582,1,fix.parse::column:event_key,"{""applies_to_findings"":[""schema.parse_failures::column:event_key""],""description"":""Canonical coercion failures undermine usable values. Affected: event_key."",""estimated_effort"":""M"",""expected_score_gain"":6.03,""id"":""fix.parse::column:event_key"",""pipeline_steps"":[{""action"":""schema.correct_parsing"",""params"":{""affected_columns"":[""event_key""]}}],""steps"":[""Review event_key."",""Review failed values and correct the source representation or parsing rules."",""Re-run TADR after the change.""],""title"":""Correct parsing""}"
group.time.r501.n10000.pqstr,run-d5e45cc4d6ce1ea70818efe02b0206bf5330d43a2d54c9447e6bfe62c7af58cb,0,fix.group-split::entity:entity_key,"{""applies_to_findings"":[""split.group_split_recommended::entity:entity_key""],""description"":""Repeated entities can appear in both training and evaluation. Affected: entity_key."",""estimated_effort"":""S"",""expected_score_gain"":6.34,""id"":""fix.group-split::entity:entity_key"",""pipeline_steps"":[{""action"":""split.group_based"",""params"":{""affected_columns"":[""entity_key""]}}],""steps"":[""Review entity_key."",""Partition by the entity key so each entity belongs to only one split."",""Re-run TADR after the change.""],""title"":""Use a group-based split""}"
group.time.r501.n10000.pqstr,run-d5e45cc4d6ce1ea70818efe02b0206bf5330d43a2d54c9447e6bfe62c7af58cb,1,fix.parse::column:event_key,"{""applies_to_findings"":[""schema.parse_failures::column:event_key""],""description"":""Canonical coercion failures undermine usable values. Affected: event_key."",""estimated_effort"":""M"",""expected_score_gain"":6.03,""id"":""fix.parse::column:event_key"",""pipeline_steps"":[{""action"":""schema.correct_parsing"",""params"":{""affected_columns"":[""event_key""]}}],""steps"":[""Review event_key."",""Review failed values and correct the source representation or parsing rules."",""Re-run TADR after the change.""],""title"":""Correct parsing""}"
identifier.measurement.u9800.n10000.csv,run-ac02c3b7d0565923a3f9915f3aad7084eaaa6f7f09338d3b28cc73794f21a8ec,0,fix.identifier::column:measurement,"{""applies_to_findings"":[""schema.id_like_high_cardinality::column:measurement""],""description"":""Near-unique values may represent an operational identifier. Affected: measurement."",""estimated_effort"":""S"",""expected_score_gain"":0.48,""id"":""fix.identifier::column:measurement"",""pipeline_steps"":[{""action"":""schema.review_identifier"",""params"":{""affected_columns"":[""measurement""]}}],""steps"":[""Review measurement."",""Review the column role and declare confirmed identifiers in the task intent."",""Re-run TADR after the change.""],""title"":""Review identifier role""}"
identifier.measurement.u9800.n10000.pqstr,run-92f252556e1f18ac50bd73f2463f02b2ebeaf4797f7c5871ea55df48427e5a91,0,fix.identifier::column:measurement,"{""applies_to_findings"":[""schema.id_like_high_cardinality::column:measurement""],""description"":""Near-unique values may represent an operational identifier. Affected: measurement."",""estimated_effort"":""S"",""expected_score_gain"":0.48,""id"":""fix.identifier::column:measurement"",""pipeline_steps"":[{""action"":""schema.review_identifier"",""params"":{""affected_columns"":[""measurement""]}}],""steps"":[""Review measurement."",""Review the column role and declare confirmed identifiers in the task intent."",""Re-run TADR after the change.""],""title"":""Review identifier role""}"
identifier.measurement.u9801.n10000.csv,run-6e76bc616ef60ddbac64f9c4ffca5329ccdfa7b1debbde1f07f2c2e060061f0a,0,fix.identifier::column:measurement,"{""applies_to_findings"":[""schema.id_like_high_cardinality::column:measurement""],""description"":""Near-unique values may represent an operational identifier. Affected: measurement."",""estimated_effort"":""S"",""expected_score_gain"":0.48,""id"":""fix.identifier::column:measurement"",""pipeline_steps"":[{""action"":""schema.review_identifier"",""params"":{""affected_columns"":[""measurement""]}}],""steps"":[""Review measurement."",""Review the column role and declare confirmed identifiers in the task intent."",""Re-run TADR after the change.""],""title"":""Review identifier role""}"
identifier.measurement.u9801.n10000.pqstr,run-eba3b41afe7f22f759cf03ca10e5594be680d6a91875081b8175fb61e3c0db20,0,fix.identifier::column:measurement,"{""applies_to_findings"":[""schema.id_like_high_cardinality::column:measurement""],""description"":""Near-unique values may represent an operational identifier. Affected: measurement."",""estimated_effort"":""S"",""expected_score_gain"":0.48,""id"":""fix.identifier::column:measurement"",""pipeline_steps"":[{""action"":""schema.review_identifier"",""params"":{""affected_columns"":[""measurement""]}}],""steps"":[""Review measurement."",""Review the column role and declare confirmed identifiers in the task intent."",""Re-run TADR after the change.""],""title"":""Review identifier role""}"
identifier.probe_id.u9800.n10000.csv,run-ae4b3f36f6b2a4f434fc5e581f8148fd9ad2e2074fe6bde8508862af273b2c29,0,fix.identifier::column:probe_id,"{""applies_to_findings"":[""schema.id_like_high_cardinality::column:probe_id""],""description"":""Near-unique values may represent an operational identifier. Affected: probe_id."",""estimated_effort"":""S"",""expected_score_gain"":1.51,""id"":""fix.identifier::column:probe_id"",""pipeline_steps"":[{""action"":""schema.review_identifier"",""params"":{""affected_columns"":[""probe_id""]}}],""steps"":[""Review probe_id."",""Review the column role and declare confirmed identifiers in the task intent."",""Re-run TADR after the change.""],""title"":""Review identifier role""}"
identifier.probe_id.u9800.n10000.pqstr,run-a87ffda47403658e94d78b448a435db2f8f21723f9616504b0c48a3967e1f835,0,fix.identifier::column:probe_id,"{""applies_to_findings"":[""schema.id_like_high_cardinality::column:probe_id""],""description"":""Near-unique values may represent an operational identifier. Affected: probe_id."",""estimated_effort"":""S"",""expected_score_gain"":1.51,""id"":""fix.identifier::column:probe_id"",""pipeline_steps"":[{""action"":""schema.review_identifier"",""params"":{""affected_columns"":[""probe_id""]}}],""steps"":[""Review probe_id."",""Review the column role and declare confirmed identifiers in the task intent."",""Re-run TADR after the change.""],""title"":""Review identifier role""}"
identifier.probe_id.u9801.n10000.csv,run-3af5784b701f5bc26b6a113801a936cbad6b17f5baa6a9e8079fb72c8871a44f,0,fix.identifier::column:probe_id,"{""applies_to_findings"":[""schema.id_like_high_cardinality::column:probe_id""],""description"":""Near-unique values may represent an operational identifier. Affected: probe_id."",""estimated_effort"":""S"",""expected_score_gain"":1.51,""id"":""fix.identifier::column:probe_id"",""pipeline_steps"":[{""action"":""schema.review_identifier"",""params"":{""affected_columns"":[""probe_id""]}}],""steps"":[""Review probe_id."",""Review the column role and declare confirmed identifiers in the task intent."",""Re-run TADR after the change.""],""title"":""Review identifier role""}"
identifier.probe_id.u9801.n10000.pqstr,run-2bc18d65689355977e6770c65bf69a2b8145af603ab30e32ceee5c84c3c0a47b,0,fix.identifier::column:probe_id,"{""applies_to_findings"":[""schema.id_like_high_cardinality::column:probe_id""],""description"":""Near-unique values may represent an operational identifier. Affected: probe_id."",""estimated_effort"":""S"",""expected_score_gain"":1.51,""id"":""fix.identifier::column:probe_id"",""pipeline_steps"":[{""action"":""schema.review_identifier"",""params"":{""affected_columns"":[""probe_id""]}}],""steps"":[""Review probe_id."",""Review the column role and declare confirmed identifiers in the task intent."",""Re-run TADR after the change.""],""title"":""Review identifier role""}"
identifier.support.n100.csv,run-e0a14d7cc816bcc4fc08fb88cb893cb2dd0767648f33c990736536e17a5e3d8c,0,fix.identifier::column:probe_id,"{""applies_to_findings"":[""schema.id_like_high_cardinality::column:probe_id""],""description"":""Near-unique values may represent an operational identifier. Affected: probe_id."",""estimated_effort"":""S"",""expected_score_gain"":1.3,""id"":""fix.identifier::column:probe_id"",""pipeline_steps"":[{""action"":""schema.review_identifier"",""params"":{""affected_columns"":[""probe_id""]}}],""steps"":[""Review probe_id."",""Review the column role and declare confirmed identifiers in the task intent."",""Re-run TADR after the change.""],""title"":""Review identifier role""}"
identifier.support.n100.pqstr,run-5963ad6971d35f5163b512d87c4cc5f40c6615eda142d468f61fb1c73b514235,0,fix.identifier::column:probe_id,"{""applies_to_findings"":[""schema.id_like_high_cardinality::column:probe_id""],""description"":""Near-unique values may represent an operational identifier. Affected: probe_id."",""estimated_effort"":""S"",""expected_score_gain"":1.3,""id"":""fix.identifier::column:probe_id"",""pipeline_steps"":[{""action"":""schema.review_identifier"",""params"":{""affected_columns"":[""probe_id""]}}],""steps"":[""Review probe_id."",""Review the column role and declare confirmed identifiers in the task intent."",""Re-run TADR after the change.""],""title"":""Review identifier role""}"
inference.analytics.empty.n10000.csv,run-95e70b2de436e345b876aab6c75516334b99cf6c4936bbe894bda4fab3fe419a,0,fix.inference-columns::columns:coord_a|coord_b|coord_c|event_time|flag|segment|signal_x|signal_z,"{""applies_to_findings"":[""inference.missing_at_inference::column:coord_a"",""inference.missing_at_inference::column:coord_b"",""inference.missing_at_inference::column:coord_c"",""inference.missing_at_inference::column:event_time"",""inference.missing_at_inference::column:flag"",""inference.missing_at_inference::column:segment"",""inference.missing_at_inference::column:signal_x"",""inference.missing_at_inference::column:signal_z""],""description"":""Expected features are unavailable at inference. Affected: coord_a, coord_b, coord_c, event_time, flag, segment, signal_x, signal_z."",""estimated_effort"":""S"",""expected_score_gain"":172.97,""id"":""fix.inference-columns::columns:coord_a|coord_b|coord_c|event_time|flag|segment|signal_x|signal_z"",""pipeline_steps"":[{""action"":""inference.align_columns"",""params"":{""affected_columns"":[""coord_a"",""coord_b"",""coord_c"",""event_time"",""flag"",""segment"",""signal_x"",""signal_z""]}}],""steps"":[""Review coord_a, coord_b, coord_c, event_time, flag, segment, signal_x, signal_z."",""Remove unavailable features from model inputs or align the inference pipeline to provide them."",""Re-run TADR after the change.""],""title"":""Align inference columns""}"
inference.analytics.empty.n10000.pqstr,run-bf1998664db2e488c180db5957569ba27587503b3b2f22347d6cea5f3cf5d180,0,fix.inference-columns::columns:coord_a|coord_b|coord_c|event_time|flag|segment|signal_x|signal_z,"{""applies_to_findings"":[""inference.missing_at_inference::column:coord_a"",""inference.missing_at_inference::column:coord_b"",""inference.missing_at_inference::column:coord_c"",""inference.missing_at_inference::column:event_time"",""inference.missing_at_inference::column:flag"",""inference.missing_at_inference::column:segment"",""inference.missing_at_inference::column:signal_x"",""inference.missing_at_inference::column:signal_z""],""description"":""Expected features are unavailable at inference. Affected: coord_a, coord_b, coord_c, event_time, flag, segment, signal_x, signal_z."",""estimated_effort"":""S"",""expected_score_gain"":172.97,""id"":""fix.inference-columns::columns:coord_a|coord_b|coord_c|event_time|flag|segment|signal_x|signal_z"",""pipeline_steps"":[{""action"":""inference.align_columns"",""params"":{""affected_columns"":[""coord_a"",""coord_b"",""coord_c"",""event_time"",""flag"",""segment"",""signal_x"",""signal_z""]}}],""steps"":[""Review coord_a, coord_b, coord_c, event_time, flag, segment, signal_x, signal_z."",""Remove unavailable features from model inputs or align the inference pipeline to provide them."",""Re-run TADR after the change.""],""title"":""Align inference columns""}"
inference.analytics.omit_one.n10000.csv,run-17eab007e4970e2da474a071afdd8141b16b4ffd1ddce8780880b21a4bd9c1bd,0,fix.inference-columns::column:signal_x,"{""applies_to_findings"":[""inference.missing_at_inference::column:signal_x""],""description"":""Expected features are unavailable at inference. Affected: signal_x."",""estimated_effort"":""S"",""expected_score_gain"":21.62,""id"":""fix.inference-columns::column:signal_x"",""pipeline_steps"":[{""action"":""inference.align_columns"",""params"":{""affected_columns"":[""signal_x""]}}],""steps"":[""Review signal_x."",""Remove unavailable features from model inputs or align the inference pipeline to provide them."",""Re-run TADR after the change.""],""title"":""Align inference columns""}"
inference.analytics.omit_one.n10000.pqstr,run-afc1d30408af1864b815a8c1a49963cf37da3a1f70c9518c8b97d0dfe9f0941e,0,fix.inference-columns::column:signal_x,"{""applies_to_findings"":[""inference.missing_at_inference::column:signal_x""],""description"":""Expected features are unavailable at inference. Affected: signal_x."",""estimated_effort"":""S"",""expected_score_gain"":21.62,""id"":""fix.inference-columns::column:signal_x"",""pipeline_steps"":[{""action"":""inference.align_columns"",""params"":{""affected_columns"":[""signal_x""]}}],""steps"":[""Review signal_x."",""Remove unavailable features from model inputs or align the inference pipeline to provide them."",""Re-run TADR after the change.""],""title"":""Align inference columns""}"
inference.analytics.omit_two.n10000.csv,run-a0c28f323e79fe36b8e64fc4a77c5bf3ea0959a082390f1020eb62a00a485218,0,fix.inference-columns::columns:signal_x|signal_z,"{""applies_to_findings"":[""inference.missing_at_inference::column:signal_x"",""inference.missing_at_inference::column:signal_z""],""description"":""Expected features are unavailable at inference. Affected: signal_x, signal_z."",""estimated_effort"":""S"",""expected_score_gain"":43.24,""id"":""fix.inference-columns::columns:signal_x|signal_z"",""pipeline_steps"":[{""action"":""inference.align_columns"",""params"":{""affected_columns"":[""signal_x"",""signal_z""]}}],""steps"":[""Review signal_x, signal_z."",""Remove unavailable features from model inputs or align the inference pipeline to provide them."",""Re-run TADR after the change.""],""title"":""Align inference columns""}"
inference.analytics.omit_two.n10000.pqstr,run-a119362515a993c9bef359e2c11242a4ae616ee5016a4c1d8110466c6f233de7,0,fix.inference-columns::columns:signal_x|signal_z,"{""applies_to_findings"":[""inference.missing_at_inference::column:signal_x"",""inference.missing_at_inference::column:signal_z""],""description"":""Expected features are unavailable at inference. Affected: signal_x, signal_z."",""estimated_effort"":""S"",""expected_score_gain"":43.24,""id"":""fix.inference-columns::columns:signal_x|signal_z"",""pipeline_steps"":[{""action"":""inference.align_columns"",""params"":{""affected_columns"":[""signal_x"",""signal_z""]}}],""steps"":[""Review signal_x, signal_z."",""Remove unavailable features from model inputs or align the inference pipeline to provide them."",""Re-run TADR after the change.""],""title"":""Align inference columns""}"
inference.analytics.roles_only_excluded.n10000.csv,run-e0aca10476a5f537828ea2578e7cf58d95136d6af65e6c18023d980af9c89ca8,0,fix.parse::column:event_key,"{""applies_to_findings"":[""schema.parse_failures::column:event_key""],""description"":""Canonical coercion failures undermine usable values. Affected: event_key."",""estimated_effort"":""M"",""expected_score_gain"":6.03,""id"":""fix.parse::column:event_key"",""pipeline_steps"":[{""action"":""schema.correct_parsing"",""params"":{""affected_columns"":[""event_key""]}}],""steps"":[""Review event_key."",""Review failed values and correct the source representation or parsing rules."",""Re-run TADR after the change.""],""title"":""Correct parsing""}"
inference.analytics.roles_only_excluded.n10000.pqstr,run-d7ecf5c297ea72646474c320e857afcc0c0c52fa99ae4e1866fc4dd81e0e66ae,0,fix.parse::column:event_key,"{""applies_to_findings"":[""schema.parse_failures::column:event_key""],""description"":""Canonical coercion failures undermine usable values. Affected: event_key."",""estimated_effort"":""M"",""expected_score_gain"":6.03,""id"":""fix.parse::column:event_key"",""pipeline_steps"":[{""action"":""schema.correct_parsing"",""params"":{""affected_columns"":[""event_key""]}}],""steps"":[""Review event_key."",""Review failed values and correct the source representation or parsing rules."",""Re-run TADR after the change.""],""title"":""Correct parsing""}"
inference.classification.omit_one.n10000.csv,run-777e934f3a79cf1883114bea1ed4ff21f49ef11b32e26f17c4e17a016598e278,0,fix.inference-columns::column:signal_x,"{""applies_to_findings"":[""inference.missing_at_inference::column:signal_x""],""description"":""Expected features are unavailable at inference. Affected: signal_x."",""estimated_effort"":""S"",""expected_score_gain"":21.62,""id"":""fix.inference-columns::column:signal_x"",""pipeline_steps"":[{""action"":""inference.align_columns"",""params"":{""affected_columns"":[""signal_x""]}}],""steps"":[""Review signal_x."",""Remove unavailable features from model inputs or align the inference pipeline to provide them."",""Re-run TADR after the change.""],""title"":""Align inference columns""}"
inference.classification.omit_one.n10000.pqstr,run-b8106f2101b8a8b03b9925280cc33f3173026d0dba7bb843013f26a055643103,0,fix.inference-columns::column:signal_x,"{""applies_to_findings"":[""inference.missing_at_inference::column:signal_x""],""description"":""Expected features are unavailable at inference. Affected: signal_x."",""estimated_effort"":""S"",""expected_score_gain"":21.62,""id"":""fix.inference-columns::column:signal_x"",""pipeline_steps"":[{""action"":""inference.align_columns"",""params"":{""affected_columns"":[""signal_x""]}}],""steps"":[""Review signal_x."",""Remove unavailable features from model inputs or align the inference pipeline to provide them."",""Re-run TADR after the change.""],""title"":""Align inference columns""}"
inference.regression.omit_one.n10000.csv,run-5d7ba4ecf46cea47bce1b47b547e04d51968e58aabad8e28bfba576bd85eb6a7,0,fix.inference-columns::column:signal_x,"{""applies_to_findings"":[""inference.missing_at_inference::column:signal_x""],""description"":""Expected features are unavailable at inference. Affected: signal_x."",""estimated_effort"":""S"",""expected_score_gain"":21.62,""id"":""fix.inference-columns::column:signal_x"",""pipeline_steps"":[{""action"":""inference.align_columns"",""params"":{""affected_columns"":[""signal_x""]}}],""steps"":[""Review signal_x."",""Remove unavailable features from model inputs or align the inference pipeline to provide them."",""Re-run TADR after the change.""],""title"":""Align inference columns""}"
inference.regression.omit_one.n10000.pqstr,run-a678fde9f30cff89a148eb8597a5064635959b5d0c8d48433f0420597cb2b5d5,0,fix.inference-columns::column:signal_x,"{""applies_to_findings"":[""inference.missing_at_inference::column:signal_x""],""description"":""Expected features are unavailable at inference. Affected: signal_x."",""estimated_effort"":""S"",""expected_score_gain"":21.62,""id"":""fix.inference-columns::column:signal_x"",""pipeline_steps"":[{""action"":""inference.align_columns"",""params"":{""affected_columns"":[""signal_x""]}}],""steps"":[""Review signal_x."",""Remove unavailable features from model inputs or align the inference pipeline to provide them."",""Re-run TADR after the change.""],""title"":""Align inference columns""}"
inference.time_series.omit_one.n10000.csv,run-4b23ea62002a6a2f31d22ac4b4e856878741cd4fa739fdf493c8ae656023adc2,0,fix.inference-columns::column:signal_x,"{""applies_to_findings"":[""inference.missing_at_inference::column:signal_x""],""description"":""Expected features are unavailable at inference. Affected: signal_x."",""estimated_effort"":""S"",""expected_score_gain"":21.62,""id"":""fix.inference-columns::column:signal_x"",""pipeline_steps"":[{""action"":""inference.align_columns"",""params"":{""affected_columns"":[""signal_x""]}}],""steps"":[""Review signal_x."",""Remove unavailable features from model inputs or align the inference pipeline to provide them."",""Re-run TADR after the change.""],""title"":""Align inference columns""}"
inference.time_series.omit_one.n10000.pqstr,run-c11a6f7ea9753f423fae3122a238d88116e6bc4e97b9d99e029a401383d0c920,0,fix.inference-columns::column:signal_x,"{""applies_to_findings"":[""inference.missing_at_inference::column:signal_x""],""description"":""Expected features are unavailable at inference. Affected: signal_x."",""estimated_effort"":""S"",""expected_score_gain"":21.62,""id"":""fix.inference-columns::column:signal_x"",""pipeline_steps"":[{""action"":""inference.align_columns"",""params"":{""affected_columns"":[""signal_x""]}}],""steps"":[""Review signal_x."",""Remove unavailable features from model inputs or align the inference pipeline to provide them."",""Re-run TADR after the change.""],""title"":""Align inference columns""}"
leak.control.bool_numeric_mapping.n10000.csv,run-591ca1456ba2dc8020eb1f4e67c16ac26f48ae811e8583057de3404020f16c00,0,fix.remove-feature::column:probe_x,"{""applies_to_findings"":[""leakage.target_direct::column:probe_x""],""description"":""Direct target representations compromise evaluation. Affected: probe_x."",""estimated_effort"":""S"",""expected_score_gain"":23.65,""id"":""fix.remove-feature::column:probe_x"",""pipeline_steps"":[{""action"":""leakage.remove_feature"",""params"":{""affected_columns"":[""probe_x""]}}],""steps"":[""Review probe_x."",""Exclude the target-leaking features from training and inference inputs."",""Re-run TADR after the change.""],""title"":""Remove target-leaking features""}"
leak.control.bool_numeric_mapping.n10000.pqstr,run-c447bd77b8b8e7241c5c92821247307b7304c91329e034773e9757b9bdbedc55,0,fix.remove-feature::column:probe_x,"{""applies_to_findings"":[""leakage.target_direct::column:probe_x""],""description"":""Direct target representations compromise evaluation. Affected: probe_x."",""estimated_effort"":""S"",""expected_score_gain"":23.65,""id"":""fix.remove-feature::column:probe_x"",""pipeline_steps"":[{""action"":""leakage.remove_feature"",""params"":{""affected_columns"":[""probe_x""]}}],""steps"":[""Review probe_x."",""Exclude the target-leaking features from training and inference inputs."",""Re-run TADR after the change.""],""title"":""Remove target-leaking features""}"
leak.control.joint_mode_exceptions.n10000.csv,run-d0927f8e53773a2cc9329064b4861b71470f801be3e04be1a651f57513a4182f,0,fix.class-balance::column:y,"{""applies_to_findings"":[""quality.class_imbalance::column:y""],""description"":""Small minority classes can undermine task evaluation. Affected: y."",""estimated_effort"":""M"",""expected_score_gain"":10.48,""id"":""fix.class-balance::column:y"",""pipeline_steps"":[{""action"":""quality.address_class_imbalance"",""params"":{""affected_columns"":[""y""]}}],""steps"":[""Review y."",""Review minority-class support and plan suitable data collection and evaluation."",""Re-run TADR after the change.""],""title"":""Address class imbalance""}"
leak.control.joint_mode_exceptions.n10000.pqstr,run-2f6a493a01c942c3e405fc1e4f2621702cb37c34e991f9a4cfa77932553f129c,0,fix.class-balance::column:y,"{""applies_to_findings"":[""quality.class_imbalance::column:y""],""description"":""Small minority classes can undermine task evaluation. Affected: y."",""estimated_effort"":""M"",""expected_score_gain"":10.48,""id"":""fix.class-balance::column:y"",""pipeline_steps"":[{""action"":""quality.address_class_imbalance"",""params"":{""affected_columns"":[""y""]}}],""steps"":[""Review y."",""Review minority-class support and plan suitable data collection and evaluation."",""Re-run TADR after the change.""],""title"":""Address class imbalance""}"
leak.control.numeric_normalization.n10000.csv,run-d4b5bbba8fa574fe4f02e700bdd0dcb2859eeaa916614c131cbd2d24a7dcd3a5,0,fix.remove-feature::column:probe_x,"{""applies_to_findings"":[""leakage.target_direct::column:probe_x""],""description"":""Direct target representations compromise evaluation. Affected: probe_x."",""estimated_effort"":""S"",""expected_score_gain"":26.07,""id"":""fix.remove-feature::column:probe_x"",""pipeline_steps"":[{""action"":""leakage.remove_feature"",""params"":{""affected_columns"":[""probe_x""]}}],""steps"":[""Review probe_x."",""Exclude the target-leaking features from training and inference inputs."",""Re-run TADR after the change.""],""title"":""Remove target-leaking features""}"
leak.control.numeric_normalization.n10000.pqstr,run-8855b8060d8301a45fe589be63266d0b2cd438916d385762f1407d36362ff6d3,0,fix.remove-feature::column:probe_x,"{""applies_to_findings"":[""leakage.target_direct::column:probe_x""],""description"":""Direct target representations compromise evaluation. Affected: probe_x."",""estimated_effort"":""S"",""expected_score_gain"":26.07,""id"":""fix.remove-feature::column:probe_x"",""pipeline_steps"":[{""action"":""leakage.remove_feature"",""params"":{""affected_columns"":[""probe_x""]}}],""steps"":[""Review probe_x."",""Exclude the target-leaking features from training and inference inputs."",""Re-run TADR after the change.""],""title"":""Remove target-leaking features""}"
leak.control.support200.csv,run-ff73e540a31ef46fb119b4f92c42a96629ff0ef447ef971ad0d7e5ddeadce2b4,0,fix.remove-feature::column:probe_x,"{""applies_to_findings"":[""leakage.target_direct::column:probe_x""],""description"":""Direct target representations compromise evaluation. Affected: probe_x."",""estimated_effort"":""S"",""expected_score_gain"":24.73,""id"":""fix.remove-feature::column:probe_x"",""pipeline_steps"":[{""action"":""leakage.remove_feature"",""params"":{""affected_columns"":[""probe_x""]}}],""steps"":[""Review probe_x."",""Exclude the target-leaking features from training and inference inputs."",""Re-run TADR after the change.""],""title"":""Remove target-leaking features""}"
leak.control.support200.pqstr,run-479af9700a9c02663b43400561117fcbb4aaa039651487a366f1c564c578799f,0,fix.remove-feature::column:probe_x,"{""applies_to_findings"":[""leakage.target_direct::column:probe_x""],""description"":""Direct target representations compromise evaluation. Affected: probe_x."",""estimated_effort"":""S"",""expected_score_gain"":24.73,""id"":""fix.remove-feature::column:probe_x"",""pipeline_steps"":[{""action"":""leakage.remove_feature"",""params"":{""affected_columns"":[""probe_x""]}}],""steps"":[""Review probe_x."",""Exclude the target-leaking features from training and inference inputs."",""Re-run TADR after the change.""],""title"":""Remove target-leaking features""}"
leak.control.support49.csv,run-ed396a20e461ca4e4a4541696b75ede753d25afd7ebdf67a7702b14e031d345c,0,fix.remove-feature::column:probe_x,"{""applies_to_findings"":[""leakage.target_direct::column:probe_x""],""description"":""Direct target representations compromise evaluation. Affected: probe_x."",""estimated_effort"":""S"",""expected_score_gain"":18.28,""id"":""fix.remove-feature::column:probe_x"",""pipeline_steps"":[{""action"":""leakage.remove_feature"",""params"":{""affected_columns"":[""probe_x""]}}],""steps"":[""Review probe_x."",""Exclude the target-leaking features from training and inference inputs."",""Re-run TADR after the change.""],""title"":""Remove target-leaking features""}"
leak.control.support49.pqstr,run-d437d23dfec9edece0852763a942207e534a098fe9861b0f0161e6991350f689,0,fix.remove-feature::column:probe_x,"{""applies_to_findings"":[""leakage.target_direct::column:probe_x""],""description"":""Direct target representations compromise evaluation. Affected: probe_x."",""estimated_effort"":""S"",""expected_score_gain"":18.28,""id"":""fix.remove-feature::column:probe_x"",""pipeline_steps"":[{""action"":""leakage.remove_feature"",""params"":{""affected_columns"":[""probe_x""]}}],""steps"":[""Review probe_x."",""Exclude the target-leaking features from training and inference inputs."",""Re-run TADR after the change.""],""title"":""Remove target-leaking features""}"
leak.control.support50.csv,run-abc2781676489c2530924b00b2376fb0b02d2f8a9ab1e8775596f6d0069d4f8b,0,fix.remove-feature::column:probe_x,"{""applies_to_findings"":[""leakage.target_direct::column:probe_x""],""description"":""Direct target representations compromise evaluation. Affected: probe_x."",""estimated_effort"":""S"",""expected_score_gain"":22.04,""id"":""fix.remove-feature::column:probe_x"",""pipeline_steps"":[{""action"":""leakage.remove_feature"",""params"":{""affected_columns"":[""probe_x""]}}],""steps"":[""Review probe_x."",""Exclude the target-leaking features from training and inference inputs."",""Re-run TADR after the change.""],""title"":""Remove target-leaking features""}"
leak.control.support50.pqstr,run-7129f0d048148867bc462c07b530dbdb794c04a78c13a9278cc557b1a94da172,0,fix.remove-feature::column:probe_x,"{""applies_to_findings"":[""leakage.target_direct::column:probe_x""],""description"":""Direct target representations compromise evaluation. Affected: probe_x."",""estimated_effort"":""S"",""expected_score_gain"":22.04,""id"":""fix.remove-feature::column:probe_x"",""pipeline_steps"":[{""action"":""leakage.remove_feature"",""params"":{""affected_columns"":[""probe_x""]}}],""steps"":[""Review probe_x."",""Exclude the target-leaking features from training and inference inputs."",""Re-run TADR after the change.""],""title"":""Remove target-leaking features""}"
leak.control.zero_pairs.n10000.csv,run-755bcd5ed1b81de76a44e7890fae8897333a4b74f065e7135a24b79fe3bde192,0,fix.missingness::column:probe_x,"{""applies_to_findings"":[""quality.high_missingness::column:probe_x""],""description"":""Missing values reduce usable information. Affected: probe_x."",""estimated_effort"":""M"",""expected_score_gain"":10.48,""id"":""fix.missingness::column:probe_x"",""pipeline_steps"":[{""action"":""quality.handle_missingness"",""params"":{""affected_columns"":[""probe_x""]}}],""steps"":[""Review probe_x."",""Review the cause of missing values and choose appropriate handling; do not impute targets by default."",""Re-run TADR after the change.""],""title"":""Handle missing values""}"
leak.control.zero_pairs.n10000.pqstr,run-be261515b75492befedad23b59449e731204b36dc3d08c26dd1aa3548152eca9,0,fix.missingness::column:probe_x,"{""applies_to_findings"":[""quality.high_missingness::column:probe_x""],""description"":""Missing values reduce usable information. Affected: probe_x."",""estimated_effort"":""M"",""expected_score_gain"":10.48,""id"":""fix.missingness::column:probe_x"",""pipeline_steps"":[{""action"":""quality.handle_missingness"",""params"":{""affected_columns"":[""probe_x""]}}],""steps"":[""Review probe_x."",""Review the cause of missing values and choose appropriate handling; do not impute targets by default."",""Re-run TADR after the change.""],""title"":""Handle missing values""}"
leak.equality.m10000.n10000.csv,run-0fde8b6381ab32e239fd1012c6cda218e233e08879ee70997da8012839dd7db7,0,fix.remove-feature::column:probe_x,"{""applies_to_findings"":[""leakage.target_direct::column:probe_x""],""description"":""Direct target representations compromise evaluation. Affected: probe_x."",""estimated_effort"":""S"",""expected_score_gain"":26.07,""id"":""fix.remove-feature::column:probe_x"",""pipeline_steps"":[{""action"":""leakage.remove_feature"",""params"":{""affected_columns"":[""probe_x""]}}],""steps"":[""Review probe_x."",""Exclude the target-leaking features from training and inference inputs."",""Re-run TADR after the change.""],""title"":""Remove target-leaking features""}"
leak.equality.m10000.n10000.pqstr,run-dd7fdbfddff3edd25a8c04ee3531f60576f8221c71fdd39497d3f849bba6cb61,0,fix.remove-feature::column:probe_x,"{""applies_to_findings"":[""leakage.target_direct::column:probe_x""],""description"":""Direct target representations compromise evaluation. Affected: probe_x."",""estimated_effort"":""S"",""expected_score_gain"":26.07,""id"":""fix.remove-feature::column:probe_x"",""pipeline_steps"":[{""action"":""leakage.remove_feature"",""params"":{""affected_columns"":[""probe_x""]}}],""steps"":[""Review probe_x."",""Exclude the target-leaking features from training and inference inputs."",""Re-run TADR after the change.""],""title"":""Remove target-leaking features""}"
leak.equality.m9990.n10000.csv,run-a3d3f7c7f25b7e399d39cfab08cda3a415b1ccd971fd6e9e0724c74c267d839b,0,fix.remove-feature::column:probe_x,"{""applies_to_findings"":[""leakage.target_direct::column:probe_x""],""description"":""Direct target representations compromise evaluation. Affected: probe_x."",""estimated_effort"":""S"",""expected_score_gain"":26.07,""id"":""fix.remove-feature::column:probe_x"",""pipeline_steps"":[{""action"":""leakage.remove_feature"",""params"":{""affected_columns"":[""probe_x""]}}],""steps"":[""Review probe_x."",""Exclude the target-leaking features from training and inference inputs."",""Re-run TADR after the change.""],""title"":""Remove target-leaking features""}"
leak.equality.m9990.n10000.pqstr,run-38cc7e8d6781bdfaad47e78f152b0eb9d0256dbd3e243f5a2038f0d32aa22b32,0,fix.remove-feature::column:probe_x,"{""applies_to_findings"":[""leakage.target_direct::column:probe_x""],""description"":""Direct target representations compromise evaluation. Affected: probe_x."",""estimated_effort"":""S"",""expected_score_gain"":26.07,""id"":""fix.remove-feature::column:probe_x"",""pipeline_steps"":[{""action"":""leakage.remove_feature"",""params"":{""affected_columns"":[""probe_x""]}}],""steps"":[""Review probe_x."",""Exclude the target-leaking features from training and inference inputs."",""Re-run TADR after the change.""],""title"":""Remove target-leaking features""}"
leak.equality.m9991.n10000.csv,run-0ad696cae43514f6638ba7218932b42756b38105b074735b489b3f0652e35514,0,fix.remove-feature::column:probe_x,"{""applies_to_findings"":[""leakage.target_direct::column:probe_x""],""description"":""Direct target representations compromise evaluation. Affected: probe_x."",""estimated_effort"":""S"",""expected_score_gain"":26.07,""id"":""fix.remove-feature::column:probe_x"",""pipeline_steps"":[{""action"":""leakage.remove_feature"",""params"":{""affected_columns"":[""probe_x""]}}],""steps"":[""Review probe_x."",""Exclude the target-leaking features from training and inference inputs."",""Re-run TADR after the change.""],""title"":""Remove target-leaking features""}"
leak.equality.m9991.n10000.pqstr,run-13b8e57262e6f9806926a54be2cf43d109228407a37d7f01a13dfc1f275c2d74,0,fix.remove-feature::column:probe_x,"{""applies_to_findings"":[""leakage.target_direct::column:probe_x""],""description"":""Direct target representations compromise evaluation. Affected: probe_x."",""estimated_effort"":""S"",""expected_score_gain"":26.07,""id"":""fix.remove-feature::column:probe_x"",""pipeline_steps"":[{""action"":""leakage.remove_feature"",""params"":{""affected_columns"":[""probe_x""]}}],""steps"":[""Review probe_x."",""Exclude the target-leaking features from training and inference inputs."",""Re-run TADR after the change.""],""title"":""Remove target-leaking features""}"
leak.mapping.r10000.n10000.csv,run-2ccc7224d10145ac44882b8b29abe8008263354f05b4ccc9003642058fda786d,0,fix.remove-feature::column:probe_x,"{""applies_to_findings"":[""leakage.target_direct::column:probe_x""],""description"":""Direct target representations compromise evaluation. Affected: probe_x."",""estimated_effort"":""S"",""expected_score_gain"":23.65,""id"":""fix.remove-feature::column:probe_x"",""pipeline_steps"":[{""action"":""leakage.remove_feature"",""params"":{""affected_columns"":[""probe_x""]}}],""steps"":[""Review probe_x."",""Exclude the target-leaking features from training and inference inputs."",""Re-run TADR after the change.""],""title"":""Remove target-leaking features""}"
leak.mapping.r10000.n10000.pqstr,run-8c2f530066c43292ee1b96a4796614f29a279e0db45b4332644e4372e3e86bdc,0,fix.remove-feature::column:probe_x,"{""applies_to_findings"":[""leakage.target_direct::column:probe_x""],""description"":""Direct target representations compromise evaluation. Affected: probe_x."",""estimated_effort"":""S"",""expected_score_gain"":23.65,""id"":""fix.remove-feature::column:probe_x"",""pipeline_steps"":[{""action"":""leakage.remove_feature"",""params"":{""affected_columns"":[""probe_x""]}}],""steps"":[""Review probe_x."",""Exclude the target-leaking features from training and inference inputs."",""Re-run TADR after the change.""],""title"":""Remove target-leaking features""}"
leak.mapping.r9990.n10000.csv,run-33aeb670da3034b422f24a467802e3faf7eff1a38ebc665ec12c81af4b1ec603,0,fix.remove-feature::column:probe_x,"{""applies_to_findings"":[""leakage.target_direct::column:probe_x""],""description"":""Direct target representations compromise evaluation. Affected: probe_x."",""estimated_effort"":""S"",""expected_score_gain"":23.65,""id"":""fix.remove-feature::column:probe_x"",""pipeline_steps"":[{""action"":""leakage.remove_feature"",""params"":{""affected_columns"":[""probe_x""]}}],""steps"":[""Review probe_x."",""Exclude the target-leaking features from training and inference inputs."",""Re-run TADR after the change.""],""title"":""Remove target-leaking features""}"
leak.mapping.r9990.n10000.pqstr,run-fa26a2e91dd0697885b1c78be3a75ab3d6f9f43fda250fe9f32e5ce22cebcfec,0,fix.remove-feature::column:probe_x,"{""applies_to_findings"":[""leakage.target_direct::column:probe_x""],""description"":""Direct target representations compromise evaluation. Affected: probe_x."",""estimated_effort"":""S"",""expected_score_gain"":23.65,""id"":""fix.remove-feature::column:probe_x"",""pipeline_steps"":[{""action"":""leakage.remove_feature"",""params"":{""affected_columns"":[""probe_x""]}}],""steps"":[""Review probe_x."",""Exclude the target-leaking features from training and inference inputs."",""Re-run TADR after the change.""],""title"":""Remove target-leaking features""}"
leak.mapping.r9991.n10000.csv,run-fec24c29e0973f201080f36769601775be8696b56fb7e2b37385d9b9bde7da0b,0,fix.remove-feature::column:probe_x,"{""applies_to_findings"":[""leakage.target_direct::column:probe_x""],""description"":""Direct target representations compromise evaluation. Affected: probe_x."",""estimated_effort"":""S"",""expected_score_gain"":23.65,""id"":""fix.remove-feature::column:probe_x"",""pipeline_steps"":[{""action"":""leakage.remove_feature"",""params"":{""affected_columns"":[""probe_x""]}}],""steps"":[""Review probe_x."",""Exclude the target-leaking features from training and inference inputs."",""Re-run TADR after the change.""],""title"":""Remove target-leaking features""}"
leak.mapping.r9991.n10000.pqstr,run-88afcf92bb07e35ea101c6df7c291bb7d0a6f1c2f501be2592d7bbdc7f90d2a2,0,fix.remove-feature::column:probe_x,"{""applies_to_findings"":[""leakage.target_direct::column:probe_x""],""description"":""Direct target representations compromise evaluation. Affected: probe_x."",""estimated_effort"":""S"",""expected_score_gain"":23.65,""id"":""fix.remove-feature::column:probe_x"",""pipeline_steps"":[{""action"":""leakage.remove_feature"",""params"":{""affected_columns"":[""probe_x""]}}],""steps"":[""Review probe_x."",""Exclude the target-leaking features from training and inference inputs."",""Re-run TADR after the change.""],""title"":""Remove target-leaking features""}"
missing.feature.m1000.n10000.csv,run-884acadab78297496fd401ce78c311f1cd4d047c0cc7d07ab90c3139370bc13b,0,fix.missingness::column:signal_x,"{""applies_to_findings"":[""quality.high_missingness::column:signal_x""],""description"":""Missing values reduce usable information. Affected: signal_x."",""estimated_effort"":""M"",""expected_score_gain"":5.82,""id"":""fix.missingness::column:signal_x"",""pipeline_steps"":[{""action"":""quality.handle_missingness"",""params"":{""affected_columns"":[""signal_x""]}}],""steps"":[""Review signal_x."",""Review the cause of missing values and choose appropriate handling; do not impute targets by default."",""Re-run TADR after the change.""],""title"":""Handle missing values""}"
missing.feature.m1000.n10000.pqstr,run-2a56bf16c7300d2633975ea3cab2a11a29e6b1b5f35e6ca29cfc439452be8339,0,fix.missingness::column:signal_x,"{""applies_to_findings"":[""quality.high_missingness::column:signal_x""],""description"":""Missing values reduce usable information. Affected: signal_x."",""estimated_effort"":""M"",""expected_score_gain"":5.82,""id"":""fix.missingness::column:signal_x"",""pipeline_steps"":[{""action"":""quality.handle_missingness"",""params"":{""affected_columns"":[""signal_x""]}}],""steps"":[""Review signal_x."",""Review the cause of missing values and choose appropriate handling; do not impute targets by default."",""Re-run TADR after the change.""],""title"":""Handle missing values""}"
missing.feature.m1001.n10000.csv,run-d83894f21644f4960002e8d1dd3d6ca22d74f5ea8c5742d37d7312a96618f056,0,fix.missingness::column:signal_x,"{""applies_to_findings"":[""quality.high_missingness::column:signal_x""],""description"":""Missing values reduce usable information. Affected: signal_x."",""estimated_effort"":""M"",""expected_score_gain"":5.82,""id"":""fix.missingness::column:signal_x"",""pipeline_steps"":[{""action"":""quality.handle_missingness"",""params"":{""affected_columns"":[""signal_x""]}}],""steps"":[""Review signal_x."",""Review the cause of missing values and choose appropriate handling; do not impute targets by default."",""Re-run TADR after the change.""],""title"":""Handle missing values""}"
missing.feature.m1001.n10000.pqstr,run-50b54f8393bf45af9924e20962e6f4355d5240b9597f4703dcfc1838f2ccebf7,0,fix.missingness::column:signal_x,"{""applies_to_findings"":[""quality.high_missingness::column:signal_x""],""description"":""Missing values reduce usable information. Affected: signal_x."",""estimated_effort"":""M"",""expected_score_gain"":5.82,""id"":""fix.missingness::column:signal_x"",""pipeline_steps"":[{""action"":""quality.handle_missingness"",""params"":{""affected_columns"":[""signal_x""]}}],""steps"":[""Review signal_x."",""Review the cause of missing values and choose appropriate handling; do not impute targets by default."",""Re-run TADR after the change.""],""title"":""Handle missing values""}"
missing.feature.m2000.n10000.csv,run-dc813c201cc8f8e59247ae18c8271a67027d83b0ea4bdcd357ae81c05780764d,0,fix.missingness::column:signal_x,"{""applies_to_findings"":[""quality.high_missingness::column:signal_x""],""description"":""Missing values reduce usable information. Affected: signal_x."",""estimated_effort"":""M"",""expected_score_gain"":5.82,""id"":""fix.missingness::column:signal_x"",""pipeline_steps"":[{""action"":""quality.handle_missingness"",""params"":{""affected_columns"":[""signal_x""]}}],""steps"":[""Review signal_x."",""Review the cause of missing values and choose appropriate handling; do not impute targets by default."",""Re-run TADR after the change.""],""title"":""Handle missing values""}"
missing.feature.m2000.n10000.pqstr,run-4a5acd45eb2122ab12b3a0b25ab813543148e686f28fd1b9361d048da69cef77,0,fix.missingness::column:signal_x,"{""applies_to_findings"":[""quality.high_missingness::column:signal_x""],""description"":""Missing values reduce usable information. Affected: signal_x."",""estimated_effort"":""M"",""expected_score_gain"":5.82,""id"":""fix.missingness::column:signal_x"",""pipeline_steps"":[{""action"":""quality.handle_missingness"",""params"":{""affected_columns"":[""signal_x""]}}],""steps"":[""Review signal_x."",""Review the cause of missing values and choose appropriate handling; do not impute targets by default."",""Re-run TADR after the change.""],""title"":""Handle missing values""}"
missing.feature.m2999.n10000.csv,run-42eaa143b17e4ec2c01ba513bc7f1f4b1fff18d23c0596f599e71891a9463807,0,fix.missingness::column:signal_x,"{""applies_to_findings"":[""quality.high_missingness::column:signal_x""],""description"":""Missing values reduce usable information. Affected: signal_x."",""estimated_effort"":""M"",""expected_score_gain"":5.82,""id"":""fix.missingness::column:signal_x"",""pipeline_steps"":[{""action"":""quality.handle_missingness"",""params"":{""affected_columns"":[""signal_x""]}}],""steps"":[""Review signal_x."",""Review the cause of missing values and choose appropriate handling; do not impute targets by default."",""Re-run TADR after the change.""],""title"":""Handle missing values""}"
missing.feature.m2999.n10000.pqstr,run-299e57621674f865d825c8c51500f2d25d59e749f5a3639e49460a1ee5f92a90,0,fix.missingness::column:signal_x,"{""applies_to_findings"":[""quality.high_missingness::column:signal_x""],""description"":""Missing values reduce usable information. Affected: signal_x."",""estimated_effort"":""M"",""expected_score_gain"":5.82,""id"":""fix.missingness::column:signal_x"",""pipeline_steps"":[{""action"":""quality.handle_missingness"",""params"":{""affected_columns"":[""signal_x""]}}],""steps"":[""Review signal_x."",""Review the cause of missing values and choose appropriate handling; do not impute targets by default."",""Re-run TADR after the change.""],""title"":""Handle missing values""}"
missing.feature.m3000.n10000.csv,run-08731093b9370251576307a2b257db41910e99cef5e1823224276d21da16fd28,0,fix.missingness::column:signal_x,"{""applies_to_findings"":[""quality.high_missingness::column:signal_x""],""description"":""Missing values reduce usable information. Affected: signal_x."",""estimated_effort"":""M"",""expected_score_gain"":10.48,""id"":""fix.missingness::column:signal_x"",""pipeline_steps"":[{""action"":""quality.handle_missingness"",""params"":{""affected_columns"":[""signal_x""]}}],""steps"":[""Review signal_x."",""Review the cause of missing values and choose appropriate handling; do not impute targets by default."",""Re-run TADR after the change.""],""title"":""Handle missing values""}"
missing.feature.m3000.n10000.pqstr,run-22ce34b1a9b4c57bbd15c1a558541bc15e20952b203172acd66b849361d5cd6e,0,fix.missingness::column:signal_x,"{""applies_to_findings"":[""quality.high_missingness::column:signal_x""],""description"":""Missing values reduce usable information. Affected: signal_x."",""estimated_effort"":""M"",""expected_score_gain"":10.48,""id"":""fix.missingness::column:signal_x"",""pipeline_steps"":[{""action"":""quality.handle_missingness"",""params"":{""affected_columns"":[""signal_x""]}}],""steps"":[""Review signal_x."",""Review the cause of missing values and choose appropriate handling; do not impute targets by default."",""Re-run TADR after the change.""],""title"":""Handle missing values""}"
missing.feature.m3001.n10000.csv,run-7152938e8b349756d98befc12cc210112396e5da9b608bb8c9117abe17281e82,0,fix.missingness::column:signal_x,"{""applies_to_findings"":[""quality.high_missingness::column:signal_x""],""description"":""Missing values reduce usable information. Affected: signal_x."",""estimated_effort"":""M"",""expected_score_gain"":10.48,""id"":""fix.missingness::column:signal_x"",""pipeline_steps"":[{""action"":""quality.handle_missingness"",""params"":{""affected_columns"":[""signal_x""]}}],""steps"":[""Review signal_x."",""Review the cause of missing values and choose appropriate handling; do not impute targets by default."",""Re-run TADR after the change.""],""title"":""Handle missing values""}"
missing.feature.m3001.n10000.pqstr,run-9a7f1ee1352d0bfcbf91d59c6a11d9f23bab8be987c76e04806fe2e8a18c1d08,0,fix.missingness::column:signal_x,"{""applies_to_findings"":[""quality.high_missingness::column:signal_x""],""description"":""Missing values reduce usable information. Affected: signal_x."",""estimated_effort"":""M"",""expected_score_gain"":10.48,""id"":""fix.missingness::column:signal_x"",""pipeline_steps"":[{""action"":""quality.handle_missingness"",""params"":{""affected_columns"":[""signal_x""]}}],""steps"":[""Review signal_x."",""Review the cause of missing values and choose appropriate handling; do not impute targets by default."",""Re-run TADR after the change.""],""title"":""Handle missing values""}"
missing.feature.m5000.n10000.csv,run-ce72c3fa4bc1657f793271905821455f0f90a99cb7f20cbf697e7dbf83e5c134,0,fix.missingness::column:signal_x,"{""applies_to_findings"":[""quality.high_missingness::column:signal_x""],""description"":""Missing values reduce usable information. Affected: signal_x."",""estimated_effort"":""M"",""expected_score_gain"":10.48,""id"":""fix.missingness::column:signal_x"",""pipeline_steps"":[{""action"":""quality.handle_missingness"",""params"":{""affected_columns"":[""signal_x""]}}],""steps"":[""Review signal_x."",""Review the cause of missing values and choose appropriate handling; do not impute targets by default."",""Re-run TADR after the change.""],""title"":""Handle missing values""}"
missing.feature.m5000.n10000.pqstr,run-96c618316f739518fb1be20388d54d70793a56bf07faf645e5af2d8e9d907157,0,fix.missingness::column:signal_x,"{""applies_to_findings"":[""quality.high_missingness::column:signal_x""],""description"":""Missing values reduce usable information. Affected: signal_x."",""estimated_effort"":""M"",""expected_score_gain"":10.48,""id"":""fix.missingness::column:signal_x"",""pipeline_steps"":[{""action"":""quality.handle_missingness"",""params"":{""affected_columns"":[""signal_x""]}}],""steps"":[""Review signal_x."",""Review the cause of missing values and choose appropriate handling; do not impute targets by default."",""Re-run TADR after the change.""],""title"":""Handle missing values""}"
missing.target.m100.n10000.csv,run-ea0da293e5ffc55165c32fa421b3accaf29928aa0c1a21d75a76633394e5f429,0,fix.missingness::column:y,"{""applies_to_findings"":[""quality.high_missingness::column:y""],""description"":""Missing values reduce usable information. Affected: y."",""estimated_effort"":""M"",""expected_score_gain"":10.48,""id"":""fix.missingness::column:y"",""pipeline_steps"":[{""action"":""quality.handle_missingness"",""params"":{""affected_columns"":[""y""]}}],""steps"":[""Review y."",""Review the cause of missing values and choose appropriate handling; do not impute targets by default."",""Re-run TADR after the change.""],""title"":""Handle missing values""}"
missing.target.m100.n10000.pqstr,run-c6b900d2bb363d6152373dd08f712e396edbed78003f81d08057d69a788e81c8,0,fix.missingness::column:y,"{""applies_to_findings"":[""quality.high_missingness::column:y""],""description"":""Missing values reduce usable information. Affected: y."",""estimated_effort"":""M"",""expected_score_gain"":10.48,""id"":""fix.missingness::column:y"",""pipeline_steps"":[{""action"":""quality.handle_missingness"",""params"":{""affected_columns"":[""y""]}}],""steps"":[""Review y."",""Review the cause of missing values and choose appropriate handling; do not impute targets by default."",""Re-run TADR after the change.""],""title"":""Handle missing values""}"
missing.target.m101.n10000.csv,run-7f1e4a81fde265faa272d359af9955f2db8088e6c769e34b602e306db2841f7f,0,fix.missingness::column:y,"{""applies_to_findings"":[""quality.high_missingness::column:y""],""description"":""Missing values reduce usable information. Affected: y."",""estimated_effort"":""M"",""expected_score_gain"":10.48,""id"":""fix.missingness::column:y"",""pipeline_steps"":[{""action"":""quality.handle_missingness"",""params"":{""affected_columns"":[""y""]}}],""steps"":[""Review y."",""Review the cause of missing values and choose appropriate handling; do not impute targets by default."",""Re-run TADR after the change.""],""title"":""Handle missing values""}"
missing.target.m101.n10000.pqstr,run-6804e045fa9c8d0ae0d81579a3fad4df7033edea82da54c23f4e4f09507decab,0,fix.missingness::column:y,"{""applies_to_findings"":[""quality.high_missingness::column:y""],""description"":""Missing values reduce usable information. Affected: y."",""estimated_effort"":""M"",""expected_score_gain"":10.48,""id"":""fix.missingness::column:y"",""pipeline_steps"":[{""action"":""quality.handle_missingness"",""params"":{""affected_columns"":[""y""]}}],""steps"":[""Review y."",""Review the cause of missing values and choose appropriate handling; do not impute targets by default."",""Re-run TADR after the change.""],""title"":""Handle missing values""}"
missing.target.m500.n10000.csv,run-0403aa463d063dbd52137e386434ead2076acbfcffa1001ecd9515c772ebfadd,0,fix.missingness::column:y,"{""applies_to_findings"":[""quality.high_missingness::column:y""],""description"":""Missing values reduce usable information. Affected: y."",""estimated_effort"":""M"",""expected_score_gain"":10.48,""id"":""fix.missingness::column:y"",""pipeline_steps"":[{""action"":""quality.handle_missingness"",""params"":{""affected_columns"":[""y""]}}],""steps"":[""Review y."",""Review the cause of missing values and choose appropriate handling; do not impute targets by default."",""Re-run TADR after the change.""],""title"":""Handle missing values""}"
missing.target.m500.n10000.pqstr,run-a2c8213171ffa690c0da00a746f62844aa1234a511566fb12e73efca4ef7aad7,0,fix.missingness::column:y,"{""applies_to_findings"":[""quality.high_missingness::column:y""],""description"":""Missing values reduce usable information. Affected: y."",""estimated_effort"":""M"",""expected_score_gain"":10.48,""id"":""fix.missingness::column:y"",""pipeline_steps"":[{""action"":""quality.handle_missingness"",""params"":{""affected_columns"":[""y""]}}],""steps"":[""Review y."",""Review the cause of missing values and choose appropriate handling; do not impute targets by default."",""Re-run TADR after the change.""],""title"":""Handle missing values""}"
negative.analytics_entity.n10000.csv,run-53fed9115db743fa6aa62b6d2488922b93875a83769f7a51c020551c02fd261a,0,fix.parse::column:event_key,"{""applies_to_findings"":[""schema.parse_failures::column:event_key""],""description"":""Canonical coercion failures undermine usable values. Affected: event_key."",""estimated_effort"":""M"",""expected_score_gain"":6.03,""id"":""fix.parse::column:event_key"",""pipeline_steps"":[{""action"":""schema.correct_parsing"",""params"":{""affected_columns"":[""event_key""]}}],""steps"":[""Review event_key."",""Review failed values and correct the source representation or parsing rules."",""Re-run TADR after the change.""],""title"":""Correct parsing""}"
negative.analytics_entity.n10000.pqstr,run-e42019da9228cc5992349f2fbe77d35dbdf5f56438299fc676594dcb72d3bd65,0,fix.parse::column:event_key,"{""applies_to_findings"":[""schema.parse_failures::column:event_key""],""description"":""Canonical coercion failures undermine usable values. Affected: event_key."",""estimated_effort"":""M"",""expected_score_gain"":6.03,""id"":""fix.parse::column:event_key"",""pipeline_steps"":[{""action"":""schema.correct_parsing"",""params"":{""affected_columns"":[""event_key""]}}],""steps"":[""Review event_key."",""Review failed values and correct the source representation or parsing rules."",""Re-run TADR after the change.""],""title"":""Correct parsing""}"
parse.numeric.f100.n10000.csv,run-91eac0c53bd48350abb1e06e0451b4912acff48d765e0055278b83afec3301c2,0,fix.parse::column:signal_x,"{""applies_to_findings"":[""schema.parse_failures::column:signal_x""],""description"":""Canonical coercion failures undermine usable values. Affected: signal_x."",""estimated_effort"":""M"",""expected_score_gain"":1.88,""id"":""fix.parse::column:signal_x"",""pipeline_steps"":[{""action"":""schema.correct_parsing"",""params"":{""affected_columns"":[""signal_x""]}}],""steps"":[""Review signal_x."",""Review failed values and correct the source representation or parsing rules."",""Re-run TADR after the change.""],""title"":""Correct parsing""}"
parse.numeric.f100.n10000.pqstr,run-c7737ef61a1c8c1ad59b9ac9b1047c66e1515f60533bc8fa1ce671231145cf61,0,fix.parse::column:signal_x,"{""applies_to_findings"":[""schema.parse_failures::column:signal_x""],""description"":""Canonical coercion failures undermine usable values. Affected: signal_x."",""estimated_effort"":""M"",""expected_score_gain"":1.88,""id"":""fix.parse::column:signal_x"",""pipeline_steps"":[{""action"":""schema.correct_parsing"",""params"":{""affected_columns"":[""signal_x""]}}],""steps"":[""Review signal_x."",""Review failed values and correct the source representation or parsing rules."",""Re-run TADR after the change.""],""title"":""Correct parsing""}"
parse.numeric.f101.n10000.csv,run-5eb1ad6ca9bca609b8d954fc4aaecb574190e5c6367f83e615c2c6d30a7b8bc2,0,fix.parse::column:signal_x,"{""applies_to_findings"":[""schema.parse_failures::column:signal_x""],""description"":""Canonical coercion failures undermine usable values. Affected: signal_x."",""estimated_effort"":""M"",""expected_score_gain"":1.88,""id"":""fix.parse::column:signal_x"",""pipeline_steps"":[{""action"":""schema.correct_parsing"",""params"":{""affected_columns"":[""signal_x""]}}],""steps"":[""Review signal_x."",""Review failed values and correct the source representation or parsing rules."",""Re-run TADR after the change.""],""title"":""Correct parsing""}"
parse.numeric.f101.n10000.pqstr,run-2fa61ef5af38b4ec7e9544efb29af2453516affb015789363b6dbc12887a8014,0,fix.parse::column:signal_x,"{""applies_to_findings"":[""schema.parse_failures::column:signal_x""],""description"":""Canonical coercion failures undermine usable values. Affected: signal_x."",""estimated_effort"":""M"",""expected_score_gain"":1.88,""id"":""fix.parse::column:signal_x"",""pipeline_steps"":[{""action"":""schema.correct_parsing"",""params"":{""affected_columns"":[""signal_x""]}}],""steps"":[""Review signal_x."",""Review failed values and correct the source representation or parsing rules."",""Re-run TADR after the change.""],""title"":""Correct parsing""}"
parse.numeric.f1999.n10000.csv,run-bdb1e8712c32e31e0cad0a44728784b628c890fb09b961d2ebcfe210c216a30b,0,fix.parse::column:signal_x,"{""applies_to_findings"":[""schema.parse_failures::column:signal_x""],""description"":""Canonical coercion failures undermine usable values. Affected: signal_x."",""estimated_effort"":""M"",""expected_score_gain"":3.78,""id"":""fix.parse::column:signal_x"",""pipeline_steps"":[{""action"":""schema.correct_parsing"",""params"":{""affected_columns"":[""signal_x""]}}],""steps"":[""Review signal_x."",""Review failed values and correct the source representation or parsing rules."",""Re-run TADR after the change.""],""title"":""Correct parsing""}"
parse.numeric.f1999.n10000.pqstr,run-d7b36ef409217bc9458e394633e2e96ea050a604c42293872be49944ee03c38f,0,fix.parse::column:signal_x,"{""applies_to_findings"":[""schema.parse_failures::column:signal_x""],""description"":""Canonical coercion failures undermine usable values. Affected: signal_x."",""estimated_effort"":""M"",""expected_score_gain"":3.78,""id"":""fix.parse::column:signal_x"",""pipeline_steps"":[{""action"":""schema.correct_parsing"",""params"":{""affected_columns"":[""signal_x""]}}],""steps"":[""Review signal_x."",""Review failed values and correct the source representation or parsing rules."",""Re-run TADR after the change.""],""title"":""Correct parsing""}"
parse.numeric.f2000.n10000.csv,run-88de6a4860032ec374f14c3ed325eeedbe8fc87bccf66c84c7d592ed99573ebf,0,fix.parse::column:signal_x,"{""applies_to_findings"":[""schema.parse_failures::column:signal_x""],""description"":""Canonical coercion failures undermine usable values. Affected: signal_x."",""estimated_effort"":""M"",""expected_score_gain"":6.8,""id"":""fix.parse::column:signal_x"",""pipeline_steps"":[{""action"":""schema.correct_parsing"",""params"":{""affected_columns"":[""signal_x""]}}],""steps"":[""Review signal_x."",""Review failed values and correct the source representation or parsing rules."",""Re-run TADR after the change.""],""title"":""Correct parsing""}"
parse.numeric.f2000.n10000.pqstr,run-e938526efb7edac2e1d35076bd8d00d64e4f9b98e8fcd32161f32f6a33ff865c,0,fix.parse::column:signal_x,"{""applies_to_findings"":[""schema.parse_failures::column:signal_x""],""description"":""Canonical coercion failures undermine usable values. Affected: signal_x."",""estimated_effort"":""M"",""expected_score_gain"":6.8,""id"":""fix.parse::column:signal_x"",""pipeline_steps"":[{""action"":""schema.correct_parsing"",""params"":{""affected_columns"":[""signal_x""]}}],""steps"":[""Review signal_x."",""Review failed values and correct the source representation or parsing rules."",""Re-run TADR after the change.""],""title"":""Correct parsing""}"
parse.numeric.f2001.n10000.csv,run-289933955dad5a0cb587bcbf6f698641e659b5bcc012d17477cd785e925c5052,0,fix.parse::column:signal_x,"{""applies_to_findings"":[""schema.parse_failures::column:signal_x""],""description"":""Canonical coercion failures undermine usable values. Affected: signal_x."",""estimated_effort"":""M"",""expected_score_gain"":6.8,""id"":""fix.parse::column:signal_x"",""pipeline_steps"":[{""action"":""schema.correct_parsing"",""params"":{""affected_columns"":[""signal_x""]}}],""steps"":[""Review signal_x."",""Review failed values and correct the source representation or parsing rules."",""Re-run TADR after the change.""],""title"":""Correct parsing""}"
parse.numeric.f2001.n10000.pqstr,run-acece9e5dd8b737ada3a9e76e421d34c5bc89787cec9fad4634884de58eef62c,0,fix.parse::column:signal_x,"{""applies_to_findings"":[""schema.parse_failures::column:signal_x""],""description"":""Canonical coercion failures undermine usable values. Affected: signal_x."",""estimated_effort"":""M"",""expected_score_gain"":6.8,""id"":""fix.parse::column:signal_x"",""pipeline_steps"":[{""action"":""schema.correct_parsing"",""params"":{""affected_columns"":[""signal_x""]}}],""steps"":[""Review signal_x."",""Review failed values and correct the source representation or parsing rules."",""Re-run TADR after the change.""],""title"":""Correct parsing""}"
parse.numeric.f4000.n10000.csv,run-b0621fd76448e9d418d34d712a2e7a0fd855030cd59fd95a994302f30ffe6f15,0,fix.parse::column:signal_x,"{""applies_to_findings"":[""schema.parse_failures::column:signal_x""],""description"":""Canonical coercion failures undermine usable values. Affected: signal_x."",""estimated_effort"":""M"",""expected_score_gain"":6.03,""id"":""fix.parse::column:signal_x"",""pipeline_steps"":[{""action"":""schema.correct_parsing"",""params"":{""affected_columns"":[""signal_x""]}}],""steps"":[""Review signal_x."",""Review failed values and correct the source representation or parsing rules."",""Re-run TADR after the change.""],""title"":""Correct parsing""}"
parse.numeric.f4000.n10000.pqstr,run-3492ca3ba6dd9c647fc6ac5f260e47e50172973f417ae82a6b5830b6768c9265,0,fix.parse::column:signal_x,"{""applies_to_findings"":[""schema.parse_failures::column:signal_x""],""description"":""Canonical coercion failures undermine usable values. Affected: signal_x."",""estimated_effort"":""M"",""expected_score_gain"":6.03,""id"":""fix.parse::column:signal_x"",""pipeline_steps"":[{""action"":""schema.correct_parsing"",""params"":{""affected_columns"":[""signal_x""]}}],""steps"":[""Review signal_x."",""Review failed values and correct the source representation or parsing rules."",""Re-run TADR after the change.""],""title"":""Correct parsing""}"
parse.numeric.f499.n10000.csv,run-1caed69bc70cde2c202f3adc2306896fefb0d32050abcb1db9f487f6785ee1b5,0,fix.parse::column:signal_x,"{""applies_to_findings"":[""schema.parse_failures::column:signal_x""],""description"":""Canonical coercion failures undermine usable values. Affected: signal_x."",""estimated_effort"":""M"",""expected_score_gain"":1.81,""id"":""fix.parse::column:signal_x"",""pipeline_steps"":[{""action"":""schema.correct_parsing"",""params"":{""affected_columns"":[""signal_x""]}}],""steps"":[""Review signal_x."",""Review failed values and correct the source representation or parsing rules."",""Re-run TADR after the change.""],""title"":""Correct parsing""}"
parse.numeric.f499.n10000.pqstr,run-5a3749c8da2a59a2297d256017e004bb7b8f7c5f568d855a8c087cfc15556ed0,0,fix.parse::column:signal_x,"{""applies_to_findings"":[""schema.parse_failures::column:signal_x""],""description"":""Canonical coercion failures undermine usable values. Affected: signal_x."",""estimated_effort"":""M"",""expected_score_gain"":1.81,""id"":""fix.parse::column:signal_x"",""pipeline_steps"":[{""action"":""schema.correct_parsing"",""params"":{""affected_columns"":[""signal_x""]}}],""steps"":[""Review signal_x."",""Review failed values and correct the source representation or parsing rules."",""Re-run TADR after the change.""],""title"":""Correct parsing""}"
parse.numeric.f500.n10000.csv,run-3beaec0a7b97c347e9485a9681b55ba8bff5989afc66df415745f30372e793fa,0,fix.parse::column:signal_x,"{""applies_to_findings"":[""schema.parse_failures::column:signal_x""],""description"":""Canonical coercion failures undermine usable values. Affected: signal_x."",""estimated_effort"":""M"",""expected_score_gain"":4.54,""id"":""fix.parse::column:signal_x"",""pipeline_steps"":[{""action"":""schema.correct_parsing"",""params"":{""affected_columns"":[""signal_x""]}}],""steps"":[""Review signal_x."",""Review failed values and correct the source representation or parsing rules."",""Re-run TADR after the change.""],""title"":""Correct parsing""}"
parse.numeric.f500.n10000.pqstr,run-7fdd87f16ff29e41509dc26d3a1f6b890d1adf1fabb4aa089f016d30c008da62,0,fix.parse::column:signal_x,"{""applies_to_findings"":[""schema.parse_failures::column:signal_x""],""description"":""Canonical coercion failures undermine usable values. Affected: signal_x."",""estimated_effort"":""M"",""expected_score_gain"":4.54,""id"":""fix.parse::column:signal_x"",""pipeline_steps"":[{""action"":""schema.correct_parsing"",""params"":{""affected_columns"":[""signal_x""]}}],""steps"":[""Review signal_x."",""Review failed values and correct the source representation or parsing rules."",""Re-run TADR after the change.""],""title"":""Correct parsing""}"
parse.numeric.f501.n10000.csv,run-6e22a3d6acbe750d3e47914fa9c3413fd3d5f93a36c79d8dc868966f3a41f89b,0,fix.parse::column:signal_x,"{""applies_to_findings"":[""schema.parse_failures::column:signal_x""],""description"":""Canonical coercion failures undermine usable values. Affected: signal_x."",""estimated_effort"":""M"",""expected_score_gain"":4.54,""id"":""fix.parse::column:signal_x"",""pipeline_steps"":[{""action"":""schema.correct_parsing"",""params"":{""affected_columns"":[""signal_x""]}}],""steps"":[""Review signal_x."",""Review failed values and correct the source representation or parsing rules."",""Re-run TADR after the change.""],""title"":""Correct parsing""}"
parse.numeric.f501.n10000.pqstr,run-95f9cdaa282080b49fdcf29c673319975b260d7059fc0cbe138bc8c845a66b60,0,fix.parse::column:signal_x,"{""applies_to_findings"":[""schema.parse_failures::column:signal_x""],""description"":""Canonical coercion failures undermine usable values. Affected: signal_x."",""estimated_effort"":""M"",""expected_score_gain"":4.54,""id"":""fix.parse::column:signal_x"",""pipeline_steps"":[{""action"":""schema.correct_parsing"",""params"":{""affected_columns"":[""signal_x""]}}],""steps"":[""Review signal_x."",""Review failed values and correct the source representation or parsing rules."",""Re-run TADR after the change.""],""title"":""Correct parsing""}"
split.reg_random_degraded.n10000.csv,run-5fc5a0d29ab45df9d12248f3d09371de70bf5b9d88c75c947104f2d04015a3c8,0,fix.datetime::column:event_time,"{""applies_to_findings"":[""schema.datetime_unparseable::column:event_time""],""description"":""Timestamp usability affects temporal analysis. Affected: event_time."",""estimated_effort"":""M"",""expected_score_gain"":4.75,""id"":""fix.datetime::column:event_time"",""pipeline_steps"":[{""action"":""schema.fix_datetime"",""params"":{""affected_columns"":[""event_time""]}}],""steps"":[""Review event_time."",""Supply the declared timestamp column and repair missing or unparseable timestamps."",""Re-run TADR after the change.""],""title"":""Repair timestamp availability and parsing""}"
split.reg_random_degraded.n10000.pqstr,run-26a8193b502aebf6359fb51521848f44068a124f6e94df3815dae10b439d20b4,0,fix.datetime::column:event_time,"{""applies_to_findings"":[""schema.datetime_unparseable::column:event_time""],""description"":""Timestamp usability affects temporal analysis. Affected: event_time."",""estimated_effort"":""M"",""expected_score_gain"":4.75,""id"":""fix.datetime::column:event_time"",""pipeline_steps"":[{""action"":""schema.fix_datetime"",""params"":{""affected_columns"":[""event_time""]}}],""steps"":[""Review event_time."",""Supply the declared timestamp column and repair missing or unparseable timestamps."",""Re-run TADR after the change.""],""title"":""Repair timestamp availability and parsing""}"
split.reg_random_valid.n10000.csv,run-03653fab093f3626422d92422a2b8a0d9190744715767f2c0cd7d7759f40ef6f,0,fix.time-split::dataset,"{""applies_to_findings"":[""split.time_series_requires_time_split::dataset""],""description"":""Random splitting can invalidate temporal evaluation. Affected: the dataset."",""estimated_effort"":""S"",""expected_score_gain"":7.13,""id"":""fix.time-split::dataset"",""pipeline_steps"":[{""action"":""split.time_based"",""params"":{""affected_columns"":[]}}],""steps"":[""Review the dataset."",""Define training and evaluation partitions in chronological order."",""Re-run TADR after the change.""],""title"":""Use a time-based split""}"
split.reg_random_valid.n10000.pqstr,run-155130c0e4b0bdea4b7ef0188133475da5b9da21f529140beaa81aea6d7cfed3,0,fix.time-split::dataset,"{""applies_to_findings"":[""split.time_series_requires_time_split::dataset""],""description"":""Random splitting can invalidate temporal evaluation. Affected: the dataset."",""estimated_effort"":""S"",""expected_score_gain"":7.13,""id"":""fix.time-split::dataset"",""pipeline_steps"":[{""action"":""split.time_based"",""params"":{""affected_columns"":[]}}],""steps"":[""Review the dataset."",""Define training and evaluation partitions in chronological order."",""Re-run TADR after the change.""],""title"":""Use a time-based split""}"
split.ts_group.n10000.csv,run-401cc0637aa2ee340f52300d454287fdff6f8b6ebb9d817d2dd9b2689ff074bf,0,fix.time-split::dataset,"{""applies_to_findings"":[""split.time_series_requires_time_split::dataset""],""description"":""Random splitting can invalidate temporal evaluation. Affected: the dataset."",""estimated_effort"":""S"",""expected_score_gain"":12.83,""id"":""fix.time-split::dataset"",""pipeline_steps"":[{""action"":""split.time_based"",""params"":{""affected_columns"":[]}}],""steps"":[""Review the dataset."",""Define training and evaluation partitions in chronological order."",""Re-run TADR after the change.""],""title"":""Use a time-based split""}"
split.ts_group.n10000.csv,run-401cc0637aa2ee340f52300d454287fdff6f8b6ebb9d817d2dd9b2689ff074bf,1,fix.parse::column:event_key,"{""applies_to_findings"":[""schema.parse_failures::column:event_key""],""description"":""Canonical coercion failures undermine usable values. Affected: event_key."",""estimated_effort"":""M"",""expected_score_gain"":6.03,""id"":""fix.parse::column:event_key"",""pipeline_steps"":[{""action"":""schema.correct_parsing"",""params"":{""affected_columns"":[""event_key""]}}],""steps"":[""Review event_key."",""Review failed values and correct the source representation or parsing rules."",""Re-run TADR after the change.""],""title"":""Correct parsing""}"
split.ts_group.n10000.pqstr,run-2f3544ccef4242f50bcd5d5a17308bf75cef3e0ab50ec68345235ae8c640bf32,0,fix.time-split::dataset,"{""applies_to_findings"":[""split.time_series_requires_time_split::dataset""],""description"":""Random splitting can invalidate temporal evaluation. Affected: the dataset."",""estimated_effort"":""S"",""expected_score_gain"":12.83,""id"":""fix.time-split::dataset"",""pipeline_steps"":[{""action"":""split.time_based"",""params"":{""affected_columns"":[]}}],""steps"":[""Review the dataset."",""Define training and evaluation partitions in chronological order."",""Re-run TADR after the change.""],""title"":""Use a time-based split""}"
split.ts_group.n10000.pqstr,run-2f3544ccef4242f50bcd5d5a17308bf75cef3e0ab50ec68345235ae8c640bf32,1,fix.parse::column:event_key,"{""applies_to_findings"":[""schema.parse_failures::column:event_key""],""description"":""Canonical coercion failures undermine usable values. Affected: event_key."",""estimated_effort"":""M"",""expected_score_gain"":6.03,""id"":""fix.parse::column:event_key"",""pipeline_steps"":[{""action"":""schema.correct_parsing"",""params"":{""affected_columns"":[""event_key""]}}],""steps"":[""Review event_key."",""Review failed values and correct the source representation or parsing rules."",""Re-run TADR after the change.""],""title"":""Correct parsing""}"
split.ts_random.n10000.csv,run-91f62151ac13e2e6a8efc1e08f40cdbea08b428cb460a24fda113bd672832ff9,0,fix.time-split::dataset,"{""applies_to_findings"":[""split.time_series_requires_time_split::dataset""],""description"":""Random splitting can invalidate temporal evaluation. Affected: the dataset."",""estimated_effort"":""S"",""expected_score_gain"":12.83,""id"":""fix.time-split::dataset"",""pipeline_steps"":[{""action"":""split.time_based"",""params"":{""affected_columns"":[]}}],""steps"":[""Review the dataset."",""Define training and evaluation partitions in chronological order."",""Re-run TADR after the change.""],""title"":""Use a time-based split""}"
split.ts_random.n10000.pqstr,run-51d12f0ff6f5561c8e2e525db46bb1306b590587d2e06ce1561fd08b6087e24f,0,fix.time-split::dataset,"{""applies_to_findings"":[""split.time_series_requires_time_split::dataset""],""description"":""Random splitting can invalidate temporal evaluation. Affected: the dataset."",""estimated_effort"":""S"",""expected_score_gain"":12.83,""id"":""fix.time-split::dataset"",""pipeline_steps"":[{""action"":""split.time_based"",""params"":{""affected_columns"":[]}}],""steps"":[""Review the dataset."",""Define training and evaluation partitions in chronological order."",""Re-run TADR after the change.""],""title"":""Use a time-based split""}"
timestamp.regression.absent.n10000.csv,run-3be6b3bfba6cb729ffd3db315ad8717243ee7c2a980725c82fca9dd8f1ae9d30,0,fix.datetime::column:event_time,"{""applies_to_findings"":[""schema.datetime_unparseable::column:event_time""],""description"":""Timestamp usability affects temporal analysis. Affected: event_time."",""estimated_effort"":""M"",""expected_score_gain"":9.62,""id"":""fix.datetime::column:event_time"",""pipeline_steps"":[{""action"":""schema.fix_datetime"",""params"":{""affected_columns"":[""event_time""]}}],""steps"":[""Review event_time."",""Supply the declared timestamp column and repair missing or unparseable timestamps."",""Re-run TADR after the change.""],""title"":""Repair timestamp availability and parsing""}"
timestamp.regression.absent.n10000.pqstr,run-9f227b4b21ad08bd95fc1311e382481c2ba9a143c75d6d1f552f9d9f93574436,0,fix.datetime::column:event_time,"{""applies_to_findings"":[""schema.datetime_unparseable::column:event_time""],""description"":""Timestamp usability affects temporal analysis. Affected: event_time."",""estimated_effort"":""M"",""expected_score_gain"":9.62,""id"":""fix.datetime::column:event_time"",""pipeline_steps"":[{""action"":""schema.fix_datetime"",""params"":{""affected_columns"":[""event_time""]}}],""steps"":[""Review event_time."",""Supply the declared timestamp column and repair missing or unparseable timestamps."",""Re-run TADR after the change.""],""title"":""Repair timestamp availability and parsing""}"
timestamp.regression.valid0.n10000.csv,run-8f2296928b96a3497aea6735b1102b69b4f23194bc6c2eeb2b65d2135b65ea4e,0,fix.datetime::column:event_time,"{""applies_to_findings"":[""schema.datetime_unparseable::column:event_time""],""description"":""Timestamp usability affects temporal analysis. Affected: event_time."",""estimated_effort"":""M"",""expected_score_gain"":8.55,""id"":""fix.datetime::column:event_time"",""pipeline_steps"":[{""action"":""schema.fix_datetime"",""params"":{""affected_columns"":[""event_time""]}}],""steps"":[""Review event_time."",""Supply the declared timestamp column and repair missing or unparseable timestamps."",""Re-run TADR after the change.""],""title"":""Repair timestamp availability and parsing""}"
timestamp.regression.valid0.n10000.pqstr,run-fcdcd7ca1df109528a1ef5a480e523b5bf862ed55b46a98abb3308692bd4f0a0,0,fix.datetime::column:event_time,"{""applies_to_findings"":[""schema.datetime_unparseable::column:event_time""],""description"":""Timestamp usability affects temporal analysis. Affected: event_time."",""estimated_effort"":""M"",""expected_score_gain"":8.55,""id"":""fix.datetime::column:event_time"",""pipeline_steps"":[{""action"":""schema.fix_datetime"",""params"":{""affected_columns"":[""event_time""]}}],""steps"":[""Review event_time."",""Supply the declared timestamp column and repair missing or unparseable timestamps."",""Re-run TADR after the change.""],""title"":""Repair timestamp availability and parsing""}"
timestamp.regression.valid7999.n10000.csv,run-f74ea2d97432b4c065fa9b55d98a80aee33175072bd8bdf1bfb392713e929cfd,0,fix.datetime::column:event_time,"{""applies_to_findings"":[""schema.datetime_unparseable::column:event_time""],""description"":""Timestamp usability affects temporal analysis. Affected: event_time."",""estimated_effort"":""M"",""expected_score_gain"":8.55,""id"":""fix.datetime::column:event_time"",""pipeline_steps"":[{""action"":""schema.fix_datetime"",""params"":{""affected_columns"":[""event_time""]}}],""steps"":[""Review event_time."",""Supply the declared timestamp column and repair missing or unparseable timestamps."",""Re-run TADR after the change.""],""title"":""Repair timestamp availability and parsing""}"
timestamp.regression.valid7999.n10000.pqstr,run-b901b28e9dd5301fcad75c5d7b1e7459317097d7a5d812aae3e3de3f9442d73c,0,fix.datetime::column:event_time,"{""applies_to_findings"":[""schema.datetime_unparseable::column:event_time""],""description"":""Timestamp usability affects temporal analysis. Affected: event_time."",""estimated_effort"":""M"",""expected_score_gain"":8.55,""id"":""fix.datetime::column:event_time"",""pipeline_steps"":[{""action"":""schema.fix_datetime"",""params"":{""affected_columns"":[""event_time""]}}],""steps"":[""Review event_time."",""Supply the declared timestamp column and repair missing or unparseable timestamps."",""Re-run TADR after the change.""],""title"":""Repair timestamp availability and parsing""}"
timestamp.regression.valid8000.n10000.csv,run-ea814068a568fcb73385c28023e21e0249a1a7654850caa4adbbed684fb74549,0,fix.datetime::column:event_time,"{""applies_to_findings"":[""schema.datetime_unparseable::column:event_time""],""description"":""Timestamp usability affects temporal analysis. Affected: event_time."",""estimated_effort"":""M"",""expected_score_gain"":4.75,""id"":""fix.datetime::column:event_time"",""pipeline_steps"":[{""action"":""schema.fix_datetime"",""params"":{""affected_columns"":[""event_time""]}}],""steps"":[""Review event_time."",""Supply the declared timestamp column and repair missing or unparseable timestamps."",""Re-run TADR after the change.""],""title"":""Repair timestamp availability and parsing""}"
timestamp.regression.valid8000.n10000.pqstr,run-38736a4b0a9115ef9b820355ae290ddbef021e96a14fda2ae5fbf4beda06b0df,0,fix.datetime::column:event_time,"{""applies_to_findings"":[""schema.datetime_unparseable::column:event_time""],""description"":""Timestamp usability affects temporal analysis. Affected: event_time."",""estimated_effort"":""M"",""expected_score_gain"":4.75,""id"":""fix.datetime::column:event_time"",""pipeline_steps"":[{""action"":""schema.fix_datetime"",""params"":{""affected_columns"":[""event_time""]}}],""steps"":[""Review event_time."",""Supply the declared timestamp column and repair missing or unparseable timestamps."",""Re-run TADR after the change.""],""title"":""Repair timestamp availability and parsing""}"
timestamp.regression.valid8001.n10000.csv,run-05fef26570b12e9469d1c176eccee17772202bf0a149e8bf44880778da0f8858,0,fix.datetime::column:event_time,"{""applies_to_findings"":[""schema.datetime_unparseable::column:event_time""],""description"":""Timestamp usability affects temporal analysis. Affected: event_time."",""estimated_effort"":""M"",""expected_score_gain"":4.75,""id"":""fix.datetime::column:event_time"",""pipeline_steps"":[{""action"":""schema.fix_datetime"",""params"":{""affected_columns"":[""event_time""]}}],""steps"":[""Review event_time."",""Supply the declared timestamp column and repair missing or unparseable timestamps."",""Re-run TADR after the change.""],""title"":""Repair timestamp availability and parsing""}"
timestamp.regression.valid8001.n10000.pqstr,run-bdc9e1bc497007d39d77d6f5b2c22b65afce167c9532f3d22db3ee14774f4e35,0,fix.datetime::column:event_time,"{""applies_to_findings"":[""schema.datetime_unparseable::column:event_time""],""description"":""Timestamp usability affects temporal analysis. Affected: event_time."",""estimated_effort"":""M"",""expected_score_gain"":4.75,""id"":""fix.datetime::column:event_time"",""pipeline_steps"":[{""action"":""schema.fix_datetime"",""params"":{""affected_columns"":[""event_time""]}}],""steps"":[""Review event_time."",""Supply the declared timestamp column and repair missing or unparseable timestamps."",""Re-run TADR after the change.""],""title"":""Repair timestamp availability and parsing""}"
timestamp.regression.valid9499.n10000.csv,run-b76af4f22cd6ba8675ae9552024c05904eccb08d2fc4f18c6edd854f6b8d4694,0,fix.datetime::column:event_time,"{""applies_to_findings"":[""schema.datetime_unparseable::column:event_time""],""description"":""Timestamp usability affects temporal analysis. Affected: event_time."",""estimated_effort"":""M"",""expected_score_gain"":4.75,""id"":""fix.datetime::column:event_time"",""pipeline_steps"":[{""action"":""schema.fix_datetime"",""params"":{""affected_columns"":[""event_time""]}}],""steps"":[""Review event_time."",""Supply the declared timestamp column and repair missing or unparseable timestamps."",""Re-run TADR after the change.""],""title"":""Repair timestamp availability and parsing""}"
timestamp.regression.valid9499.n10000.pqstr,run-2e73e2634e1882d320ebcaeb728d5d86a26dee084436ada880856f97ae201a73,0,fix.datetime::column:event_time,"{""applies_to_findings"":[""schema.datetime_unparseable::column:event_time""],""description"":""Timestamp usability affects temporal analysis. Affected: event_time."",""estimated_effort"":""M"",""expected_score_gain"":4.75,""id"":""fix.datetime::column:event_time"",""pipeline_steps"":[{""action"":""schema.fix_datetime"",""params"":{""affected_columns"":[""event_time""]}}],""steps"":[""Review event_time."",""Supply the declared timestamp column and repair missing or unparseable timestamps."",""Re-run TADR after the change.""],""title"":""Repair timestamp availability and parsing""}"
timestamp.time_series.absent.n10000.csv,run-2a577cbd573b4b35c4b040a63accb1ce9fd13f5646e855ba5ef73ad42d035e4f,0,fix.datetime::column:event_time,"{""applies_to_findings"":[""schema.datetime_unparseable::column:event_time""],""description"":""Timestamp usability affects temporal analysis. Affected: event_time."",""estimated_effort"":""M"",""expected_score_gain"":14.97,""id"":""fix.datetime::column:event_time"",""pipeline_steps"":[{""action"":""schema.fix_datetime"",""params"":{""affected_columns"":[""event_time""]}}],""steps"":[""Review event_time."",""Supply the declared timestamp column and repair missing or unparseable timestamps."",""Re-run TADR after the change.""],""title"":""Repair timestamp availability and parsing""}"
timestamp.time_series.absent.n10000.pqstr,run-2cc8ae94358e867330d9fe8bea0d731cd3ca1a5d0634c63ecb7ad620a8657388,0,fix.datetime::column:event_time,"{""applies_to_findings"":[""schema.datetime_unparseable::column:event_time""],""description"":""Timestamp usability affects temporal analysis. Affected: event_time."",""estimated_effort"":""M"",""expected_score_gain"":14.97,""id"":""fix.datetime::column:event_time"",""pipeline_steps"":[{""action"":""schema.fix_datetime"",""params"":{""affected_columns"":[""event_time""]}}],""steps"":[""Review event_time."",""Supply the declared timestamp column and repair missing or unparseable timestamps."",""Re-run TADR after the change.""],""title"":""Repair timestamp availability and parsing""}"
timestamp.time_series.valid0.n10000.csv,run-536c6d3fdb1c54dafd3f1ad3e98beb97f316870a51b3cb3473d26c18bbc7bdba,0,fix.datetime::column:event_time,"{""applies_to_findings"":[""schema.datetime_unparseable::column:event_time""],""description"":""Timestamp usability affects temporal analysis. Affected: event_time."",""estimated_effort"":""M"",""expected_score_gain"":13.31,""id"":""fix.datetime::column:event_time"",""pipeline_steps"":[{""action"":""schema.fix_datetime"",""params"":{""affected_columns"":[""event_time""]}}],""steps"":[""Review event_time."",""Supply the declared timestamp column and repair missing or unparseable timestamps."",""Re-run TADR after the change.""],""title"":""Repair timestamp availability and parsing""}"
timestamp.time_series.valid0.n10000.pqstr,run-71cf9e11d4f86967c8c6b579ce73356547a3aa42ed0dca7241df40017f7a5b87,0,fix.datetime::column:event_time,"{""applies_to_findings"":[""schema.datetime_unparseable::column:event_time""],""description"":""Timestamp usability affects temporal analysis. Affected: event_time."",""estimated_effort"":""M"",""expected_score_gain"":13.31,""id"":""fix.datetime::column:event_time"",""pipeline_steps"":[{""action"":""schema.fix_datetime"",""params"":{""affected_columns"":[""event_time""]}}],""steps"":[""Review event_time."",""Supply the declared timestamp column and repair missing or unparseable timestamps."",""Re-run TADR after the change.""],""title"":""Repair timestamp availability and parsing""}"
timestamp.time_series.valid7999.n10000.csv,run-98b891fbd927efa8abcaff9a1d1e11c279dff0cfc7fa3d8c83371d84b3ac9585,0,fix.datetime::column:event_time,"{""applies_to_findings"":[""schema.datetime_unparseable::column:event_time""],""description"":""Timestamp usability affects temporal analysis. Affected: event_time."",""estimated_effort"":""M"",""expected_score_gain"":13.31,""id"":""fix.datetime::column:event_time"",""pipeline_steps"":[{""action"":""schema.fix_datetime"",""params"":{""affected_columns"":[""event_time""]}}],""steps"":[""Review event_time."",""Supply the declared timestamp column and repair missing or unparseable timestamps."",""Re-run TADR after the change.""],""title"":""Repair timestamp availability and parsing""}"
timestamp.time_series.valid7999.n10000.pqstr,run-93bef6cc9023cba8cafe3b11f51357f10950a33d111525531f9e64a9d093de3c,0,fix.datetime::column:event_time,"{""applies_to_findings"":[""schema.datetime_unparseable::column:event_time""],""description"":""Timestamp usability affects temporal analysis. Affected: event_time."",""estimated_effort"":""M"",""expected_score_gain"":13.31,""id"":""fix.datetime::column:event_time"",""pipeline_steps"":[{""action"":""schema.fix_datetime"",""params"":{""affected_columns"":[""event_time""]}}],""steps"":[""Review event_time."",""Supply the declared timestamp column and repair missing or unparseable timestamps."",""Re-run TADR after the change.""],""title"":""Repair timestamp availability and parsing""}"
timestamp.time_series.valid8000.n10000.csv,run-ce9f343821d326229682e6ed7662e482707db27cd4bcde979934099f87e9456d,0,fix.datetime::column:event_time,"{""applies_to_findings"":[""schema.datetime_unparseable::column:event_time""],""description"":""Timestamp usability affects temporal analysis. Affected: event_time."",""estimated_effort"":""M"",""expected_score_gain"":8.55,""id"":""fix.datetime::column:event_time"",""pipeline_steps"":[{""action"":""schema.fix_datetime"",""params"":{""affected_columns"":[""event_time""]}}],""steps"":[""Review event_time."",""Supply the declared timestamp column and repair missing or unparseable timestamps."",""Re-run TADR after the change.""],""title"":""Repair timestamp availability and parsing""}"
timestamp.time_series.valid8000.n10000.pqstr,run-7ac71cdd121c478edbac2af4b5aa136c6e3608ab4876408ae70e04f100513ba1,0,fix.datetime::column:event_time,"{""applies_to_findings"":[""schema.datetime_unparseable::column:event_time""],""description"":""Timestamp usability affects temporal analysis. Affected: event_time."",""estimated_effort"":""M"",""expected_score_gain"":8.55,""id"":""fix.datetime::column:event_time"",""pipeline_steps"":[{""action"":""schema.fix_datetime"",""params"":{""affected_columns"":[""event_time""]}}],""steps"":[""Review event_time."",""Supply the declared timestamp column and repair missing or unparseable timestamps."",""Re-run TADR after the change.""],""title"":""Repair timestamp availability and parsing""}"
timestamp.time_series.valid8001.n10000.csv,run-16ecda8f9adb66f65e088d3508a4d88fa3e0eb2e1941aad204e243784d9382d5,0,fix.datetime::column:event_time,"{""applies_to_findings"":[""schema.datetime_unparseable::column:event_time""],""description"":""Timestamp usability affects temporal analysis. Affected: event_time."",""estimated_effort"":""M"",""expected_score_gain"":8.55,""id"":""fix.datetime::column:event_time"",""pipeline_steps"":[{""action"":""schema.fix_datetime"",""params"":{""affected_columns"":[""event_time""]}}],""steps"":[""Review event_time."",""Supply the declared timestamp column and repair missing or unparseable timestamps."",""Re-run TADR after the change.""],""title"":""Repair timestamp availability and parsing""}"
timestamp.time_series.valid8001.n10000.pqstr,run-b547c2624075caad3764b4955d4ffe40565127c70162e750e8729f44c117bd07,0,fix.datetime::column:event_time,"{""applies_to_findings"":[""schema.datetime_unparseable::column:event_time""],""description"":""Timestamp usability affects temporal analysis. Affected: event_time."",""estimated_effort"":""M"",""expected_score_gain"":8.55,""id"":""fix.datetime::column:event_time"",""pipeline_steps"":[{""action"":""schema.fix_datetime"",""params"":{""affected_columns"":[""event_time""]}}],""steps"":[""Review event_time."",""Supply the declared timestamp column and repair missing or unparseable timestamps."",""Re-run TADR after the change.""],""title"":""Repair timestamp availability and parsing""}"
timestamp.time_series.valid9499.n10000.csv,run-a22cbde06d5fd290a6d8bc0d871009a83084483d5a53cf6e5cc5053d04bf8d89,0,fix.datetime::column:event_time,"{""applies_to_findings"":[""schema.datetime_unparseable::column:event_time""],""description"":""Timestamp usability affects temporal analysis. Affected: event_time."",""estimated_effort"":""M"",""expected_score_gain"":8.55,""id"":""fix.datetime::column:event_time"",""pipeline_steps"":[{""action"":""schema.fix_datetime"",""params"":{""affected_columns"":[""event_time""]}}],""steps"":[""Review event_time."",""Supply the declared timestamp column and repair missing or unparseable timestamps."",""Re-run TADR after the change.""],""title"":""Repair timestamp availability and parsing""}"
timestamp.time_series.valid9499.n10000.pqstr,run-11717646bb3d8e8fdb5da6344c06a9dc2264cbe7cc637449bb7b414aeab820d3,0,fix.datetime::column:event_time,"{""applies_to_findings"":[""schema.datetime_unparseable::column:event_time""],""description"":""Timestamp usability affects temporal analysis. Affected: event_time."",""estimated_effort"":""M"",""expected_score_gain"":8.55,""id"":""fix.datetime::column:event_time"",""pipeline_steps"":[{""action"":""schema.fix_datetime"",""params"":{""affected_columns"":[""event_time""]}}],""steps"":[""Review event_time."",""Supply the declared timestamp column and repair missing or unparseable timestamps."",""Re-run TADR after the change.""],""title"":""Repair timestamp availability and parsing""}"
