scenario_id,reference_run_id,sampled_run_id,metric,reference_value,sampled_value,sampled_minus_full,unavailable_reason,independent_counts
sampling.cardinality.gaps.n300000.pqstr,run-57ee8f991cc96f710640c79c976ca6f3dfac9ff763175467554e222c15b01e93,run-099b9523a83126264860ecdde931993ee9ef73ad5f84f0967a08a3c28ccc1444,class_count,,,,not_applicable,"{""sampling.cardinality"":{""P.distinct"":{""denominator"":200000,""numerator"":200000},""P.placed"":{""denominator"":200000,""numerator"":0},""full.distinct"":{""denominator"":300000,""numerator"":294000},""full.placed"":{""denominator"":300000,""numerator"":6000}}}"
sampling.cardinality.gaps.n300000.pqstr,run-57ee8f991cc96f710640c79c976ca6f3dfac9ff763175467554e222c15b01e93,run-099b9523a83126264860ecdde931993ee9ef73ad5f84f0967a08a3c28ccc1444,complete_pairs,,,,not_applicable,"{""sampling.cardinality"":{""P.distinct"":{""denominator"":200000,""numerator"":200000},""P.placed"":{""denominator"":200000,""numerator"":0},""full.distinct"":{""denominator"":300000,""numerator"":294000},""full.placed"":{""denominator"":300000,""numerator"":6000}}}"
sampling.cardinality.gaps.n300000.pqstr,run-57ee8f991cc96f710640c79c976ca6f3dfac9ff763175467554e222c15b01e93,run-099b9523a83126264860ecdde931993ee9ef73ad5f84f0967a08a3c28ccc1444,distinct_count,294000.0,200000.0,-94000.0,,"{""sampling.cardinality"":{""P.distinct"":{""denominator"":200000,""numerator"":200000},""P.placed"":{""denominator"":200000,""numerator"":0},""full.distinct"":{""denominator"":300000,""numerator"":294000},""full.placed"":{""denominator"":300000,""numerator"":6000}}}"
sampling.cardinality.gaps.n300000.pqstr,run-57ee8f991cc96f710640c79c976ca6f3dfac9ff763175467554e222c15b01e93,run-099b9523a83126264860ecdde931993ee9ef73ad5f84f0967a08a3c28ccc1444,equality_matches,,,,not_applicable,"{""sampling.cardinality"":{""P.distinct"":{""denominator"":200000,""numerator"":200000},""P.placed"":{""denominator"":200000,""numerator"":0},""full.distinct"":{""denominator"":300000,""numerator"":294000},""full.placed"":{""denominator"":300000,""numerator"":6000}}}"
sampling.cardinality.gaps.n300000.pqstr,run-57ee8f991cc96f710640c79c976ca6f3dfac9ff763175467554e222c15b01e93,run-099b9523a83126264860ecdde931993ee9ef73ad5f84f0967a08a3c28ccc1444,key_excess,,,,not_applicable,"{""sampling.cardinality"":{""P.distinct"":{""denominator"":200000,""numerator"":200000},""P.placed"":{""denominator"":200000,""numerator"":0},""full.distinct"":{""denominator"":300000,""numerator"":294000},""full.placed"":{""denominator"":300000,""numerator"":6000}}}"
sampling.cardinality.gaps.n300000.pqstr,run-57ee8f991cc96f710640c79c976ca6f3dfac9ff763175467554e222c15b01e93,run-099b9523a83126264860ecdde931993ee9ef73ad5f84f0967a08a3c28ccc1444,mapping_matches,,,,not_applicable,"{""sampling.cardinality"":{""P.distinct"":{""denominator"":200000,""numerator"":200000},""P.placed"":{""denominator"":200000,""numerator"":0},""full.distinct"":{""denominator"":300000,""numerator"":294000},""full.placed"":{""denominator"":300000,""numerator"":6000}}}"
sampling.cardinality.gaps.n300000.pqstr,run-57ee8f991cc96f710640c79c976ca6f3dfac9ff763175467554e222c15b01e93,run-099b9523a83126264860ecdde931993ee9ef73ad5f84f0967a08a3c28ccc1444,minority_count,,,,not_applicable,"{""sampling.cardinality"":{""P.distinct"":{""denominator"":200000,""numerator"":200000},""P.placed"":{""denominator"":200000,""numerator"":0},""full.distinct"":{""denominator"":300000,""numerator"":294000},""full.placed"":{""denominator"":300000,""numerator"":6000}}}"
sampling.cardinality.gaps.n300000.pqstr,run-57ee8f991cc96f710640c79c976ca6f3dfac9ff763175467554e222c15b01e93,run-099b9523a83126264860ecdde931993ee9ef73ad5f84f0967a08a3c28ccc1444,missing_count,,,,not_applicable,"{""sampling.cardinality"":{""P.distinct"":{""denominator"":200000,""numerator"":200000},""P.placed"":{""denominator"":200000,""numerator"":0},""full.distinct"":{""denominator"":300000,""numerator"":294000},""full.placed"":{""denominator"":300000,""numerator"":6000}}}"
sampling.cardinality.gaps.n300000.pqstr,run-57ee8f991cc96f710640c79c976ca6f3dfac9ff763175467554e222c15b01e93,run-099b9523a83126264860ecdde931993ee9ef73ad5f84f0967a08a3c28ccc1444,nonmissing_count,300000.0,200000.0,-100000.0,,"{""sampling.cardinality"":{""P.distinct"":{""denominator"":200000,""numerator"":200000},""P.placed"":{""denominator"":200000,""numerator"":0},""full.distinct"":{""denominator"":300000,""numerator"":294000},""full.placed"":{""denominator"":300000,""numerator"":6000}}}"
sampling.cardinality.gaps.n300000.pqstr,run-57ee8f991cc96f710640c79c976ca6f3dfac9ff763175467554e222c15b01e93,run-099b9523a83126264860ecdde931993ee9ef73ad5f84f0967a08a3c28ccc1444,parse_attempts,,,,not_applicable,"{""sampling.cardinality"":{""P.distinct"":{""denominator"":200000,""numerator"":200000},""P.placed"":{""denominator"":200000,""numerator"":0},""full.distinct"":{""denominator"":300000,""numerator"":294000},""full.placed"":{""denominator"":300000,""numerator"":6000}}}"
sampling.cardinality.gaps.n300000.pqstr,run-57ee8f991cc96f710640c79c976ca6f3dfac9ff763175467554e222c15b01e93,run-099b9523a83126264860ecdde931993ee9ef73ad5f84f0967a08a3c28ccc1444,parse_failures,,,,not_applicable,"{""sampling.cardinality"":{""P.distinct"":{""denominator"":200000,""numerator"":200000},""P.placed"":{""denominator"":200000,""numerator"":0},""full.distinct"":{""denominator"":300000,""numerator"":294000},""full.placed"":{""denominator"":300000,""numerator"":6000}}}"
sampling.cardinality.gaps.n300000.pqstr,run-57ee8f991cc96f710640c79c976ca6f3dfac9ff763175467554e222c15b01e93,run-099b9523a83126264860ecdde931993ee9ef73ad5f84f0967a08a3c28ccc1444,repeated_entity_participants,,,,not_applicable,"{""sampling.cardinality"":{""P.distinct"":{""denominator"":200000,""numerator"":200000},""P.placed"":{""denominator"":200000,""numerator"":0},""full.distinct"":{""denominator"":300000,""numerator"":294000},""full.placed"":{""denominator"":300000,""numerator"":6000}}}"
sampling.cardinality.gaps.n300000.pqstr,run-57ee8f991cc96f710640c79c976ca6f3dfac9ff763175467554e222c15b01e93,run-099b9523a83126264860ecdde931993ee9ef73ad5f84f0967a08a3c28ccc1444,row_excess,,,,not_applicable,"{""sampling.cardinality"":{""P.distinct"":{""denominator"":200000,""numerator"":200000},""P.placed"":{""denominator"":200000,""numerator"":0},""full.distinct"":{""denominator"":300000,""numerator"":294000},""full.placed"":{""denominator"":300000,""numerator"":6000}}}"
sampling.cardinality.head.n300000.pqstr,run-f3b53b3446c6f740778d736ba15a38e8e9bdb0947e9a1f63b808878f5ff5948f,run-f586e01ed3941d3348d71d2464b11a4345c39f988675cc386c61b449aaa8c70f,class_count,,,,not_applicable,"{""sampling.cardinality"":{""P.distinct"":{""denominator"":200000,""numerator"":194000},""P.placed"":{""denominator"":200000,""numerator"":6000},""full.distinct"":{""denominator"":300000,""numerator"":294000},""full.placed"":{""denominator"":300000,""numerator"":6000}}}"
sampling.cardinality.head.n300000.pqstr,run-f3b53b3446c6f740778d736ba15a38e8e9bdb0947e9a1f63b808878f5ff5948f,run-f586e01ed3941d3348d71d2464b11a4345c39f988675cc386c61b449aaa8c70f,complete_pairs,,,,not_applicable,"{""sampling.cardinality"":{""P.distinct"":{""denominator"":200000,""numerator"":194000},""P.placed"":{""denominator"":200000,""numerator"":6000},""full.distinct"":{""denominator"":300000,""numerator"":294000},""full.placed"":{""denominator"":300000,""numerator"":6000}}}"
sampling.cardinality.head.n300000.pqstr,run-f3b53b3446c6f740778d736ba15a38e8e9bdb0947e9a1f63b808878f5ff5948f,run-f586e01ed3941d3348d71d2464b11a4345c39f988675cc386c61b449aaa8c70f,distinct_count,294000.0,194000.0,-100000.0,,"{""sampling.cardinality"":{""P.distinct"":{""denominator"":200000,""numerator"":194000},""P.placed"":{""denominator"":200000,""numerator"":6000},""full.distinct"":{""denominator"":300000,""numerator"":294000},""full.placed"":{""denominator"":300000,""numerator"":6000}}}"
sampling.cardinality.head.n300000.pqstr,run-f3b53b3446c6f740778d736ba15a38e8e9bdb0947e9a1f63b808878f5ff5948f,run-f586e01ed3941d3348d71d2464b11a4345c39f988675cc386c61b449aaa8c70f,equality_matches,,,,not_applicable,"{""sampling.cardinality"":{""P.distinct"":{""denominator"":200000,""numerator"":194000},""P.placed"":{""denominator"":200000,""numerator"":6000},""full.distinct"":{""denominator"":300000,""numerator"":294000},""full.placed"":{""denominator"":300000,""numerator"":6000}}}"
sampling.cardinality.head.n300000.pqstr,run-f3b53b3446c6f740778d736ba15a38e8e9bdb0947e9a1f63b808878f5ff5948f,run-f586e01ed3941d3348d71d2464b11a4345c39f988675cc386c61b449aaa8c70f,key_excess,,,,not_applicable,"{""sampling.cardinality"":{""P.distinct"":{""denominator"":200000,""numerator"":194000},""P.placed"":{""denominator"":200000,""numerator"":6000},""full.distinct"":{""denominator"":300000,""numerator"":294000},""full.placed"":{""denominator"":300000,""numerator"":6000}}}"
sampling.cardinality.head.n300000.pqstr,run-f3b53b3446c6f740778d736ba15a38e8e9bdb0947e9a1f63b808878f5ff5948f,run-f586e01ed3941d3348d71d2464b11a4345c39f988675cc386c61b449aaa8c70f,mapping_matches,,,,not_applicable,"{""sampling.cardinality"":{""P.distinct"":{""denominator"":200000,""numerator"":194000},""P.placed"":{""denominator"":200000,""numerator"":6000},""full.distinct"":{""denominator"":300000,""numerator"":294000},""full.placed"":{""denominator"":300000,""numerator"":6000}}}"
sampling.cardinality.head.n300000.pqstr,run-f3b53b3446c6f740778d736ba15a38e8e9bdb0947e9a1f63b808878f5ff5948f,run-f586e01ed3941d3348d71d2464b11a4345c39f988675cc386c61b449aaa8c70f,minority_count,,,,not_applicable,"{""sampling.cardinality"":{""P.distinct"":{""denominator"":200000,""numerator"":194000},""P.placed"":{""denominator"":200000,""numerator"":6000},""full.distinct"":{""denominator"":300000,""numerator"":294000},""full.placed"":{""denominator"":300000,""numerator"":6000}}}"
sampling.cardinality.head.n300000.pqstr,run-f3b53b3446c6f740778d736ba15a38e8e9bdb0947e9a1f63b808878f5ff5948f,run-f586e01ed3941d3348d71d2464b11a4345c39f988675cc386c61b449aaa8c70f,missing_count,,,,not_applicable,"{""sampling.cardinality"":{""P.distinct"":{""denominator"":200000,""numerator"":194000},""P.placed"":{""denominator"":200000,""numerator"":6000},""full.distinct"":{""denominator"":300000,""numerator"":294000},""full.placed"":{""denominator"":300000,""numerator"":6000}}}"
sampling.cardinality.head.n300000.pqstr,run-f3b53b3446c6f740778d736ba15a38e8e9bdb0947e9a1f63b808878f5ff5948f,run-f586e01ed3941d3348d71d2464b11a4345c39f988675cc386c61b449aaa8c70f,nonmissing_count,300000.0,200000.0,-100000.0,,"{""sampling.cardinality"":{""P.distinct"":{""denominator"":200000,""numerator"":194000},""P.placed"":{""denominator"":200000,""numerator"":6000},""full.distinct"":{""denominator"":300000,""numerator"":294000},""full.placed"":{""denominator"":300000,""numerator"":6000}}}"
sampling.cardinality.head.n300000.pqstr,run-f3b53b3446c6f740778d736ba15a38e8e9bdb0947e9a1f63b808878f5ff5948f,run-f586e01ed3941d3348d71d2464b11a4345c39f988675cc386c61b449aaa8c70f,parse_attempts,,,,not_applicable,"{""sampling.cardinality"":{""P.distinct"":{""denominator"":200000,""numerator"":194000},""P.placed"":{""denominator"":200000,""numerator"":6000},""full.distinct"":{""denominator"":300000,""numerator"":294000},""full.placed"":{""denominator"":300000,""numerator"":6000}}}"
sampling.cardinality.head.n300000.pqstr,run-f3b53b3446c6f740778d736ba15a38e8e9bdb0947e9a1f63b808878f5ff5948f,run-f586e01ed3941d3348d71d2464b11a4345c39f988675cc386c61b449aaa8c70f,parse_failures,,,,not_applicable,"{""sampling.cardinality"":{""P.distinct"":{""denominator"":200000,""numerator"":194000},""P.placed"":{""denominator"":200000,""numerator"":6000},""full.distinct"":{""denominator"":300000,""numerator"":294000},""full.placed"":{""denominator"":300000,""numerator"":6000}}}"
sampling.cardinality.head.n300000.pqstr,run-f3b53b3446c6f740778d736ba15a38e8e9bdb0947e9a1f63b808878f5ff5948f,run-f586e01ed3941d3348d71d2464b11a4345c39f988675cc386c61b449aaa8c70f,repeated_entity_participants,,,,not_applicable,"{""sampling.cardinality"":{""P.distinct"":{""denominator"":200000,""numerator"":194000},""P.placed"":{""denominator"":200000,""numerator"":6000},""full.distinct"":{""denominator"":300000,""numerator"":294000},""full.placed"":{""denominator"":300000,""numerator"":6000}}}"
sampling.cardinality.head.n300000.pqstr,run-f3b53b3446c6f740778d736ba15a38e8e9bdb0947e9a1f63b808878f5ff5948f,run-f586e01ed3941d3348d71d2464b11a4345c39f988675cc386c61b449aaa8c70f,row_excess,,,,not_applicable,"{""sampling.cardinality"":{""P.distinct"":{""denominator"":200000,""numerator"":194000},""P.placed"":{""denominator"":200000,""numerator"":6000},""full.distinct"":{""denominator"":300000,""numerator"":294000},""full.placed"":{""denominator"":300000,""numerator"":6000}}}"
sampling.cardinality.middle.n300000.pqstr,run-b63548e036abf9601e67b2c57fa93110515c339412ed95f59b33f9da4be667e7,run-ad61fd7527262d74bea0ebed3199d7300d46dee12c818495286137524dddc75a,class_count,,,,not_applicable,"{""sampling.cardinality"":{""P.distinct"":{""denominator"":200000,""numerator"":196400},""P.placed"":{""denominator"":200000,""numerator"":3600},""full.distinct"":{""denominator"":300000,""numerator"":294000},""full.placed"":{""denominator"":300000,""numerator"":6000}}}"
sampling.cardinality.middle.n300000.pqstr,run-b63548e036abf9601e67b2c57fa93110515c339412ed95f59b33f9da4be667e7,run-ad61fd7527262d74bea0ebed3199d7300d46dee12c818495286137524dddc75a,complete_pairs,,,,not_applicable,"{""sampling.cardinality"":{""P.distinct"":{""denominator"":200000,""numerator"":196400},""P.placed"":{""denominator"":200000,""numerator"":3600},""full.distinct"":{""denominator"":300000,""numerator"":294000},""full.placed"":{""denominator"":300000,""numerator"":6000}}}"
sampling.cardinality.middle.n300000.pqstr,run-b63548e036abf9601e67b2c57fa93110515c339412ed95f59b33f9da4be667e7,run-ad61fd7527262d74bea0ebed3199d7300d46dee12c818495286137524dddc75a,distinct_count,294000.0,196400.0,-97600.0,,"{""sampling.cardinality"":{""P.distinct"":{""denominator"":200000,""numerator"":196400},""P.placed"":{""denominator"":200000,""numerator"":3600},""full.distinct"":{""denominator"":300000,""numerator"":294000},""full.placed"":{""denominator"":300000,""numerator"":6000}}}"
sampling.cardinality.middle.n300000.pqstr,run-b63548e036abf9601e67b2c57fa93110515c339412ed95f59b33f9da4be667e7,run-ad61fd7527262d74bea0ebed3199d7300d46dee12c818495286137524dddc75a,equality_matches,,,,not_applicable,"{""sampling.cardinality"":{""P.distinct"":{""denominator"":200000,""numerator"":196400},""P.placed"":{""denominator"":200000,""numerator"":3600},""full.distinct"":{""denominator"":300000,""numerator"":294000},""full.placed"":{""denominator"":300000,""numerator"":6000}}}"
sampling.cardinality.middle.n300000.pqstr,run-b63548e036abf9601e67b2c57fa93110515c339412ed95f59b33f9da4be667e7,run-ad61fd7527262d74bea0ebed3199d7300d46dee12c818495286137524dddc75a,key_excess,,,,not_applicable,"{""sampling.cardinality"":{""P.distinct"":{""denominator"":200000,""numerator"":196400},""P.placed"":{""denominator"":200000,""numerator"":3600},""full.distinct"":{""denominator"":300000,""numerator"":294000},""full.placed"":{""denominator"":300000,""numerator"":6000}}}"
sampling.cardinality.middle.n300000.pqstr,run-b63548e036abf9601e67b2c57fa93110515c339412ed95f59b33f9da4be667e7,run-ad61fd7527262d74bea0ebed3199d7300d46dee12c818495286137524dddc75a,mapping_matches,,,,not_applicable,"{""sampling.cardinality"":{""P.distinct"":{""denominator"":200000,""numerator"":196400},""P.placed"":{""denominator"":200000,""numerator"":3600},""full.distinct"":{""denominator"":300000,""numerator"":294000},""full.placed"":{""denominator"":300000,""numerator"":6000}}}"
sampling.cardinality.middle.n300000.pqstr,run-b63548e036abf9601e67b2c57fa93110515c339412ed95f59b33f9da4be667e7,run-ad61fd7527262d74bea0ebed3199d7300d46dee12c818495286137524dddc75a,minority_count,,,,not_applicable,"{""sampling.cardinality"":{""P.distinct"":{""denominator"":200000,""numerator"":196400},""P.placed"":{""denominator"":200000,""numerator"":3600},""full.distinct"":{""denominator"":300000,""numerator"":294000},""full.placed"":{""denominator"":300000,""numerator"":6000}}}"
sampling.cardinality.middle.n300000.pqstr,run-b63548e036abf9601e67b2c57fa93110515c339412ed95f59b33f9da4be667e7,run-ad61fd7527262d74bea0ebed3199d7300d46dee12c818495286137524dddc75a,missing_count,,,,not_applicable,"{""sampling.cardinality"":{""P.distinct"":{""denominator"":200000,""numerator"":196400},""P.placed"":{""denominator"":200000,""numerator"":3600},""full.distinct"":{""denominator"":300000,""numerator"":294000},""full.placed"":{""denominator"":300000,""numerator"":6000}}}"
sampling.cardinality.middle.n300000.pqstr,run-b63548e036abf9601e67b2c57fa93110515c339412ed95f59b33f9da4be667e7,run-ad61fd7527262d74bea0ebed3199d7300d46dee12c818495286137524dddc75a,nonmissing_count,300000.0,200000.0,-100000.0,,"{""sampling.cardinality"":{""P.distinct"":{""denominator"":200000,""numerator"":196400},""P.placed"":{""denominator"":200000,""numerator"":3600},""full.distinct"":{""denominator"":300000,""numerator"":294000},""full.placed"":{""denominator"":300000,""numerator"":6000}}}"
sampling.cardinality.middle.n300000.pqstr,run-b63548e036abf9601e67b2c57fa93110515c339412ed95f59b33f9da4be667e7,run-ad61fd7527262d74bea0ebed3199d7300d46dee12c818495286137524dddc75a,parse_attempts,,,,not_applicable,"{""sampling.cardinality"":{""P.distinct"":{""denominator"":200000,""numerator"":196400},""P.placed"":{""denominator"":200000,""numerator"":3600},""full.distinct"":{""denominator"":300000,""numerator"":294000},""full.placed"":{""denominator"":300000,""numerator"":6000}}}"
sampling.cardinality.middle.n300000.pqstr,run-b63548e036abf9601e67b2c57fa93110515c339412ed95f59b33f9da4be667e7,run-ad61fd7527262d74bea0ebed3199d7300d46dee12c818495286137524dddc75a,parse_failures,,,,not_applicable,"{""sampling.cardinality"":{""P.distinct"":{""denominator"":200000,""numerator"":196400},""P.placed"":{""denominator"":200000,""numerator"":3600},""full.distinct"":{""denominator"":300000,""numerator"":294000},""full.placed"":{""denominator"":300000,""numerator"":6000}}}"
sampling.cardinality.middle.n300000.pqstr,run-b63548e036abf9601e67b2c57fa93110515c339412ed95f59b33f9da4be667e7,run-ad61fd7527262d74bea0ebed3199d7300d46dee12c818495286137524dddc75a,repeated_entity_participants,,,,not_applicable,"{""sampling.cardinality"":{""P.distinct"":{""denominator"":200000,""numerator"":196400},""P.placed"":{""denominator"":200000,""numerator"":3600},""full.distinct"":{""denominator"":300000,""numerator"":294000},""full.placed"":{""denominator"":300000,""numerator"":6000}}}"
sampling.cardinality.middle.n300000.pqstr,run-b63548e036abf9601e67b2c57fa93110515c339412ed95f59b33f9da4be667e7,run-ad61fd7527262d74bea0ebed3199d7300d46dee12c818495286137524dddc75a,row_excess,,,,not_applicable,"{""sampling.cardinality"":{""P.distinct"":{""denominator"":200000,""numerator"":196400},""P.placed"":{""denominator"":200000,""numerator"":3600},""full.distinct"":{""denominator"":300000,""numerator"":294000},""full.placed"":{""denominator"":300000,""numerator"":6000}}}"
sampling.cardinality.tail.n300000.pqstr,run-d44de7d7001308576bca3babd30cf42c051d47caccd8443b8e792acf1a3c21cc,run-4ca111d09e9103714510250344322e3a4b940fe8df7483e6f26f06c98305264e,class_count,,,,not_applicable,"{""sampling.cardinality"":{""P.distinct"":{""denominator"":200000,""numerator"":196400},""P.placed"":{""denominator"":200000,""numerator"":3600},""full.distinct"":{""denominator"":300000,""numerator"":294000},""full.placed"":{""denominator"":300000,""numerator"":6000}}}"
sampling.cardinality.tail.n300000.pqstr,run-d44de7d7001308576bca3babd30cf42c051d47caccd8443b8e792acf1a3c21cc,run-4ca111d09e9103714510250344322e3a4b940fe8df7483e6f26f06c98305264e,complete_pairs,,,,not_applicable,"{""sampling.cardinality"":{""P.distinct"":{""denominator"":200000,""numerator"":196400},""P.placed"":{""denominator"":200000,""numerator"":3600},""full.distinct"":{""denominator"":300000,""numerator"":294000},""full.placed"":{""denominator"":300000,""numerator"":6000}}}"
sampling.cardinality.tail.n300000.pqstr,run-d44de7d7001308576bca3babd30cf42c051d47caccd8443b8e792acf1a3c21cc,run-4ca111d09e9103714510250344322e3a4b940fe8df7483e6f26f06c98305264e,distinct_count,294000.0,196400.0,-97600.0,,"{""sampling.cardinality"":{""P.distinct"":{""denominator"":200000,""numerator"":196400},""P.placed"":{""denominator"":200000,""numerator"":3600},""full.distinct"":{""denominator"":300000,""numerator"":294000},""full.placed"":{""denominator"":300000,""numerator"":6000}}}"
sampling.cardinality.tail.n300000.pqstr,run-d44de7d7001308576bca3babd30cf42c051d47caccd8443b8e792acf1a3c21cc,run-4ca111d09e9103714510250344322e3a4b940fe8df7483e6f26f06c98305264e,equality_matches,,,,not_applicable,"{""sampling.cardinality"":{""P.distinct"":{""denominator"":200000,""numerator"":196400},""P.placed"":{""denominator"":200000,""numerator"":3600},""full.distinct"":{""denominator"":300000,""numerator"":294000},""full.placed"":{""denominator"":300000,""numerator"":6000}}}"
sampling.cardinality.tail.n300000.pqstr,run-d44de7d7001308576bca3babd30cf42c051d47caccd8443b8e792acf1a3c21cc,run-4ca111d09e9103714510250344322e3a4b940fe8df7483e6f26f06c98305264e,key_excess,,,,not_applicable,"{""sampling.cardinality"":{""P.distinct"":{""denominator"":200000,""numerator"":196400},""P.placed"":{""denominator"":200000,""numerator"":3600},""full.distinct"":{""denominator"":300000,""numerator"":294000},""full.placed"":{""denominator"":300000,""numerator"":6000}}}"
sampling.cardinality.tail.n300000.pqstr,run-d44de7d7001308576bca3babd30cf42c051d47caccd8443b8e792acf1a3c21cc,run-4ca111d09e9103714510250344322e3a4b940fe8df7483e6f26f06c98305264e,mapping_matches,,,,not_applicable,"{""sampling.cardinality"":{""P.distinct"":{""denominator"":200000,""numerator"":196400},""P.placed"":{""denominator"":200000,""numerator"":3600},""full.distinct"":{""denominator"":300000,""numerator"":294000},""full.placed"":{""denominator"":300000,""numerator"":6000}}}"
sampling.cardinality.tail.n300000.pqstr,run-d44de7d7001308576bca3babd30cf42c051d47caccd8443b8e792acf1a3c21cc,run-4ca111d09e9103714510250344322e3a4b940fe8df7483e6f26f06c98305264e,minority_count,,,,not_applicable,"{""sampling.cardinality"":{""P.distinct"":{""denominator"":200000,""numerator"":196400},""P.placed"":{""denominator"":200000,""numerator"":3600},""full.distinct"":{""denominator"":300000,""numerator"":294000},""full.placed"":{""denominator"":300000,""numerator"":6000}}}"
sampling.cardinality.tail.n300000.pqstr,run-d44de7d7001308576bca3babd30cf42c051d47caccd8443b8e792acf1a3c21cc,run-4ca111d09e9103714510250344322e3a4b940fe8df7483e6f26f06c98305264e,missing_count,,,,not_applicable,"{""sampling.cardinality"":{""P.distinct"":{""denominator"":200000,""numerator"":196400},""P.placed"":{""denominator"":200000,""numerator"":3600},""full.distinct"":{""denominator"":300000,""numerator"":294000},""full.placed"":{""denominator"":300000,""numerator"":6000}}}"
sampling.cardinality.tail.n300000.pqstr,run-d44de7d7001308576bca3babd30cf42c051d47caccd8443b8e792acf1a3c21cc,run-4ca111d09e9103714510250344322e3a4b940fe8df7483e6f26f06c98305264e,nonmissing_count,300000.0,200000.0,-100000.0,,"{""sampling.cardinality"":{""P.distinct"":{""denominator"":200000,""numerator"":196400},""P.placed"":{""denominator"":200000,""numerator"":3600},""full.distinct"":{""denominator"":300000,""numerator"":294000},""full.placed"":{""denominator"":300000,""numerator"":6000}}}"
sampling.cardinality.tail.n300000.pqstr,run-d44de7d7001308576bca3babd30cf42c051d47caccd8443b8e792acf1a3c21cc,run-4ca111d09e9103714510250344322e3a4b940fe8df7483e6f26f06c98305264e,parse_attempts,,,,not_applicable,"{""sampling.cardinality"":{""P.distinct"":{""denominator"":200000,""numerator"":196400},""P.placed"":{""denominator"":200000,""numerator"":3600},""full.distinct"":{""denominator"":300000,""numerator"":294000},""full.placed"":{""denominator"":300000,""numerator"":6000}}}"
sampling.cardinality.tail.n300000.pqstr,run-d44de7d7001308576bca3babd30cf42c051d47caccd8443b8e792acf1a3c21cc,run-4ca111d09e9103714510250344322e3a4b940fe8df7483e6f26f06c98305264e,parse_failures,,,,not_applicable,"{""sampling.cardinality"":{""P.distinct"":{""denominator"":200000,""numerator"":196400},""P.placed"":{""denominator"":200000,""numerator"":3600},""full.distinct"":{""denominator"":300000,""numerator"":294000},""full.placed"":{""denominator"":300000,""numerator"":6000}}}"
sampling.cardinality.tail.n300000.pqstr,run-d44de7d7001308576bca3babd30cf42c051d47caccd8443b8e792acf1a3c21cc,run-4ca111d09e9103714510250344322e3a4b940fe8df7483e6f26f06c98305264e,repeated_entity_participants,,,,not_applicable,"{""sampling.cardinality"":{""P.distinct"":{""denominator"":200000,""numerator"":196400},""P.placed"":{""denominator"":200000,""numerator"":3600},""full.distinct"":{""denominator"":300000,""numerator"":294000},""full.placed"":{""denominator"":300000,""numerator"":6000}}}"
sampling.cardinality.tail.n300000.pqstr,run-d44de7d7001308576bca3babd30cf42c051d47caccd8443b8e792acf1a3c21cc,run-4ca111d09e9103714510250344322e3a4b940fe8df7483e6f26f06c98305264e,row_excess,,,,not_applicable,"{""sampling.cardinality"":{""P.distinct"":{""denominator"":200000,""numerator"":196400},""P.placed"":{""denominator"":200000,""numerator"":3600},""full.distinct"":{""denominator"":300000,""numerator"":294000},""full.placed"":{""denominator"":300000,""numerator"":6000}}}"
sampling.class_boundary.gaps.n300000.pqstr,run-2556399eef295ffffcd525cdb00be65e5cd8a72bfe8b5fced3883c59fe89fca8,run-abd64c21b46d9c1c9198c482d999edf2afab529405d613650de180f392005e98,class_count,2.0,1.0,-1.0,,"{""sampling.class_boundary"":{""P.minority"":{""denominator"":200000,""numerator"":0},""P.observed_classes"":{""denominator"":2,""numerator"":1},""P.placed"":{""denominator"":200000,""numerator"":0},""full.minority"":{""denominator"":300000,""numerator"":30000},""full.placed"":{""denominator"":300000,""numerator"":30000}}}"
sampling.class_boundary.gaps.n300000.pqstr,run-2556399eef295ffffcd525cdb00be65e5cd8a72bfe8b5fced3883c59fe89fca8,run-abd64c21b46d9c1c9198c482d999edf2afab529405d613650de180f392005e98,complete_pairs,,,,not_applicable,"{""sampling.class_boundary"":{""P.minority"":{""denominator"":200000,""numerator"":0},""P.observed_classes"":{""denominator"":2,""numerator"":1},""P.placed"":{""denominator"":200000,""numerator"":0},""full.minority"":{""denominator"":300000,""numerator"":30000},""full.placed"":{""denominator"":300000,""numerator"":30000}}}"
sampling.class_boundary.gaps.n300000.pqstr,run-2556399eef295ffffcd525cdb00be65e5cd8a72bfe8b5fced3883c59fe89fca8,run-abd64c21b46d9c1c9198c482d999edf2afab529405d613650de180f392005e98,distinct_count,2.0,1.0,-1.0,,"{""sampling.class_boundary"":{""P.minority"":{""denominator"":200000,""numerator"":0},""P.observed_classes"":{""denominator"":2,""numerator"":1},""P.placed"":{""denominator"":200000,""numerator"":0},""full.minority"":{""denominator"":300000,""numerator"":30000},""full.placed"":{""denominator"":300000,""numerator"":30000}}}"
sampling.class_boundary.gaps.n300000.pqstr,run-2556399eef295ffffcd525cdb00be65e5cd8a72bfe8b5fced3883c59fe89fca8,run-abd64c21b46d9c1c9198c482d999edf2afab529405d613650de180f392005e98,equality_matches,,,,not_applicable,"{""sampling.class_boundary"":{""P.minority"":{""denominator"":200000,""numerator"":0},""P.observed_classes"":{""denominator"":2,""numerator"":1},""P.placed"":{""denominator"":200000,""numerator"":0},""full.minority"":{""denominator"":300000,""numerator"":30000},""full.placed"":{""denominator"":300000,""numerator"":30000}}}"
sampling.class_boundary.gaps.n300000.pqstr,run-2556399eef295ffffcd525cdb00be65e5cd8a72bfe8b5fced3883c59fe89fca8,run-abd64c21b46d9c1c9198c482d999edf2afab529405d613650de180f392005e98,key_excess,,,,not_applicable,"{""sampling.class_boundary"":{""P.minority"":{""denominator"":200000,""numerator"":0},""P.observed_classes"":{""denominator"":2,""numerator"":1},""P.placed"":{""denominator"":200000,""numerator"":0},""full.minority"":{""denominator"":300000,""numerator"":30000},""full.placed"":{""denominator"":300000,""numerator"":30000}}}"
sampling.class_boundary.gaps.n300000.pqstr,run-2556399eef295ffffcd525cdb00be65e5cd8a72bfe8b5fced3883c59fe89fca8,run-abd64c21b46d9c1c9198c482d999edf2afab529405d613650de180f392005e98,mapping_matches,,,,not_applicable,"{""sampling.class_boundary"":{""P.minority"":{""denominator"":200000,""numerator"":0},""P.observed_classes"":{""denominator"":2,""numerator"":1},""P.placed"":{""denominator"":200000,""numerator"":0},""full.minority"":{""denominator"":300000,""numerator"":30000},""full.placed"":{""denominator"":300000,""numerator"":30000}}}"
sampling.class_boundary.gaps.n300000.pqstr,run-2556399eef295ffffcd525cdb00be65e5cd8a72bfe8b5fced3883c59fe89fca8,run-abd64c21b46d9c1c9198c482d999edf2afab529405d613650de180f392005e98,minority_count,30000.0,200000.0,170000.0,,"{""sampling.class_boundary"":{""P.minority"":{""denominator"":200000,""numerator"":0},""P.observed_classes"":{""denominator"":2,""numerator"":1},""P.placed"":{""denominator"":200000,""numerator"":0},""full.minority"":{""denominator"":300000,""numerator"":30000},""full.placed"":{""denominator"":300000,""numerator"":30000}}}"
sampling.class_boundary.gaps.n300000.pqstr,run-2556399eef295ffffcd525cdb00be65e5cd8a72bfe8b5fced3883c59fe89fca8,run-abd64c21b46d9c1c9198c482d999edf2afab529405d613650de180f392005e98,missing_count,,,,not_applicable,"{""sampling.class_boundary"":{""P.minority"":{""denominator"":200000,""numerator"":0},""P.observed_classes"":{""denominator"":2,""numerator"":1},""P.placed"":{""denominator"":200000,""numerator"":0},""full.minority"":{""denominator"":300000,""numerator"":30000},""full.placed"":{""denominator"":300000,""numerator"":30000}}}"
sampling.class_boundary.gaps.n300000.pqstr,run-2556399eef295ffffcd525cdb00be65e5cd8a72bfe8b5fced3883c59fe89fca8,run-abd64c21b46d9c1c9198c482d999edf2afab529405d613650de180f392005e98,nonmissing_count,300000.0,200000.0,-100000.0,,"{""sampling.class_boundary"":{""P.minority"":{""denominator"":200000,""numerator"":0},""P.observed_classes"":{""denominator"":2,""numerator"":1},""P.placed"":{""denominator"":200000,""numerator"":0},""full.minority"":{""denominator"":300000,""numerator"":30000},""full.placed"":{""denominator"":300000,""numerator"":30000}}}"
sampling.class_boundary.gaps.n300000.pqstr,run-2556399eef295ffffcd525cdb00be65e5cd8a72bfe8b5fced3883c59fe89fca8,run-abd64c21b46d9c1c9198c482d999edf2afab529405d613650de180f392005e98,parse_attempts,,,,not_applicable,"{""sampling.class_boundary"":{""P.minority"":{""denominator"":200000,""numerator"":0},""P.observed_classes"":{""denominator"":2,""numerator"":1},""P.placed"":{""denominator"":200000,""numerator"":0},""full.minority"":{""denominator"":300000,""numerator"":30000},""full.placed"":{""denominator"":300000,""numerator"":30000}}}"
sampling.class_boundary.gaps.n300000.pqstr,run-2556399eef295ffffcd525cdb00be65e5cd8a72bfe8b5fced3883c59fe89fca8,run-abd64c21b46d9c1c9198c482d999edf2afab529405d613650de180f392005e98,parse_failures,,,,not_applicable,"{""sampling.class_boundary"":{""P.minority"":{""denominator"":200000,""numerator"":0},""P.observed_classes"":{""denominator"":2,""numerator"":1},""P.placed"":{""denominator"":200000,""numerator"":0},""full.minority"":{""denominator"":300000,""numerator"":30000},""full.placed"":{""denominator"":300000,""numerator"":30000}}}"
sampling.class_boundary.gaps.n300000.pqstr,run-2556399eef295ffffcd525cdb00be65e5cd8a72bfe8b5fced3883c59fe89fca8,run-abd64c21b46d9c1c9198c482d999edf2afab529405d613650de180f392005e98,repeated_entity_participants,,,,not_applicable,"{""sampling.class_boundary"":{""P.minority"":{""denominator"":200000,""numerator"":0},""P.observed_classes"":{""denominator"":2,""numerator"":1},""P.placed"":{""denominator"":200000,""numerator"":0},""full.minority"":{""denominator"":300000,""numerator"":30000},""full.placed"":{""denominator"":300000,""numerator"":30000}}}"
sampling.class_boundary.gaps.n300000.pqstr,run-2556399eef295ffffcd525cdb00be65e5cd8a72bfe8b5fced3883c59fe89fca8,run-abd64c21b46d9c1c9198c482d999edf2afab529405d613650de180f392005e98,row_excess,,,,not_applicable,"{""sampling.class_boundary"":{""P.minority"":{""denominator"":200000,""numerator"":0},""P.observed_classes"":{""denominator"":2,""numerator"":1},""P.placed"":{""denominator"":200000,""numerator"":0},""full.minority"":{""denominator"":300000,""numerator"":30000},""full.placed"":{""denominator"":300000,""numerator"":30000}}}"
sampling.class_boundary.head.n300000.pqstr,run-fb97e5664c970084d1cca9c178453a4faea7957d753f0d59e6b237fc7cb31ec7,run-5183d6c7f6c2ccc2c0cd3d12dfaf074db90ae26334a49104808df01217d720cd,class_count,2.0,2.0,0.0,,"{""sampling.class_boundary"":{""P.minority"":{""denominator"":200000,""numerator"":30000},""P.observed_classes"":{""denominator"":2,""numerator"":2},""P.placed"":{""denominator"":200000,""numerator"":30000},""full.minority"":{""denominator"":300000,""numerator"":30000},""full.placed"":{""denominator"":300000,""numerator"":30000}}}"
sampling.class_boundary.head.n300000.pqstr,run-fb97e5664c970084d1cca9c178453a4faea7957d753f0d59e6b237fc7cb31ec7,run-5183d6c7f6c2ccc2c0cd3d12dfaf074db90ae26334a49104808df01217d720cd,complete_pairs,,,,not_applicable,"{""sampling.class_boundary"":{""P.minority"":{""denominator"":200000,""numerator"":30000},""P.observed_classes"":{""denominator"":2,""numerator"":2},""P.placed"":{""denominator"":200000,""numerator"":30000},""full.minority"":{""denominator"":300000,""numerator"":30000},""full.placed"":{""denominator"":300000,""numerator"":30000}}}"
sampling.class_boundary.head.n300000.pqstr,run-fb97e5664c970084d1cca9c178453a4faea7957d753f0d59e6b237fc7cb31ec7,run-5183d6c7f6c2ccc2c0cd3d12dfaf074db90ae26334a49104808df01217d720cd,distinct_count,2.0,2.0,0.0,,"{""sampling.class_boundary"":{""P.minority"":{""denominator"":200000,""numerator"":30000},""P.observed_classes"":{""denominator"":2,""numerator"":2},""P.placed"":{""denominator"":200000,""numerator"":30000},""full.minority"":{""denominator"":300000,""numerator"":30000},""full.placed"":{""denominator"":300000,""numerator"":30000}}}"
sampling.class_boundary.head.n300000.pqstr,run-fb97e5664c970084d1cca9c178453a4faea7957d753f0d59e6b237fc7cb31ec7,run-5183d6c7f6c2ccc2c0cd3d12dfaf074db90ae26334a49104808df01217d720cd,equality_matches,,,,not_applicable,"{""sampling.class_boundary"":{""P.minority"":{""denominator"":200000,""numerator"":30000},""P.observed_classes"":{""denominator"":2,""numerator"":2},""P.placed"":{""denominator"":200000,""numerator"":30000},""full.minority"":{""denominator"":300000,""numerator"":30000},""full.placed"":{""denominator"":300000,""numerator"":30000}}}"
sampling.class_boundary.head.n300000.pqstr,run-fb97e5664c970084d1cca9c178453a4faea7957d753f0d59e6b237fc7cb31ec7,run-5183d6c7f6c2ccc2c0cd3d12dfaf074db90ae26334a49104808df01217d720cd,key_excess,,,,not_applicable,"{""sampling.class_boundary"":{""P.minority"":{""denominator"":200000,""numerator"":30000},""P.observed_classes"":{""denominator"":2,""numerator"":2},""P.placed"":{""denominator"":200000,""numerator"":30000},""full.minority"":{""denominator"":300000,""numerator"":30000},""full.placed"":{""denominator"":300000,""numerator"":30000}}}"
sampling.class_boundary.head.n300000.pqstr,run-fb97e5664c970084d1cca9c178453a4faea7957d753f0d59e6b237fc7cb31ec7,run-5183d6c7f6c2ccc2c0cd3d12dfaf074db90ae26334a49104808df01217d720cd,mapping_matches,,,,not_applicable,"{""sampling.class_boundary"":{""P.minority"":{""denominator"":200000,""numerator"":30000},""P.observed_classes"":{""denominator"":2,""numerator"":2},""P.placed"":{""denominator"":200000,""numerator"":30000},""full.minority"":{""denominator"":300000,""numerator"":30000},""full.placed"":{""denominator"":300000,""numerator"":30000}}}"
sampling.class_boundary.head.n300000.pqstr,run-fb97e5664c970084d1cca9c178453a4faea7957d753f0d59e6b237fc7cb31ec7,run-5183d6c7f6c2ccc2c0cd3d12dfaf074db90ae26334a49104808df01217d720cd,minority_count,30000.0,30000.0,0.0,,"{""sampling.class_boundary"":{""P.minority"":{""denominator"":200000,""numerator"":30000},""P.observed_classes"":{""denominator"":2,""numerator"":2},""P.placed"":{""denominator"":200000,""numerator"":30000},""full.minority"":{""denominator"":300000,""numerator"":30000},""full.placed"":{""denominator"":300000,""numerator"":30000}}}"
sampling.class_boundary.head.n300000.pqstr,run-fb97e5664c970084d1cca9c178453a4faea7957d753f0d59e6b237fc7cb31ec7,run-5183d6c7f6c2ccc2c0cd3d12dfaf074db90ae26334a49104808df01217d720cd,missing_count,,,,not_applicable,"{""sampling.class_boundary"":{""P.minority"":{""denominator"":200000,""numerator"":30000},""P.observed_classes"":{""denominator"":2,""numerator"":2},""P.placed"":{""denominator"":200000,""numerator"":30000},""full.minority"":{""denominator"":300000,""numerator"":30000},""full.placed"":{""denominator"":300000,""numerator"":30000}}}"
sampling.class_boundary.head.n300000.pqstr,run-fb97e5664c970084d1cca9c178453a4faea7957d753f0d59e6b237fc7cb31ec7,run-5183d6c7f6c2ccc2c0cd3d12dfaf074db90ae26334a49104808df01217d720cd,nonmissing_count,300000.0,200000.0,-100000.0,,"{""sampling.class_boundary"":{""P.minority"":{""denominator"":200000,""numerator"":30000},""P.observed_classes"":{""denominator"":2,""numerator"":2},""P.placed"":{""denominator"":200000,""numerator"":30000},""full.minority"":{""denominator"":300000,""numerator"":30000},""full.placed"":{""denominator"":300000,""numerator"":30000}}}"
sampling.class_boundary.head.n300000.pqstr,run-fb97e5664c970084d1cca9c178453a4faea7957d753f0d59e6b237fc7cb31ec7,run-5183d6c7f6c2ccc2c0cd3d12dfaf074db90ae26334a49104808df01217d720cd,parse_attempts,,,,not_applicable,"{""sampling.class_boundary"":{""P.minority"":{""denominator"":200000,""numerator"":30000},""P.observed_classes"":{""denominator"":2,""numerator"":2},""P.placed"":{""denominator"":200000,""numerator"":30000},""full.minority"":{""denominator"":300000,""numerator"":30000},""full.placed"":{""denominator"":300000,""numerator"":30000}}}"
sampling.class_boundary.head.n300000.pqstr,run-fb97e5664c970084d1cca9c178453a4faea7957d753f0d59e6b237fc7cb31ec7,run-5183d6c7f6c2ccc2c0cd3d12dfaf074db90ae26334a49104808df01217d720cd,parse_failures,,,,not_applicable,"{""sampling.class_boundary"":{""P.minority"":{""denominator"":200000,""numerator"":30000},""P.observed_classes"":{""denominator"":2,""numerator"":2},""P.placed"":{""denominator"":200000,""numerator"":30000},""full.minority"":{""denominator"":300000,""numerator"":30000},""full.placed"":{""denominator"":300000,""numerator"":30000}}}"
sampling.class_boundary.head.n300000.pqstr,run-fb97e5664c970084d1cca9c178453a4faea7957d753f0d59e6b237fc7cb31ec7,run-5183d6c7f6c2ccc2c0cd3d12dfaf074db90ae26334a49104808df01217d720cd,repeated_entity_participants,,,,not_applicable,"{""sampling.class_boundary"":{""P.minority"":{""denominator"":200000,""numerator"":30000},""P.observed_classes"":{""denominator"":2,""numerator"":2},""P.placed"":{""denominator"":200000,""numerator"":30000},""full.minority"":{""denominator"":300000,""numerator"":30000},""full.placed"":{""denominator"":300000,""numerator"":30000}}}"
sampling.class_boundary.head.n300000.pqstr,run-fb97e5664c970084d1cca9c178453a4faea7957d753f0d59e6b237fc7cb31ec7,run-5183d6c7f6c2ccc2c0cd3d12dfaf074db90ae26334a49104808df01217d720cd,row_excess,,,,not_applicable,"{""sampling.class_boundary"":{""P.minority"":{""denominator"":200000,""numerator"":30000},""P.observed_classes"":{""denominator"":2,""numerator"":2},""P.placed"":{""denominator"":200000,""numerator"":30000},""full.minority"":{""denominator"":300000,""numerator"":30000},""full.placed"":{""denominator"":300000,""numerator"":30000}}}"
sampling.class_boundary.middle.n300000.pqstr,run-ac128fc788dea14322d5850efa75548ed7949a47160c5351eb8ac45373670f46,run-2aeefc83092ca21ace60b806976b804501001c228e9a0e8a60cc14c25517f81f,class_count,2.0,2.0,0.0,,"{""sampling.class_boundary"":{""P.minority"":{""denominator"":200000,""numerator"":18000},""P.observed_classes"":{""denominator"":2,""numerator"":2},""P.placed"":{""denominator"":200000,""numerator"":18000},""full.minority"":{""denominator"":300000,""numerator"":30000},""full.placed"":{""denominator"":300000,""numerator"":30000}}}"
sampling.class_boundary.middle.n300000.pqstr,run-ac128fc788dea14322d5850efa75548ed7949a47160c5351eb8ac45373670f46,run-2aeefc83092ca21ace60b806976b804501001c228e9a0e8a60cc14c25517f81f,complete_pairs,,,,not_applicable,"{""sampling.class_boundary"":{""P.minority"":{""denominator"":200000,""numerator"":18000},""P.observed_classes"":{""denominator"":2,""numerator"":2},""P.placed"":{""denominator"":200000,""numerator"":18000},""full.minority"":{""denominator"":300000,""numerator"":30000},""full.placed"":{""denominator"":300000,""numerator"":30000}}}"
sampling.class_boundary.middle.n300000.pqstr,run-ac128fc788dea14322d5850efa75548ed7949a47160c5351eb8ac45373670f46,run-2aeefc83092ca21ace60b806976b804501001c228e9a0e8a60cc14c25517f81f,distinct_count,2.0,2.0,0.0,,"{""sampling.class_boundary"":{""P.minority"":{""denominator"":200000,""numerator"":18000},""P.observed_classes"":{""denominator"":2,""numerator"":2},""P.placed"":{""denominator"":200000,""numerator"":18000},""full.minority"":{""denominator"":300000,""numerator"":30000},""full.placed"":{""denominator"":300000,""numerator"":30000}}}"
sampling.class_boundary.middle.n300000.pqstr,run-ac128fc788dea14322d5850efa75548ed7949a47160c5351eb8ac45373670f46,run-2aeefc83092ca21ace60b806976b804501001c228e9a0e8a60cc14c25517f81f,equality_matches,,,,not_applicable,"{""sampling.class_boundary"":{""P.minority"":{""denominator"":200000,""numerator"":18000},""P.observed_classes"":{""denominator"":2,""numerator"":2},""P.placed"":{""denominator"":200000,""numerator"":18000},""full.minority"":{""denominator"":300000,""numerator"":30000},""full.placed"":{""denominator"":300000,""numerator"":30000}}}"
sampling.class_boundary.middle.n300000.pqstr,run-ac128fc788dea14322d5850efa75548ed7949a47160c5351eb8ac45373670f46,run-2aeefc83092ca21ace60b806976b804501001c228e9a0e8a60cc14c25517f81f,key_excess,,,,not_applicable,"{""sampling.class_boundary"":{""P.minority"":{""denominator"":200000,""numerator"":18000},""P.observed_classes"":{""denominator"":2,""numerator"":2},""P.placed"":{""denominator"":200000,""numerator"":18000},""full.minority"":{""denominator"":300000,""numerator"":30000},""full.placed"":{""denominator"":300000,""numerator"":30000}}}"
sampling.class_boundary.middle.n300000.pqstr,run-ac128fc788dea14322d5850efa75548ed7949a47160c5351eb8ac45373670f46,run-2aeefc83092ca21ace60b806976b804501001c228e9a0e8a60cc14c25517f81f,mapping_matches,,,,not_applicable,"{""sampling.class_boundary"":{""P.minority"":{""denominator"":200000,""numerator"":18000},""P.observed_classes"":{""denominator"":2,""numerator"":2},""P.placed"":{""denominator"":200000,""numerator"":18000},""full.minority"":{""denominator"":300000,""numerator"":30000},""full.placed"":{""denominator"":300000,""numerator"":30000}}}"
sampling.class_boundary.middle.n300000.pqstr,run-ac128fc788dea14322d5850efa75548ed7949a47160c5351eb8ac45373670f46,run-2aeefc83092ca21ace60b806976b804501001c228e9a0e8a60cc14c25517f81f,minority_count,30000.0,18000.0,-12000.0,,"{""sampling.class_boundary"":{""P.minority"":{""denominator"":200000,""numerator"":18000},""P.observed_classes"":{""denominator"":2,""numerator"":2},""P.placed"":{""denominator"":200000,""numerator"":18000},""full.minority"":{""denominator"":300000,""numerator"":30000},""full.placed"":{""denominator"":300000,""numerator"":30000}}}"
sampling.class_boundary.middle.n300000.pqstr,run-ac128fc788dea14322d5850efa75548ed7949a47160c5351eb8ac45373670f46,run-2aeefc83092ca21ace60b806976b804501001c228e9a0e8a60cc14c25517f81f,missing_count,,,,not_applicable,"{""sampling.class_boundary"":{""P.minority"":{""denominator"":200000,""numerator"":18000},""P.observed_classes"":{""denominator"":2,""numerator"":2},""P.placed"":{""denominator"":200000,""numerator"":18000},""full.minority"":{""denominator"":300000,""numerator"":30000},""full.placed"":{""denominator"":300000,""numerator"":30000}}}"
sampling.class_boundary.middle.n300000.pqstr,run-ac128fc788dea14322d5850efa75548ed7949a47160c5351eb8ac45373670f46,run-2aeefc83092ca21ace60b806976b804501001c228e9a0e8a60cc14c25517f81f,nonmissing_count,300000.0,200000.0,-100000.0,,"{""sampling.class_boundary"":{""P.minority"":{""denominator"":200000,""numerator"":18000},""P.observed_classes"":{""denominator"":2,""numerator"":2},""P.placed"":{""denominator"":200000,""numerator"":18000},""full.minority"":{""denominator"":300000,""numerator"":30000},""full.placed"":{""denominator"":300000,""numerator"":30000}}}"
sampling.class_boundary.middle.n300000.pqstr,run-ac128fc788dea14322d5850efa75548ed7949a47160c5351eb8ac45373670f46,run-2aeefc83092ca21ace60b806976b804501001c228e9a0e8a60cc14c25517f81f,parse_attempts,,,,not_applicable,"{""sampling.class_boundary"":{""P.minority"":{""denominator"":200000,""numerator"":18000},""P.observed_classes"":{""denominator"":2,""numerator"":2},""P.placed"":{""denominator"":200000,""numerator"":18000},""full.minority"":{""denominator"":300000,""numerator"":30000},""full.placed"":{""denominator"":300000,""numerator"":30000}}}"
sampling.class_boundary.middle.n300000.pqstr,run-ac128fc788dea14322d5850efa75548ed7949a47160c5351eb8ac45373670f46,run-2aeefc83092ca21ace60b806976b804501001c228e9a0e8a60cc14c25517f81f,parse_failures,,,,not_applicable,"{""sampling.class_boundary"":{""P.minority"":{""denominator"":200000,""numerator"":18000},""P.observed_classes"":{""denominator"":2,""numerator"":2},""P.placed"":{""denominator"":200000,""numerator"":18000},""full.minority"":{""denominator"":300000,""numerator"":30000},""full.placed"":{""denominator"":300000,""numerator"":30000}}}"
sampling.class_boundary.middle.n300000.pqstr,run-ac128fc788dea14322d5850efa75548ed7949a47160c5351eb8ac45373670f46,run-2aeefc83092ca21ace60b806976b804501001c228e9a0e8a60cc14c25517f81f,repeated_entity_participants,,,,not_applicable,"{""sampling.class_boundary"":{""P.minority"":{""denominator"":200000,""numerator"":18000},""P.observed_classes"":{""denominator"":2,""numerator"":2},""P.placed"":{""denominator"":200000,""numerator"":18000},""full.minority"":{""denominator"":300000,""numerator"":30000},""full.placed"":{""denominator"":300000,""numerator"":30000}}}"
sampling.class_boundary.middle.n300000.pqstr,run-ac128fc788dea14322d5850efa75548ed7949a47160c5351eb8ac45373670f46,run-2aeefc83092ca21ace60b806976b804501001c228e9a0e8a60cc14c25517f81f,row_excess,,,,not_applicable,"{""sampling.class_boundary"":{""P.minority"":{""denominator"":200000,""numerator"":18000},""P.observed_classes"":{""denominator"":2,""numerator"":2},""P.placed"":{""denominator"":200000,""numerator"":18000},""full.minority"":{""denominator"":300000,""numerator"":30000},""full.placed"":{""denominator"":300000,""numerator"":30000}}}"
sampling.class_boundary.tail.n300000.pqstr,run-905362bfa0e9b45ea45ebb4c8b7b2043e12c5e5f407676453d885165bab6eb9a,run-b23a1f11939efa6f5b99aac75dd39cdf35a9687bc99f24b92e016f3288fe93bb,class_count,2.0,2.0,0.0,,"{""sampling.class_boundary"":{""P.minority"":{""denominator"":200000,""numerator"":18000},""P.observed_classes"":{""denominator"":2,""numerator"":2},""P.placed"":{""denominator"":200000,""numerator"":18000},""full.minority"":{""denominator"":300000,""numerator"":30000},""full.placed"":{""denominator"":300000,""numerator"":30000}}}"
sampling.class_boundary.tail.n300000.pqstr,run-905362bfa0e9b45ea45ebb4c8b7b2043e12c5e5f407676453d885165bab6eb9a,run-b23a1f11939efa6f5b99aac75dd39cdf35a9687bc99f24b92e016f3288fe93bb,complete_pairs,,,,not_applicable,"{""sampling.class_boundary"":{""P.minority"":{""denominator"":200000,""numerator"":18000},""P.observed_classes"":{""denominator"":2,""numerator"":2},""P.placed"":{""denominator"":200000,""numerator"":18000},""full.minority"":{""denominator"":300000,""numerator"":30000},""full.placed"":{""denominator"":300000,""numerator"":30000}}}"
sampling.class_boundary.tail.n300000.pqstr,run-905362bfa0e9b45ea45ebb4c8b7b2043e12c5e5f407676453d885165bab6eb9a,run-b23a1f11939efa6f5b99aac75dd39cdf35a9687bc99f24b92e016f3288fe93bb,distinct_count,2.0,2.0,0.0,,"{""sampling.class_boundary"":{""P.minority"":{""denominator"":200000,""numerator"":18000},""P.observed_classes"":{""denominator"":2,""numerator"":2},""P.placed"":{""denominator"":200000,""numerator"":18000},""full.minority"":{""denominator"":300000,""numerator"":30000},""full.placed"":{""denominator"":300000,""numerator"":30000}}}"
sampling.class_boundary.tail.n300000.pqstr,run-905362bfa0e9b45ea45ebb4c8b7b2043e12c5e5f407676453d885165bab6eb9a,run-b23a1f11939efa6f5b99aac75dd39cdf35a9687bc99f24b92e016f3288fe93bb,equality_matches,,,,not_applicable,"{""sampling.class_boundary"":{""P.minority"":{""denominator"":200000,""numerator"":18000},""P.observed_classes"":{""denominator"":2,""numerator"":2},""P.placed"":{""denominator"":200000,""numerator"":18000},""full.minority"":{""denominator"":300000,""numerator"":30000},""full.placed"":{""denominator"":300000,""numerator"":30000}}}"
sampling.class_boundary.tail.n300000.pqstr,run-905362bfa0e9b45ea45ebb4c8b7b2043e12c5e5f407676453d885165bab6eb9a,run-b23a1f11939efa6f5b99aac75dd39cdf35a9687bc99f24b92e016f3288fe93bb,key_excess,,,,not_applicable,"{""sampling.class_boundary"":{""P.minority"":{""denominator"":200000,""numerator"":18000},""P.observed_classes"":{""denominator"":2,""numerator"":2},""P.placed"":{""denominator"":200000,""numerator"":18000},""full.minority"":{""denominator"":300000,""numerator"":30000},""full.placed"":{""denominator"":300000,""numerator"":30000}}}"
sampling.class_boundary.tail.n300000.pqstr,run-905362bfa0e9b45ea45ebb4c8b7b2043e12c5e5f407676453d885165bab6eb9a,run-b23a1f11939efa6f5b99aac75dd39cdf35a9687bc99f24b92e016f3288fe93bb,mapping_matches,,,,not_applicable,"{""sampling.class_boundary"":{""P.minority"":{""denominator"":200000,""numerator"":18000},""P.observed_classes"":{""denominator"":2,""numerator"":2},""P.placed"":{""denominator"":200000,""numerator"":18000},""full.minority"":{""denominator"":300000,""numerator"":30000},""full.placed"":{""denominator"":300000,""numerator"":30000}}}"
sampling.class_boundary.tail.n300000.pqstr,run-905362bfa0e9b45ea45ebb4c8b7b2043e12c5e5f407676453d885165bab6eb9a,run-b23a1f11939efa6f5b99aac75dd39cdf35a9687bc99f24b92e016f3288fe93bb,minority_count,30000.0,18000.0,-12000.0,,"{""sampling.class_boundary"":{""P.minority"":{""denominator"":200000,""numerator"":18000},""P.observed_classes"":{""denominator"":2,""numerator"":2},""P.placed"":{""denominator"":200000,""numerator"":18000},""full.minority"":{""denominator"":300000,""numerator"":30000},""full.placed"":{""denominator"":300000,""numerator"":30000}}}"
sampling.class_boundary.tail.n300000.pqstr,run-905362bfa0e9b45ea45ebb4c8b7b2043e12c5e5f407676453d885165bab6eb9a,run-b23a1f11939efa6f5b99aac75dd39cdf35a9687bc99f24b92e016f3288fe93bb,missing_count,,,,not_applicable,"{""sampling.class_boundary"":{""P.minority"":{""denominator"":200000,""numerator"":18000},""P.observed_classes"":{""denominator"":2,""numerator"":2},""P.placed"":{""denominator"":200000,""numerator"":18000},""full.minority"":{""denominator"":300000,""numerator"":30000},""full.placed"":{""denominator"":300000,""numerator"":30000}}}"
sampling.class_boundary.tail.n300000.pqstr,run-905362bfa0e9b45ea45ebb4c8b7b2043e12c5e5f407676453d885165bab6eb9a,run-b23a1f11939efa6f5b99aac75dd39cdf35a9687bc99f24b92e016f3288fe93bb,nonmissing_count,300000.0,200000.0,-100000.0,,"{""sampling.class_boundary"":{""P.minority"":{""denominator"":200000,""numerator"":18000},""P.observed_classes"":{""denominator"":2,""numerator"":2},""P.placed"":{""denominator"":200000,""numerator"":18000},""full.minority"":{""denominator"":300000,""numerator"":30000},""full.placed"":{""denominator"":300000,""numerator"":30000}}}"
sampling.class_boundary.tail.n300000.pqstr,run-905362bfa0e9b45ea45ebb4c8b7b2043e12c5e5f407676453d885165bab6eb9a,run-b23a1f11939efa6f5b99aac75dd39cdf35a9687bc99f24b92e016f3288fe93bb,parse_attempts,,,,not_applicable,"{""sampling.class_boundary"":{""P.minority"":{""denominator"":200000,""numerator"":18000},""P.observed_classes"":{""denominator"":2,""numerator"":2},""P.placed"":{""denominator"":200000,""numerator"":18000},""full.minority"":{""denominator"":300000,""numerator"":30000},""full.placed"":{""denominator"":300000,""numerator"":30000}}}"
sampling.class_boundary.tail.n300000.pqstr,run-905362bfa0e9b45ea45ebb4c8b7b2043e12c5e5f407676453d885165bab6eb9a,run-b23a1f11939efa6f5b99aac75dd39cdf35a9687bc99f24b92e016f3288fe93bb,parse_failures,,,,not_applicable,"{""sampling.class_boundary"":{""P.minority"":{""denominator"":200000,""numerator"":18000},""P.observed_classes"":{""denominator"":2,""numerator"":2},""P.placed"":{""denominator"":200000,""numerator"":18000},""full.minority"":{""denominator"":300000,""numerator"":30000},""full.placed"":{""denominator"":300000,""numerator"":30000}}}"
sampling.class_boundary.tail.n300000.pqstr,run-905362bfa0e9b45ea45ebb4c8b7b2043e12c5e5f407676453d885165bab6eb9a,run-b23a1f11939efa6f5b99aac75dd39cdf35a9687bc99f24b92e016f3288fe93bb,repeated_entity_participants,,,,not_applicable,"{""sampling.class_boundary"":{""P.minority"":{""denominator"":200000,""numerator"":18000},""P.observed_classes"":{""denominator"":2,""numerator"":2},""P.placed"":{""denominator"":200000,""numerator"":18000},""full.minority"":{""denominator"":300000,""numerator"":30000},""full.placed"":{""denominator"":300000,""numerator"":30000}}}"
sampling.class_boundary.tail.n300000.pqstr,run-905362bfa0e9b45ea45ebb4c8b7b2043e12c5e5f407676453d885165bab6eb9a,run-b23a1f11939efa6f5b99aac75dd39cdf35a9687bc99f24b92e016f3288fe93bb,row_excess,,,,not_applicable,"{""sampling.class_boundary"":{""P.minority"":{""denominator"":200000,""numerator"":18000},""P.observed_classes"":{""denominator"":2,""numerator"":2},""P.placed"":{""denominator"":200000,""numerator"":18000},""full.minority"":{""denominator"":300000,""numerator"":30000},""full.placed"":{""denominator"":300000,""numerator"":30000}}}"
sampling.class_rare.gaps.n300000.pqstr,run-8d058e8846574b3f9db2c8c97d40f39a3d36fe22e8d1a883e3b1364554948481,run-1e613bc0c42f0636669821df6b824e9fa1a00632f100672336b099e7270bd17a,class_count,2.0,1.0,-1.0,,"{""sampling.class_rare"":{""P.minority"":{""denominator"":200000,""numerator"":0},""P.observed_classes"":{""denominator"":2,""numerator"":1},""P.placed"":{""denominator"":200000,""numerator"":0},""full.minority"":{""denominator"":300000,""numerator"":3000},""full.placed"":{""denominator"":300000,""numerator"":3000}}}"
sampling.class_rare.gaps.n300000.pqstr,run-8d058e8846574b3f9db2c8c97d40f39a3d36fe22e8d1a883e3b1364554948481,run-1e613bc0c42f0636669821df6b824e9fa1a00632f100672336b099e7270bd17a,complete_pairs,,,,not_applicable,"{""sampling.class_rare"":{""P.minority"":{""denominator"":200000,""numerator"":0},""P.observed_classes"":{""denominator"":2,""numerator"":1},""P.placed"":{""denominator"":200000,""numerator"":0},""full.minority"":{""denominator"":300000,""numerator"":3000},""full.placed"":{""denominator"":300000,""numerator"":3000}}}"
sampling.class_rare.gaps.n300000.pqstr,run-8d058e8846574b3f9db2c8c97d40f39a3d36fe22e8d1a883e3b1364554948481,run-1e613bc0c42f0636669821df6b824e9fa1a00632f100672336b099e7270bd17a,distinct_count,2.0,1.0,-1.0,,"{""sampling.class_rare"":{""P.minority"":{""denominator"":200000,""numerator"":0},""P.observed_classes"":{""denominator"":2,""numerator"":1},""P.placed"":{""denominator"":200000,""numerator"":0},""full.minority"":{""denominator"":300000,""numerator"":3000},""full.placed"":{""denominator"":300000,""numerator"":3000}}}"
sampling.class_rare.gaps.n300000.pqstr,run-8d058e8846574b3f9db2c8c97d40f39a3d36fe22e8d1a883e3b1364554948481,run-1e613bc0c42f0636669821df6b824e9fa1a00632f100672336b099e7270bd17a,equality_matches,,,,not_applicable,"{""sampling.class_rare"":{""P.minority"":{""denominator"":200000,""numerator"":0},""P.observed_classes"":{""denominator"":2,""numerator"":1},""P.placed"":{""denominator"":200000,""numerator"":0},""full.minority"":{""denominator"":300000,""numerator"":3000},""full.placed"":{""denominator"":300000,""numerator"":3000}}}"
sampling.class_rare.gaps.n300000.pqstr,run-8d058e8846574b3f9db2c8c97d40f39a3d36fe22e8d1a883e3b1364554948481,run-1e613bc0c42f0636669821df6b824e9fa1a00632f100672336b099e7270bd17a,key_excess,,,,not_applicable,"{""sampling.class_rare"":{""P.minority"":{""denominator"":200000,""numerator"":0},""P.observed_classes"":{""denominator"":2,""numerator"":1},""P.placed"":{""denominator"":200000,""numerator"":0},""full.minority"":{""denominator"":300000,""numerator"":3000},""full.placed"":{""denominator"":300000,""numerator"":3000}}}"
sampling.class_rare.gaps.n300000.pqstr,run-8d058e8846574b3f9db2c8c97d40f39a3d36fe22e8d1a883e3b1364554948481,run-1e613bc0c42f0636669821df6b824e9fa1a00632f100672336b099e7270bd17a,mapping_matches,,,,not_applicable,"{""sampling.class_rare"":{""P.minority"":{""denominator"":200000,""numerator"":0},""P.observed_classes"":{""denominator"":2,""numerator"":1},""P.placed"":{""denominator"":200000,""numerator"":0},""full.minority"":{""denominator"":300000,""numerator"":3000},""full.placed"":{""denominator"":300000,""numerator"":3000}}}"
sampling.class_rare.gaps.n300000.pqstr,run-8d058e8846574b3f9db2c8c97d40f39a3d36fe22e8d1a883e3b1364554948481,run-1e613bc0c42f0636669821df6b824e9fa1a00632f100672336b099e7270bd17a,minority_count,3000.0,200000.0,197000.0,,"{""sampling.class_rare"":{""P.minority"":{""denominator"":200000,""numerator"":0},""P.observed_classes"":{""denominator"":2,""numerator"":1},""P.placed"":{""denominator"":200000,""numerator"":0},""full.minority"":{""denominator"":300000,""numerator"":3000},""full.placed"":{""denominator"":300000,""numerator"":3000}}}"
sampling.class_rare.gaps.n300000.pqstr,run-8d058e8846574b3f9db2c8c97d40f39a3d36fe22e8d1a883e3b1364554948481,run-1e613bc0c42f0636669821df6b824e9fa1a00632f100672336b099e7270bd17a,missing_count,,,,not_applicable,"{""sampling.class_rare"":{""P.minority"":{""denominator"":200000,""numerator"":0},""P.observed_classes"":{""denominator"":2,""numerator"":1},""P.placed"":{""denominator"":200000,""numerator"":0},""full.minority"":{""denominator"":300000,""numerator"":3000},""full.placed"":{""denominator"":300000,""numerator"":3000}}}"
sampling.class_rare.gaps.n300000.pqstr,run-8d058e8846574b3f9db2c8c97d40f39a3d36fe22e8d1a883e3b1364554948481,run-1e613bc0c42f0636669821df6b824e9fa1a00632f100672336b099e7270bd17a,nonmissing_count,300000.0,200000.0,-100000.0,,"{""sampling.class_rare"":{""P.minority"":{""denominator"":200000,""numerator"":0},""P.observed_classes"":{""denominator"":2,""numerator"":1},""P.placed"":{""denominator"":200000,""numerator"":0},""full.minority"":{""denominator"":300000,""numerator"":3000},""full.placed"":{""denominator"":300000,""numerator"":3000}}}"
sampling.class_rare.gaps.n300000.pqstr,run-8d058e8846574b3f9db2c8c97d40f39a3d36fe22e8d1a883e3b1364554948481,run-1e613bc0c42f0636669821df6b824e9fa1a00632f100672336b099e7270bd17a,parse_attempts,,,,not_applicable,"{""sampling.class_rare"":{""P.minority"":{""denominator"":200000,""numerator"":0},""P.observed_classes"":{""denominator"":2,""numerator"":1},""P.placed"":{""denominator"":200000,""numerator"":0},""full.minority"":{""denominator"":300000,""numerator"":3000},""full.placed"":{""denominator"":300000,""numerator"":3000}}}"
sampling.class_rare.gaps.n300000.pqstr,run-8d058e8846574b3f9db2c8c97d40f39a3d36fe22e8d1a883e3b1364554948481,run-1e613bc0c42f0636669821df6b824e9fa1a00632f100672336b099e7270bd17a,parse_failures,,,,not_applicable,"{""sampling.class_rare"":{""P.minority"":{""denominator"":200000,""numerator"":0},""P.observed_classes"":{""denominator"":2,""numerator"":1},""P.placed"":{""denominator"":200000,""numerator"":0},""full.minority"":{""denominator"":300000,""numerator"":3000},""full.placed"":{""denominator"":300000,""numerator"":3000}}}"
sampling.class_rare.gaps.n300000.pqstr,run-8d058e8846574b3f9db2c8c97d40f39a3d36fe22e8d1a883e3b1364554948481,run-1e613bc0c42f0636669821df6b824e9fa1a00632f100672336b099e7270bd17a,repeated_entity_participants,,,,not_applicable,"{""sampling.class_rare"":{""P.minority"":{""denominator"":200000,""numerator"":0},""P.observed_classes"":{""denominator"":2,""numerator"":1},""P.placed"":{""denominator"":200000,""numerator"":0},""full.minority"":{""denominator"":300000,""numerator"":3000},""full.placed"":{""denominator"":300000,""numerator"":3000}}}"
sampling.class_rare.gaps.n300000.pqstr,run-8d058e8846574b3f9db2c8c97d40f39a3d36fe22e8d1a883e3b1364554948481,run-1e613bc0c42f0636669821df6b824e9fa1a00632f100672336b099e7270bd17a,row_excess,,,,not_applicable,"{""sampling.class_rare"":{""P.minority"":{""denominator"":200000,""numerator"":0},""P.observed_classes"":{""denominator"":2,""numerator"":1},""P.placed"":{""denominator"":200000,""numerator"":0},""full.minority"":{""denominator"":300000,""numerator"":3000},""full.placed"":{""denominator"":300000,""numerator"":3000}}}"
sampling.class_rare.head.n300000.pqstr,run-d3272912a33a62c87b6904506e495fa47e3b9fd9b48a51e9327e8618ea89b95e,run-7083cca3ccb4d1bb417bb8a6205c904fc3612a82240b9bea78fae14f1f1df704,class_count,2.0,2.0,0.0,,"{""sampling.class_rare"":{""P.minority"":{""denominator"":200000,""numerator"":3000},""P.observed_classes"":{""denominator"":2,""numerator"":2},""P.placed"":{""denominator"":200000,""numerator"":3000},""full.minority"":{""denominator"":300000,""numerator"":3000},""full.placed"":{""denominator"":300000,""numerator"":3000}}}"
sampling.class_rare.head.n300000.pqstr,run-d3272912a33a62c87b6904506e495fa47e3b9fd9b48a51e9327e8618ea89b95e,run-7083cca3ccb4d1bb417bb8a6205c904fc3612a82240b9bea78fae14f1f1df704,complete_pairs,,,,not_applicable,"{""sampling.class_rare"":{""P.minority"":{""denominator"":200000,""numerator"":3000},""P.observed_classes"":{""denominator"":2,""numerator"":2},""P.placed"":{""denominator"":200000,""numerator"":3000},""full.minority"":{""denominator"":300000,""numerator"":3000},""full.placed"":{""denominator"":300000,""numerator"":3000}}}"
sampling.class_rare.head.n300000.pqstr,run-d3272912a33a62c87b6904506e495fa47e3b9fd9b48a51e9327e8618ea89b95e,run-7083cca3ccb4d1bb417bb8a6205c904fc3612a82240b9bea78fae14f1f1df704,distinct_count,2.0,2.0,0.0,,"{""sampling.class_rare"":{""P.minority"":{""denominator"":200000,""numerator"":3000},""P.observed_classes"":{""denominator"":2,""numerator"":2},""P.placed"":{""denominator"":200000,""numerator"":3000},""full.minority"":{""denominator"":300000,""numerator"":3000},""full.placed"":{""denominator"":300000,""numerator"":3000}}}"
sampling.class_rare.head.n300000.pqstr,run-d3272912a33a62c87b6904506e495fa47e3b9fd9b48a51e9327e8618ea89b95e,run-7083cca3ccb4d1bb417bb8a6205c904fc3612a82240b9bea78fae14f1f1df704,equality_matches,,,,not_applicable,"{""sampling.class_rare"":{""P.minority"":{""denominator"":200000,""numerator"":3000},""P.observed_classes"":{""denominator"":2,""numerator"":2},""P.placed"":{""denominator"":200000,""numerator"":3000},""full.minority"":{""denominator"":300000,""numerator"":3000},""full.placed"":{""denominator"":300000,""numerator"":3000}}}"
sampling.class_rare.head.n300000.pqstr,run-d3272912a33a62c87b6904506e495fa47e3b9fd9b48a51e9327e8618ea89b95e,run-7083cca3ccb4d1bb417bb8a6205c904fc3612a82240b9bea78fae14f1f1df704,key_excess,,,,not_applicable,"{""sampling.class_rare"":{""P.minority"":{""denominator"":200000,""numerator"":3000},""P.observed_classes"":{""denominator"":2,""numerator"":2},""P.placed"":{""denominator"":200000,""numerator"":3000},""full.minority"":{""denominator"":300000,""numerator"":3000},""full.placed"":{""denominator"":300000,""numerator"":3000}}}"
sampling.class_rare.head.n300000.pqstr,run-d3272912a33a62c87b6904506e495fa47e3b9fd9b48a51e9327e8618ea89b95e,run-7083cca3ccb4d1bb417bb8a6205c904fc3612a82240b9bea78fae14f1f1df704,mapping_matches,,,,not_applicable,"{""sampling.class_rare"":{""P.minority"":{""denominator"":200000,""numerator"":3000},""P.observed_classes"":{""denominator"":2,""numerator"":2},""P.placed"":{""denominator"":200000,""numerator"":3000},""full.minority"":{""denominator"":300000,""numerator"":3000},""full.placed"":{""denominator"":300000,""numerator"":3000}}}"
sampling.class_rare.head.n300000.pqstr,run-d3272912a33a62c87b6904506e495fa47e3b9fd9b48a51e9327e8618ea89b95e,run-7083cca3ccb4d1bb417bb8a6205c904fc3612a82240b9bea78fae14f1f1df704,minority_count,3000.0,3000.0,0.0,,"{""sampling.class_rare"":{""P.minority"":{""denominator"":200000,""numerator"":3000},""P.observed_classes"":{""denominator"":2,""numerator"":2},""P.placed"":{""denominator"":200000,""numerator"":3000},""full.minority"":{""denominator"":300000,""numerator"":3000},""full.placed"":{""denominator"":300000,""numerator"":3000}}}"
sampling.class_rare.head.n300000.pqstr,run-d3272912a33a62c87b6904506e495fa47e3b9fd9b48a51e9327e8618ea89b95e,run-7083cca3ccb4d1bb417bb8a6205c904fc3612a82240b9bea78fae14f1f1df704,missing_count,,,,not_applicable,"{""sampling.class_rare"":{""P.minority"":{""denominator"":200000,""numerator"":3000},""P.observed_classes"":{""denominator"":2,""numerator"":2},""P.placed"":{""denominator"":200000,""numerator"":3000},""full.minority"":{""denominator"":300000,""numerator"":3000},""full.placed"":{""denominator"":300000,""numerator"":3000}}}"
sampling.class_rare.head.n300000.pqstr,run-d3272912a33a62c87b6904506e495fa47e3b9fd9b48a51e9327e8618ea89b95e,run-7083cca3ccb4d1bb417bb8a6205c904fc3612a82240b9bea78fae14f1f1df704,nonmissing_count,300000.0,200000.0,-100000.0,,"{""sampling.class_rare"":{""P.minority"":{""denominator"":200000,""numerator"":3000},""P.observed_classes"":{""denominator"":2,""numerator"":2},""P.placed"":{""denominator"":200000,""numerator"":3000},""full.minority"":{""denominator"":300000,""numerator"":3000},""full.placed"":{""denominator"":300000,""numerator"":3000}}}"
sampling.class_rare.head.n300000.pqstr,run-d3272912a33a62c87b6904506e495fa47e3b9fd9b48a51e9327e8618ea89b95e,run-7083cca3ccb4d1bb417bb8a6205c904fc3612a82240b9bea78fae14f1f1df704,parse_attempts,,,,not_applicable,"{""sampling.class_rare"":{""P.minority"":{""denominator"":200000,""numerator"":3000},""P.observed_classes"":{""denominator"":2,""numerator"":2},""P.placed"":{""denominator"":200000,""numerator"":3000},""full.minority"":{""denominator"":300000,""numerator"":3000},""full.placed"":{""denominator"":300000,""numerator"":3000}}}"
sampling.class_rare.head.n300000.pqstr,run-d3272912a33a62c87b6904506e495fa47e3b9fd9b48a51e9327e8618ea89b95e,run-7083cca3ccb4d1bb417bb8a6205c904fc3612a82240b9bea78fae14f1f1df704,parse_failures,,,,not_applicable,"{""sampling.class_rare"":{""P.minority"":{""denominator"":200000,""numerator"":3000},""P.observed_classes"":{""denominator"":2,""numerator"":2},""P.placed"":{""denominator"":200000,""numerator"":3000},""full.minority"":{""denominator"":300000,""numerator"":3000},""full.placed"":{""denominator"":300000,""numerator"":3000}}}"
sampling.class_rare.head.n300000.pqstr,run-d3272912a33a62c87b6904506e495fa47e3b9fd9b48a51e9327e8618ea89b95e,run-7083cca3ccb4d1bb417bb8a6205c904fc3612a82240b9bea78fae14f1f1df704,repeated_entity_participants,,,,not_applicable,"{""sampling.class_rare"":{""P.minority"":{""denominator"":200000,""numerator"":3000},""P.observed_classes"":{""denominator"":2,""numerator"":2},""P.placed"":{""denominator"":200000,""numerator"":3000},""full.minority"":{""denominator"":300000,""numerator"":3000},""full.placed"":{""denominator"":300000,""numerator"":3000}}}"
sampling.class_rare.head.n300000.pqstr,run-d3272912a33a62c87b6904506e495fa47e3b9fd9b48a51e9327e8618ea89b95e,run-7083cca3ccb4d1bb417bb8a6205c904fc3612a82240b9bea78fae14f1f1df704,row_excess,,,,not_applicable,"{""sampling.class_rare"":{""P.minority"":{""denominator"":200000,""numerator"":3000},""P.observed_classes"":{""denominator"":2,""numerator"":2},""P.placed"":{""denominator"":200000,""numerator"":3000},""full.minority"":{""denominator"":300000,""numerator"":3000},""full.placed"":{""denominator"":300000,""numerator"":3000}}}"
sampling.class_rare.middle.n300000.pqstr,run-14941a6b846f97f7973968d3cd531f8334cb6ed48f242fc74f1116c689a6dced,run-081dd34eaa0f334249cbdc13ed5a21432b76f3a465b444a10492371ccdd1dfda,class_count,2.0,2.0,0.0,,"{""sampling.class_rare"":{""P.minority"":{""denominator"":200000,""numerator"":1800},""P.observed_classes"":{""denominator"":2,""numerator"":2},""P.placed"":{""denominator"":200000,""numerator"":1800},""full.minority"":{""denominator"":300000,""numerator"":3000},""full.placed"":{""denominator"":300000,""numerator"":3000}}}"
sampling.class_rare.middle.n300000.pqstr,run-14941a6b846f97f7973968d3cd531f8334cb6ed48f242fc74f1116c689a6dced,run-081dd34eaa0f334249cbdc13ed5a21432b76f3a465b444a10492371ccdd1dfda,complete_pairs,,,,not_applicable,"{""sampling.class_rare"":{""P.minority"":{""denominator"":200000,""numerator"":1800},""P.observed_classes"":{""denominator"":2,""numerator"":2},""P.placed"":{""denominator"":200000,""numerator"":1800},""full.minority"":{""denominator"":300000,""numerator"":3000},""full.placed"":{""denominator"":300000,""numerator"":3000}}}"
sampling.class_rare.middle.n300000.pqstr,run-14941a6b846f97f7973968d3cd531f8334cb6ed48f242fc74f1116c689a6dced,run-081dd34eaa0f334249cbdc13ed5a21432b76f3a465b444a10492371ccdd1dfda,distinct_count,2.0,2.0,0.0,,"{""sampling.class_rare"":{""P.minority"":{""denominator"":200000,""numerator"":1800},""P.observed_classes"":{""denominator"":2,""numerator"":2},""P.placed"":{""denominator"":200000,""numerator"":1800},""full.minority"":{""denominator"":300000,""numerator"":3000},""full.placed"":{""denominator"":300000,""numerator"":3000}}}"
sampling.class_rare.middle.n300000.pqstr,run-14941a6b846f97f7973968d3cd531f8334cb6ed48f242fc74f1116c689a6dced,run-081dd34eaa0f334249cbdc13ed5a21432b76f3a465b444a10492371ccdd1dfda,equality_matches,,,,not_applicable,"{""sampling.class_rare"":{""P.minority"":{""denominator"":200000,""numerator"":1800},""P.observed_classes"":{""denominator"":2,""numerator"":2},""P.placed"":{""denominator"":200000,""numerator"":1800},""full.minority"":{""denominator"":300000,""numerator"":3000},""full.placed"":{""denominator"":300000,""numerator"":3000}}}"
sampling.class_rare.middle.n300000.pqstr,run-14941a6b846f97f7973968d3cd531f8334cb6ed48f242fc74f1116c689a6dced,run-081dd34eaa0f334249cbdc13ed5a21432b76f3a465b444a10492371ccdd1dfda,key_excess,,,,not_applicable,"{""sampling.class_rare"":{""P.minority"":{""denominator"":200000,""numerator"":1800},""P.observed_classes"":{""denominator"":2,""numerator"":2},""P.placed"":{""denominator"":200000,""numerator"":1800},""full.minority"":{""denominator"":300000,""numerator"":3000},""full.placed"":{""denominator"":300000,""numerator"":3000}}}"
sampling.class_rare.middle.n300000.pqstr,run-14941a6b846f97f7973968d3cd531f8334cb6ed48f242fc74f1116c689a6dced,run-081dd34eaa0f334249cbdc13ed5a21432b76f3a465b444a10492371ccdd1dfda,mapping_matches,,,,not_applicable,"{""sampling.class_rare"":{""P.minority"":{""denominator"":200000,""numerator"":1800},""P.observed_classes"":{""denominator"":2,""numerator"":2},""P.placed"":{""denominator"":200000,""numerator"":1800},""full.minority"":{""denominator"":300000,""numerator"":3000},""full.placed"":{""denominator"":300000,""numerator"":3000}}}"
sampling.class_rare.middle.n300000.pqstr,run-14941a6b846f97f7973968d3cd531f8334cb6ed48f242fc74f1116c689a6dced,run-081dd34eaa0f334249cbdc13ed5a21432b76f3a465b444a10492371ccdd1dfda,minority_count,3000.0,1800.0,-1200.0,,"{""sampling.class_rare"":{""P.minority"":{""denominator"":200000,""numerator"":1800},""P.observed_classes"":{""denominator"":2,""numerator"":2},""P.placed"":{""denominator"":200000,""numerator"":1800},""full.minority"":{""denominator"":300000,""numerator"":3000},""full.placed"":{""denominator"":300000,""numerator"":3000}}}"
sampling.class_rare.middle.n300000.pqstr,run-14941a6b846f97f7973968d3cd531f8334cb6ed48f242fc74f1116c689a6dced,run-081dd34eaa0f334249cbdc13ed5a21432b76f3a465b444a10492371ccdd1dfda,missing_count,,,,not_applicable,"{""sampling.class_rare"":{""P.minority"":{""denominator"":200000,""numerator"":1800},""P.observed_classes"":{""denominator"":2,""numerator"":2},""P.placed"":{""denominator"":200000,""numerator"":1800},""full.minority"":{""denominator"":300000,""numerator"":3000},""full.placed"":{""denominator"":300000,""numerator"":3000}}}"
sampling.class_rare.middle.n300000.pqstr,run-14941a6b846f97f7973968d3cd531f8334cb6ed48f242fc74f1116c689a6dced,run-081dd34eaa0f334249cbdc13ed5a21432b76f3a465b444a10492371ccdd1dfda,nonmissing_count,300000.0,200000.0,-100000.0,,"{""sampling.class_rare"":{""P.minority"":{""denominator"":200000,""numerator"":1800},""P.observed_classes"":{""denominator"":2,""numerator"":2},""P.placed"":{""denominator"":200000,""numerator"":1800},""full.minority"":{""denominator"":300000,""numerator"":3000},""full.placed"":{""denominator"":300000,""numerator"":3000}}}"
sampling.class_rare.middle.n300000.pqstr,run-14941a6b846f97f7973968d3cd531f8334cb6ed48f242fc74f1116c689a6dced,run-081dd34eaa0f334249cbdc13ed5a21432b76f3a465b444a10492371ccdd1dfda,parse_attempts,,,,not_applicable,"{""sampling.class_rare"":{""P.minority"":{""denominator"":200000,""numerator"":1800},""P.observed_classes"":{""denominator"":2,""numerator"":2},""P.placed"":{""denominator"":200000,""numerator"":1800},""full.minority"":{""denominator"":300000,""numerator"":3000},""full.placed"":{""denominator"":300000,""numerator"":3000}}}"
sampling.class_rare.middle.n300000.pqstr,run-14941a6b846f97f7973968d3cd531f8334cb6ed48f242fc74f1116c689a6dced,run-081dd34eaa0f334249cbdc13ed5a21432b76f3a465b444a10492371ccdd1dfda,parse_failures,,,,not_applicable,"{""sampling.class_rare"":{""P.minority"":{""denominator"":200000,""numerator"":1800},""P.observed_classes"":{""denominator"":2,""numerator"":2},""P.placed"":{""denominator"":200000,""numerator"":1800},""full.minority"":{""denominator"":300000,""numerator"":3000},""full.placed"":{""denominator"":300000,""numerator"":3000}}}"
sampling.class_rare.middle.n300000.pqstr,run-14941a6b846f97f7973968d3cd531f8334cb6ed48f242fc74f1116c689a6dced,run-081dd34eaa0f334249cbdc13ed5a21432b76f3a465b444a10492371ccdd1dfda,repeated_entity_participants,,,,not_applicable,"{""sampling.class_rare"":{""P.minority"":{""denominator"":200000,""numerator"":1800},""P.observed_classes"":{""denominator"":2,""numerator"":2},""P.placed"":{""denominator"":200000,""numerator"":1800},""full.minority"":{""denominator"":300000,""numerator"":3000},""full.placed"":{""denominator"":300000,""numerator"":3000}}}"
sampling.class_rare.middle.n300000.pqstr,run-14941a6b846f97f7973968d3cd531f8334cb6ed48f242fc74f1116c689a6dced,run-081dd34eaa0f334249cbdc13ed5a21432b76f3a465b444a10492371ccdd1dfda,row_excess,,,,not_applicable,"{""sampling.class_rare"":{""P.minority"":{""denominator"":200000,""numerator"":1800},""P.observed_classes"":{""denominator"":2,""numerator"":2},""P.placed"":{""denominator"":200000,""numerator"":1800},""full.minority"":{""denominator"":300000,""numerator"":3000},""full.placed"":{""denominator"":300000,""numerator"":3000}}}"
sampling.class_rare.tail.n300000.pqstr,run-5b0ac5cfeccd52ccefab9ada729eca3d3cbe0abca5ea01fa364b8f99885b0dc5,run-533989dba3feb21b4cd030032cff5fc27f05517bd0dbef84da43cbab1d4a45f0,class_count,2.0,2.0,0.0,,"{""sampling.class_rare"":{""P.minority"":{""denominator"":200000,""numerator"":1800},""P.observed_classes"":{""denominator"":2,""numerator"":2},""P.placed"":{""denominator"":200000,""numerator"":1800},""full.minority"":{""denominator"":300000,""numerator"":3000},""full.placed"":{""denominator"":300000,""numerator"":3000}}}"
sampling.class_rare.tail.n300000.pqstr,run-5b0ac5cfeccd52ccefab9ada729eca3d3cbe0abca5ea01fa364b8f99885b0dc5,run-533989dba3feb21b4cd030032cff5fc27f05517bd0dbef84da43cbab1d4a45f0,complete_pairs,,,,not_applicable,"{""sampling.class_rare"":{""P.minority"":{""denominator"":200000,""numerator"":1800},""P.observed_classes"":{""denominator"":2,""numerator"":2},""P.placed"":{""denominator"":200000,""numerator"":1800},""full.minority"":{""denominator"":300000,""numerator"":3000},""full.placed"":{""denominator"":300000,""numerator"":3000}}}"
sampling.class_rare.tail.n300000.pqstr,run-5b0ac5cfeccd52ccefab9ada729eca3d3cbe0abca5ea01fa364b8f99885b0dc5,run-533989dba3feb21b4cd030032cff5fc27f05517bd0dbef84da43cbab1d4a45f0,distinct_count,2.0,2.0,0.0,,"{""sampling.class_rare"":{""P.minority"":{""denominator"":200000,""numerator"":1800},""P.observed_classes"":{""denominator"":2,""numerator"":2},""P.placed"":{""denominator"":200000,""numerator"":1800},""full.minority"":{""denominator"":300000,""numerator"":3000},""full.placed"":{""denominator"":300000,""numerator"":3000}}}"
sampling.class_rare.tail.n300000.pqstr,run-5b0ac5cfeccd52ccefab9ada729eca3d3cbe0abca5ea01fa364b8f99885b0dc5,run-533989dba3feb21b4cd030032cff5fc27f05517bd0dbef84da43cbab1d4a45f0,equality_matches,,,,not_applicable,"{""sampling.class_rare"":{""P.minority"":{""denominator"":200000,""numerator"":1800},""P.observed_classes"":{""denominator"":2,""numerator"":2},""P.placed"":{""denominator"":200000,""numerator"":1800},""full.minority"":{""denominator"":300000,""numerator"":3000},""full.placed"":{""denominator"":300000,""numerator"":3000}}}"
sampling.class_rare.tail.n300000.pqstr,run-5b0ac5cfeccd52ccefab9ada729eca3d3cbe0abca5ea01fa364b8f99885b0dc5,run-533989dba3feb21b4cd030032cff5fc27f05517bd0dbef84da43cbab1d4a45f0,key_excess,,,,not_applicable,"{""sampling.class_rare"":{""P.minority"":{""denominator"":200000,""numerator"":1800},""P.observed_classes"":{""denominator"":2,""numerator"":2},""P.placed"":{""denominator"":200000,""numerator"":1800},""full.minority"":{""denominator"":300000,""numerator"":3000},""full.placed"":{""denominator"":300000,""numerator"":3000}}}"
sampling.class_rare.tail.n300000.pqstr,run-5b0ac5cfeccd52ccefab9ada729eca3d3cbe0abca5ea01fa364b8f99885b0dc5,run-533989dba3feb21b4cd030032cff5fc27f05517bd0dbef84da43cbab1d4a45f0,mapping_matches,,,,not_applicable,"{""sampling.class_rare"":{""P.minority"":{""denominator"":200000,""numerator"":1800},""P.observed_classes"":{""denominator"":2,""numerator"":2},""P.placed"":{""denominator"":200000,""numerator"":1800},""full.minority"":{""denominator"":300000,""numerator"":3000},""full.placed"":{""denominator"":300000,""numerator"":3000}}}"
sampling.class_rare.tail.n300000.pqstr,run-5b0ac5cfeccd52ccefab9ada729eca3d3cbe0abca5ea01fa364b8f99885b0dc5,run-533989dba3feb21b4cd030032cff5fc27f05517bd0dbef84da43cbab1d4a45f0,minority_count,3000.0,1800.0,-1200.0,,"{""sampling.class_rare"":{""P.minority"":{""denominator"":200000,""numerator"":1800},""P.observed_classes"":{""denominator"":2,""numerator"":2},""P.placed"":{""denominator"":200000,""numerator"":1800},""full.minority"":{""denominator"":300000,""numerator"":3000},""full.placed"":{""denominator"":300000,""numerator"":3000}}}"
sampling.class_rare.tail.n300000.pqstr,run-5b0ac5cfeccd52ccefab9ada729eca3d3cbe0abca5ea01fa364b8f99885b0dc5,run-533989dba3feb21b4cd030032cff5fc27f05517bd0dbef84da43cbab1d4a45f0,missing_count,,,,not_applicable,"{""sampling.class_rare"":{""P.minority"":{""denominator"":200000,""numerator"":1800},""P.observed_classes"":{""denominator"":2,""numerator"":2},""P.placed"":{""denominator"":200000,""numerator"":1800},""full.minority"":{""denominator"":300000,""numerator"":3000},""full.placed"":{""denominator"":300000,""numerator"":3000}}}"
sampling.class_rare.tail.n300000.pqstr,run-5b0ac5cfeccd52ccefab9ada729eca3d3cbe0abca5ea01fa364b8f99885b0dc5,run-533989dba3feb21b4cd030032cff5fc27f05517bd0dbef84da43cbab1d4a45f0,nonmissing_count,300000.0,200000.0,-100000.0,,"{""sampling.class_rare"":{""P.minority"":{""denominator"":200000,""numerator"":1800},""P.observed_classes"":{""denominator"":2,""numerator"":2},""P.placed"":{""denominator"":200000,""numerator"":1800},""full.minority"":{""denominator"":300000,""numerator"":3000},""full.placed"":{""denominator"":300000,""numerator"":3000}}}"
sampling.class_rare.tail.n300000.pqstr,run-5b0ac5cfeccd52ccefab9ada729eca3d3cbe0abca5ea01fa364b8f99885b0dc5,run-533989dba3feb21b4cd030032cff5fc27f05517bd0dbef84da43cbab1d4a45f0,parse_attempts,,,,not_applicable,"{""sampling.class_rare"":{""P.minority"":{""denominator"":200000,""numerator"":1800},""P.observed_classes"":{""denominator"":2,""numerator"":2},""P.placed"":{""denominator"":200000,""numerator"":1800},""full.minority"":{""denominator"":300000,""numerator"":3000},""full.placed"":{""denominator"":300000,""numerator"":3000}}}"
sampling.class_rare.tail.n300000.pqstr,run-5b0ac5cfeccd52ccefab9ada729eca3d3cbe0abca5ea01fa364b8f99885b0dc5,run-533989dba3feb21b4cd030032cff5fc27f05517bd0dbef84da43cbab1d4a45f0,parse_failures,,,,not_applicable,"{""sampling.class_rare"":{""P.minority"":{""denominator"":200000,""numerator"":1800},""P.observed_classes"":{""denominator"":2,""numerator"":2},""P.placed"":{""denominator"":200000,""numerator"":1800},""full.minority"":{""denominator"":300000,""numerator"":3000},""full.placed"":{""denominator"":300000,""numerator"":3000}}}"
sampling.class_rare.tail.n300000.pqstr,run-5b0ac5cfeccd52ccefab9ada729eca3d3cbe0abca5ea01fa364b8f99885b0dc5,run-533989dba3feb21b4cd030032cff5fc27f05517bd0dbef84da43cbab1d4a45f0,repeated_entity_participants,,,,not_applicable,"{""sampling.class_rare"":{""P.minority"":{""denominator"":200000,""numerator"":1800},""P.observed_classes"":{""denominator"":2,""numerator"":2},""P.placed"":{""denominator"":200000,""numerator"":1800},""full.minority"":{""denominator"":300000,""numerator"":3000},""full.placed"":{""denominator"":300000,""numerator"":3000}}}"
sampling.class_rare.tail.n300000.pqstr,run-5b0ac5cfeccd52ccefab9ada729eca3d3cbe0abca5ea01fa364b8f99885b0dc5,run-533989dba3feb21b4cd030032cff5fc27f05517bd0dbef84da43cbab1d4a45f0,row_excess,,,,not_applicable,"{""sampling.class_rare"":{""P.minority"":{""denominator"":200000,""numerator"":1800},""P.observed_classes"":{""denominator"":2,""numerator"":2},""P.placed"":{""denominator"":200000,""numerator"":1800},""full.minority"":{""denominator"":300000,""numerator"":3000},""full.placed"":{""denominator"":300000,""numerator"":3000}}}"
sampling.duplicate_keys.gaps.n300000.pqstr,run-b6e0f00c4a6784429621d5ecf0c5e824787770e496cb2256442c28515e950549,run-8ff8b488b40e632d1ec6bbf51cb70ae10673ecd11d7321345f691abf61023a34,class_count,,,,not_applicable,"{""sampling.duplicate_keys"":{""P.excess"":{""denominator"":200000,""numerator"":0},""P.placed"":{""denominator"":200000,""numerator"":0},""full.excess"":{""denominator"":300000,""numerator"":6000},""full.placed"":{""denominator"":300000,""numerator"":6000}}}"
sampling.duplicate_keys.gaps.n300000.pqstr,run-b6e0f00c4a6784429621d5ecf0c5e824787770e496cb2256442c28515e950549,run-8ff8b488b40e632d1ec6bbf51cb70ae10673ecd11d7321345f691abf61023a34,complete_pairs,,,,not_applicable,"{""sampling.duplicate_keys"":{""P.excess"":{""denominator"":200000,""numerator"":0},""P.placed"":{""denominator"":200000,""numerator"":0},""full.excess"":{""denominator"":300000,""numerator"":6000},""full.placed"":{""denominator"":300000,""numerator"":6000}}}"
sampling.duplicate_keys.gaps.n300000.pqstr,run-b6e0f00c4a6784429621d5ecf0c5e824787770e496cb2256442c28515e950549,run-8ff8b488b40e632d1ec6bbf51cb70ae10673ecd11d7321345f691abf61023a34,distinct_count,,,,not_applicable,"{""sampling.duplicate_keys"":{""P.excess"":{""denominator"":200000,""numerator"":0},""P.placed"":{""denominator"":200000,""numerator"":0},""full.excess"":{""denominator"":300000,""numerator"":6000},""full.placed"":{""denominator"":300000,""numerator"":6000}}}"
sampling.duplicate_keys.gaps.n300000.pqstr,run-b6e0f00c4a6784429621d5ecf0c5e824787770e496cb2256442c28515e950549,run-8ff8b488b40e632d1ec6bbf51cb70ae10673ecd11d7321345f691abf61023a34,equality_matches,,,,not_applicable,"{""sampling.duplicate_keys"":{""P.excess"":{""denominator"":200000,""numerator"":0},""P.placed"":{""denominator"":200000,""numerator"":0},""full.excess"":{""denominator"":300000,""numerator"":6000},""full.placed"":{""denominator"":300000,""numerator"":6000}}}"
sampling.duplicate_keys.gaps.n300000.pqstr,run-b6e0f00c4a6784429621d5ecf0c5e824787770e496cb2256442c28515e950549,run-8ff8b488b40e632d1ec6bbf51cb70ae10673ecd11d7321345f691abf61023a34,key_excess,6000.0,0.0,-6000.0,,"{""sampling.duplicate_keys"":{""P.excess"":{""denominator"":200000,""numerator"":0},""P.placed"":{""denominator"":200000,""numerator"":0},""full.excess"":{""denominator"":300000,""numerator"":6000},""full.placed"":{""denominator"":300000,""numerator"":6000}}}"
sampling.duplicate_keys.gaps.n300000.pqstr,run-b6e0f00c4a6784429621d5ecf0c5e824787770e496cb2256442c28515e950549,run-8ff8b488b40e632d1ec6bbf51cb70ae10673ecd11d7321345f691abf61023a34,mapping_matches,,,,not_applicable,"{""sampling.duplicate_keys"":{""P.excess"":{""denominator"":200000,""numerator"":0},""P.placed"":{""denominator"":200000,""numerator"":0},""full.excess"":{""denominator"":300000,""numerator"":6000},""full.placed"":{""denominator"":300000,""numerator"":6000}}}"
sampling.duplicate_keys.gaps.n300000.pqstr,run-b6e0f00c4a6784429621d5ecf0c5e824787770e496cb2256442c28515e950549,run-8ff8b488b40e632d1ec6bbf51cb70ae10673ecd11d7321345f691abf61023a34,minority_count,,,,not_applicable,"{""sampling.duplicate_keys"":{""P.excess"":{""denominator"":200000,""numerator"":0},""P.placed"":{""denominator"":200000,""numerator"":0},""full.excess"":{""denominator"":300000,""numerator"":6000},""full.placed"":{""denominator"":300000,""numerator"":6000}}}"
sampling.duplicate_keys.gaps.n300000.pqstr,run-b6e0f00c4a6784429621d5ecf0c5e824787770e496cb2256442c28515e950549,run-8ff8b488b40e632d1ec6bbf51cb70ae10673ecd11d7321345f691abf61023a34,missing_count,,,,not_applicable,"{""sampling.duplicate_keys"":{""P.excess"":{""denominator"":200000,""numerator"":0},""P.placed"":{""denominator"":200000,""numerator"":0},""full.excess"":{""denominator"":300000,""numerator"":6000},""full.placed"":{""denominator"":300000,""numerator"":6000}}}"
sampling.duplicate_keys.gaps.n300000.pqstr,run-b6e0f00c4a6784429621d5ecf0c5e824787770e496cb2256442c28515e950549,run-8ff8b488b40e632d1ec6bbf51cb70ae10673ecd11d7321345f691abf61023a34,nonmissing_count,,,,not_applicable,"{""sampling.duplicate_keys"":{""P.excess"":{""denominator"":200000,""numerator"":0},""P.placed"":{""denominator"":200000,""numerator"":0},""full.excess"":{""denominator"":300000,""numerator"":6000},""full.placed"":{""denominator"":300000,""numerator"":6000}}}"
sampling.duplicate_keys.gaps.n300000.pqstr,run-b6e0f00c4a6784429621d5ecf0c5e824787770e496cb2256442c28515e950549,run-8ff8b488b40e632d1ec6bbf51cb70ae10673ecd11d7321345f691abf61023a34,parse_attempts,,,,not_applicable,"{""sampling.duplicate_keys"":{""P.excess"":{""denominator"":200000,""numerator"":0},""P.placed"":{""denominator"":200000,""numerator"":0},""full.excess"":{""denominator"":300000,""numerator"":6000},""full.placed"":{""denominator"":300000,""numerator"":6000}}}"
sampling.duplicate_keys.gaps.n300000.pqstr,run-b6e0f00c4a6784429621d5ecf0c5e824787770e496cb2256442c28515e950549,run-8ff8b488b40e632d1ec6bbf51cb70ae10673ecd11d7321345f691abf61023a34,parse_failures,,,,not_applicable,"{""sampling.duplicate_keys"":{""P.excess"":{""denominator"":200000,""numerator"":0},""P.placed"":{""denominator"":200000,""numerator"":0},""full.excess"":{""denominator"":300000,""numerator"":6000},""full.placed"":{""denominator"":300000,""numerator"":6000}}}"
sampling.duplicate_keys.gaps.n300000.pqstr,run-b6e0f00c4a6784429621d5ecf0c5e824787770e496cb2256442c28515e950549,run-8ff8b488b40e632d1ec6bbf51cb70ae10673ecd11d7321345f691abf61023a34,repeated_entity_participants,,,,not_applicable,"{""sampling.duplicate_keys"":{""P.excess"":{""denominator"":200000,""numerator"":0},""P.placed"":{""denominator"":200000,""numerator"":0},""full.excess"":{""denominator"":300000,""numerator"":6000},""full.placed"":{""denominator"":300000,""numerator"":6000}}}"
sampling.duplicate_keys.gaps.n300000.pqstr,run-b6e0f00c4a6784429621d5ecf0c5e824787770e496cb2256442c28515e950549,run-8ff8b488b40e632d1ec6bbf51cb70ae10673ecd11d7321345f691abf61023a34,row_excess,,,,not_applicable,"{""sampling.duplicate_keys"":{""P.excess"":{""denominator"":200000,""numerator"":0},""P.placed"":{""denominator"":200000,""numerator"":0},""full.excess"":{""denominator"":300000,""numerator"":6000},""full.placed"":{""denominator"":300000,""numerator"":6000}}}"
sampling.duplicate_keys.head.n300000.pqstr,run-734f33b612d6444c7535fc791394ad359e9675980dbf78615aae007bcf32424f,run-7dbd78311d82ae06070c6c26e147746299bc034b3d7a87777a6f308c89ed15e4,class_count,,,,not_applicable,"{""sampling.duplicate_keys"":{""P.excess"":{""denominator"":200000,""numerator"":6000},""P.placed"":{""denominator"":200000,""numerator"":6000},""full.excess"":{""denominator"":300000,""numerator"":6000},""full.placed"":{""denominator"":300000,""numerator"":6000}}}"
sampling.duplicate_keys.head.n300000.pqstr,run-734f33b612d6444c7535fc791394ad359e9675980dbf78615aae007bcf32424f,run-7dbd78311d82ae06070c6c26e147746299bc034b3d7a87777a6f308c89ed15e4,complete_pairs,,,,not_applicable,"{""sampling.duplicate_keys"":{""P.excess"":{""denominator"":200000,""numerator"":6000},""P.placed"":{""denominator"":200000,""numerator"":6000},""full.excess"":{""denominator"":300000,""numerator"":6000},""full.placed"":{""denominator"":300000,""numerator"":6000}}}"
sampling.duplicate_keys.head.n300000.pqstr,run-734f33b612d6444c7535fc791394ad359e9675980dbf78615aae007bcf32424f,run-7dbd78311d82ae06070c6c26e147746299bc034b3d7a87777a6f308c89ed15e4,distinct_count,,,,not_applicable,"{""sampling.duplicate_keys"":{""P.excess"":{""denominator"":200000,""numerator"":6000},""P.placed"":{""denominator"":200000,""numerator"":6000},""full.excess"":{""denominator"":300000,""numerator"":6000},""full.placed"":{""denominator"":300000,""numerator"":6000}}}"
sampling.duplicate_keys.head.n300000.pqstr,run-734f33b612d6444c7535fc791394ad359e9675980dbf78615aae007bcf32424f,run-7dbd78311d82ae06070c6c26e147746299bc034b3d7a87777a6f308c89ed15e4,equality_matches,,,,not_applicable,"{""sampling.duplicate_keys"":{""P.excess"":{""denominator"":200000,""numerator"":6000},""P.placed"":{""denominator"":200000,""numerator"":6000},""full.excess"":{""denominator"":300000,""numerator"":6000},""full.placed"":{""denominator"":300000,""numerator"":6000}}}"
sampling.duplicate_keys.head.n300000.pqstr,run-734f33b612d6444c7535fc791394ad359e9675980dbf78615aae007bcf32424f,run-7dbd78311d82ae06070c6c26e147746299bc034b3d7a87777a6f308c89ed15e4,key_excess,6000.0,6000.0,0.0,,"{""sampling.duplicate_keys"":{""P.excess"":{""denominator"":200000,""numerator"":6000},""P.placed"":{""denominator"":200000,""numerator"":6000},""full.excess"":{""denominator"":300000,""numerator"":6000},""full.placed"":{""denominator"":300000,""numerator"":6000}}}"
sampling.duplicate_keys.head.n300000.pqstr,run-734f33b612d6444c7535fc791394ad359e9675980dbf78615aae007bcf32424f,run-7dbd78311d82ae06070c6c26e147746299bc034b3d7a87777a6f308c89ed15e4,mapping_matches,,,,not_applicable,"{""sampling.duplicate_keys"":{""P.excess"":{""denominator"":200000,""numerator"":6000},""P.placed"":{""denominator"":200000,""numerator"":6000},""full.excess"":{""denominator"":300000,""numerator"":6000},""full.placed"":{""denominator"":300000,""numerator"":6000}}}"
sampling.duplicate_keys.head.n300000.pqstr,run-734f33b612d6444c7535fc791394ad359e9675980dbf78615aae007bcf32424f,run-7dbd78311d82ae06070c6c26e147746299bc034b3d7a87777a6f308c89ed15e4,minority_count,,,,not_applicable,"{""sampling.duplicate_keys"":{""P.excess"":{""denominator"":200000,""numerator"":6000},""P.placed"":{""denominator"":200000,""numerator"":6000},""full.excess"":{""denominator"":300000,""numerator"":6000},""full.placed"":{""denominator"":300000,""numerator"":6000}}}"
sampling.duplicate_keys.head.n300000.pqstr,run-734f33b612d6444c7535fc791394ad359e9675980dbf78615aae007bcf32424f,run-7dbd78311d82ae06070c6c26e147746299bc034b3d7a87777a6f308c89ed15e4,missing_count,,,,not_applicable,"{""sampling.duplicate_keys"":{""P.excess"":{""denominator"":200000,""numerator"":6000},""P.placed"":{""denominator"":200000,""numerator"":6000},""full.excess"":{""denominator"":300000,""numerator"":6000},""full.placed"":{""denominator"":300000,""numerator"":6000}}}"
sampling.duplicate_keys.head.n300000.pqstr,run-734f33b612d6444c7535fc791394ad359e9675980dbf78615aae007bcf32424f,run-7dbd78311d82ae06070c6c26e147746299bc034b3d7a87777a6f308c89ed15e4,nonmissing_count,,,,not_applicable,"{""sampling.duplicate_keys"":{""P.excess"":{""denominator"":200000,""numerator"":6000},""P.placed"":{""denominator"":200000,""numerator"":6000},""full.excess"":{""denominator"":300000,""numerator"":6000},""full.placed"":{""denominator"":300000,""numerator"":6000}}}"
sampling.duplicate_keys.head.n300000.pqstr,run-734f33b612d6444c7535fc791394ad359e9675980dbf78615aae007bcf32424f,run-7dbd78311d82ae06070c6c26e147746299bc034b3d7a87777a6f308c89ed15e4,parse_attempts,,,,not_applicable,"{""sampling.duplicate_keys"":{""P.excess"":{""denominator"":200000,""numerator"":6000},""P.placed"":{""denominator"":200000,""numerator"":6000},""full.excess"":{""denominator"":300000,""numerator"":6000},""full.placed"":{""denominator"":300000,""numerator"":6000}}}"
sampling.duplicate_keys.head.n300000.pqstr,run-734f33b612d6444c7535fc791394ad359e9675980dbf78615aae007bcf32424f,run-7dbd78311d82ae06070c6c26e147746299bc034b3d7a87777a6f308c89ed15e4,parse_failures,,,,not_applicable,"{""sampling.duplicate_keys"":{""P.excess"":{""denominator"":200000,""numerator"":6000},""P.placed"":{""denominator"":200000,""numerator"":6000},""full.excess"":{""denominator"":300000,""numerator"":6000},""full.placed"":{""denominator"":300000,""numerator"":6000}}}"
sampling.duplicate_keys.head.n300000.pqstr,run-734f33b612d6444c7535fc791394ad359e9675980dbf78615aae007bcf32424f,run-7dbd78311d82ae06070c6c26e147746299bc034b3d7a87777a6f308c89ed15e4,repeated_entity_participants,,,,not_applicable,"{""sampling.duplicate_keys"":{""P.excess"":{""denominator"":200000,""numerator"":6000},""P.placed"":{""denominator"":200000,""numerator"":6000},""full.excess"":{""denominator"":300000,""numerator"":6000},""full.placed"":{""denominator"":300000,""numerator"":6000}}}"
sampling.duplicate_keys.head.n300000.pqstr,run-734f33b612d6444c7535fc791394ad359e9675980dbf78615aae007bcf32424f,run-7dbd78311d82ae06070c6c26e147746299bc034b3d7a87777a6f308c89ed15e4,row_excess,,,,not_applicable,"{""sampling.duplicate_keys"":{""P.excess"":{""denominator"":200000,""numerator"":6000},""P.placed"":{""denominator"":200000,""numerator"":6000},""full.excess"":{""denominator"":300000,""numerator"":6000},""full.placed"":{""denominator"":300000,""numerator"":6000}}}"
sampling.duplicate_keys.middle.n300000.pqstr,run-2c4a4a6708239d4c3433ac91ef0eb1982be2efe38b16785020796d4d175773dc,run-9ed23ca74145afd056a20bd6895d6ab9deb93d581a92a3aa53cf779c5adb42c1,class_count,,,,not_applicable,"{""sampling.duplicate_keys"":{""P.excess"":{""denominator"":200000,""numerator"":3600},""P.placed"":{""denominator"":200000,""numerator"":3600},""full.excess"":{""denominator"":300000,""numerator"":6000},""full.placed"":{""denominator"":300000,""numerator"":6000}}}"
sampling.duplicate_keys.middle.n300000.pqstr,run-2c4a4a6708239d4c3433ac91ef0eb1982be2efe38b16785020796d4d175773dc,run-9ed23ca74145afd056a20bd6895d6ab9deb93d581a92a3aa53cf779c5adb42c1,complete_pairs,,,,not_applicable,"{""sampling.duplicate_keys"":{""P.excess"":{""denominator"":200000,""numerator"":3600},""P.placed"":{""denominator"":200000,""numerator"":3600},""full.excess"":{""denominator"":300000,""numerator"":6000},""full.placed"":{""denominator"":300000,""numerator"":6000}}}"
sampling.duplicate_keys.middle.n300000.pqstr,run-2c4a4a6708239d4c3433ac91ef0eb1982be2efe38b16785020796d4d175773dc,run-9ed23ca74145afd056a20bd6895d6ab9deb93d581a92a3aa53cf779c5adb42c1,distinct_count,,,,not_applicable,"{""sampling.duplicate_keys"":{""P.excess"":{""denominator"":200000,""numerator"":3600},""P.placed"":{""denominator"":200000,""numerator"":3600},""full.excess"":{""denominator"":300000,""numerator"":6000},""full.placed"":{""denominator"":300000,""numerator"":6000}}}"
sampling.duplicate_keys.middle.n300000.pqstr,run-2c4a4a6708239d4c3433ac91ef0eb1982be2efe38b16785020796d4d175773dc,run-9ed23ca74145afd056a20bd6895d6ab9deb93d581a92a3aa53cf779c5adb42c1,equality_matches,,,,not_applicable,"{""sampling.duplicate_keys"":{""P.excess"":{""denominator"":200000,""numerator"":3600},""P.placed"":{""denominator"":200000,""numerator"":3600},""full.excess"":{""denominator"":300000,""numerator"":6000},""full.placed"":{""denominator"":300000,""numerator"":6000}}}"
sampling.duplicate_keys.middle.n300000.pqstr,run-2c4a4a6708239d4c3433ac91ef0eb1982be2efe38b16785020796d4d175773dc,run-9ed23ca74145afd056a20bd6895d6ab9deb93d581a92a3aa53cf779c5adb42c1,key_excess,6000.0,3600.0,-2400.0,,"{""sampling.duplicate_keys"":{""P.excess"":{""denominator"":200000,""numerator"":3600},""P.placed"":{""denominator"":200000,""numerator"":3600},""full.excess"":{""denominator"":300000,""numerator"":6000},""full.placed"":{""denominator"":300000,""numerator"":6000}}}"
sampling.duplicate_keys.middle.n300000.pqstr,run-2c4a4a6708239d4c3433ac91ef0eb1982be2efe38b16785020796d4d175773dc,run-9ed23ca74145afd056a20bd6895d6ab9deb93d581a92a3aa53cf779c5adb42c1,mapping_matches,,,,not_applicable,"{""sampling.duplicate_keys"":{""P.excess"":{""denominator"":200000,""numerator"":3600},""P.placed"":{""denominator"":200000,""numerator"":3600},""full.excess"":{""denominator"":300000,""numerator"":6000},""full.placed"":{""denominator"":300000,""numerator"":6000}}}"
sampling.duplicate_keys.middle.n300000.pqstr,run-2c4a4a6708239d4c3433ac91ef0eb1982be2efe38b16785020796d4d175773dc,run-9ed23ca74145afd056a20bd6895d6ab9deb93d581a92a3aa53cf779c5adb42c1,minority_count,,,,not_applicable,"{""sampling.duplicate_keys"":{""P.excess"":{""denominator"":200000,""numerator"":3600},""P.placed"":{""denominator"":200000,""numerator"":3600},""full.excess"":{""denominator"":300000,""numerator"":6000},""full.placed"":{""denominator"":300000,""numerator"":6000}}}"
sampling.duplicate_keys.middle.n300000.pqstr,run-2c4a4a6708239d4c3433ac91ef0eb1982be2efe38b16785020796d4d175773dc,run-9ed23ca74145afd056a20bd6895d6ab9deb93d581a92a3aa53cf779c5adb42c1,missing_count,,,,not_applicable,"{""sampling.duplicate_keys"":{""P.excess"":{""denominator"":200000,""numerator"":3600},""P.placed"":{""denominator"":200000,""numerator"":3600},""full.excess"":{""denominator"":300000,""numerator"":6000},""full.placed"":{""denominator"":300000,""numerator"":6000}}}"
sampling.duplicate_keys.middle.n300000.pqstr,run-2c4a4a6708239d4c3433ac91ef0eb1982be2efe38b16785020796d4d175773dc,run-9ed23ca74145afd056a20bd6895d6ab9deb93d581a92a3aa53cf779c5adb42c1,nonmissing_count,,,,not_applicable,"{""sampling.duplicate_keys"":{""P.excess"":{""denominator"":200000,""numerator"":3600},""P.placed"":{""denominator"":200000,""numerator"":3600},""full.excess"":{""denominator"":300000,""numerator"":6000},""full.placed"":{""denominator"":300000,""numerator"":6000}}}"
sampling.duplicate_keys.middle.n300000.pqstr,run-2c4a4a6708239d4c3433ac91ef0eb1982be2efe38b16785020796d4d175773dc,run-9ed23ca74145afd056a20bd6895d6ab9deb93d581a92a3aa53cf779c5adb42c1,parse_attempts,,,,not_applicable,"{""sampling.duplicate_keys"":{""P.excess"":{""denominator"":200000,""numerator"":3600},""P.placed"":{""denominator"":200000,""numerator"":3600},""full.excess"":{""denominator"":300000,""numerator"":6000},""full.placed"":{""denominator"":300000,""numerator"":6000}}}"
sampling.duplicate_keys.middle.n300000.pqstr,run-2c4a4a6708239d4c3433ac91ef0eb1982be2efe38b16785020796d4d175773dc,run-9ed23ca74145afd056a20bd6895d6ab9deb93d581a92a3aa53cf779c5adb42c1,parse_failures,,,,not_applicable,"{""sampling.duplicate_keys"":{""P.excess"":{""denominator"":200000,""numerator"":3600},""P.placed"":{""denominator"":200000,""numerator"":3600},""full.excess"":{""denominator"":300000,""numerator"":6000},""full.placed"":{""denominator"":300000,""numerator"":6000}}}"
sampling.duplicate_keys.middle.n300000.pqstr,run-2c4a4a6708239d4c3433ac91ef0eb1982be2efe38b16785020796d4d175773dc,run-9ed23ca74145afd056a20bd6895d6ab9deb93d581a92a3aa53cf779c5adb42c1,repeated_entity_participants,,,,not_applicable,"{""sampling.duplicate_keys"":{""P.excess"":{""denominator"":200000,""numerator"":3600},""P.placed"":{""denominator"":200000,""numerator"":3600},""full.excess"":{""denominator"":300000,""numerator"":6000},""full.placed"":{""denominator"":300000,""numerator"":6000}}}"
sampling.duplicate_keys.middle.n300000.pqstr,run-2c4a4a6708239d4c3433ac91ef0eb1982be2efe38b16785020796d4d175773dc,run-9ed23ca74145afd056a20bd6895d6ab9deb93d581a92a3aa53cf779c5adb42c1,row_excess,,,,not_applicable,"{""sampling.duplicate_keys"":{""P.excess"":{""denominator"":200000,""numerator"":3600},""P.placed"":{""denominator"":200000,""numerator"":3600},""full.excess"":{""denominator"":300000,""numerator"":6000},""full.placed"":{""denominator"":300000,""numerator"":6000}}}"
sampling.duplicate_keys.tail.n300000.pqstr,run-11c793b65f2ac43bb51e6f527e051745331651e185ba882ba52d8a023c333e80,run-34bd730d22f1125860cf98686f7e6b8ed99d8171bb3e00d2c792cf3a84771a82,class_count,,,,not_applicable,"{""sampling.duplicate_keys"":{""P.excess"":{""denominator"":200000,""numerator"":3600},""P.placed"":{""denominator"":200000,""numerator"":3600},""full.excess"":{""denominator"":300000,""numerator"":6000},""full.placed"":{""denominator"":300000,""numerator"":6000}}}"
sampling.duplicate_keys.tail.n300000.pqstr,run-11c793b65f2ac43bb51e6f527e051745331651e185ba882ba52d8a023c333e80,run-34bd730d22f1125860cf98686f7e6b8ed99d8171bb3e00d2c792cf3a84771a82,complete_pairs,,,,not_applicable,"{""sampling.duplicate_keys"":{""P.excess"":{""denominator"":200000,""numerator"":3600},""P.placed"":{""denominator"":200000,""numerator"":3600},""full.excess"":{""denominator"":300000,""numerator"":6000},""full.placed"":{""denominator"":300000,""numerator"":6000}}}"
sampling.duplicate_keys.tail.n300000.pqstr,run-11c793b65f2ac43bb51e6f527e051745331651e185ba882ba52d8a023c333e80,run-34bd730d22f1125860cf98686f7e6b8ed99d8171bb3e00d2c792cf3a84771a82,distinct_count,,,,not_applicable,"{""sampling.duplicate_keys"":{""P.excess"":{""denominator"":200000,""numerator"":3600},""P.placed"":{""denominator"":200000,""numerator"":3600},""full.excess"":{""denominator"":300000,""numerator"":6000},""full.placed"":{""denominator"":300000,""numerator"":6000}}}"
sampling.duplicate_keys.tail.n300000.pqstr,run-11c793b65f2ac43bb51e6f527e051745331651e185ba882ba52d8a023c333e80,run-34bd730d22f1125860cf98686f7e6b8ed99d8171bb3e00d2c792cf3a84771a82,equality_matches,,,,not_applicable,"{""sampling.duplicate_keys"":{""P.excess"":{""denominator"":200000,""numerator"":3600},""P.placed"":{""denominator"":200000,""numerator"":3600},""full.excess"":{""denominator"":300000,""numerator"":6000},""full.placed"":{""denominator"":300000,""numerator"":6000}}}"
sampling.duplicate_keys.tail.n300000.pqstr,run-11c793b65f2ac43bb51e6f527e051745331651e185ba882ba52d8a023c333e80,run-34bd730d22f1125860cf98686f7e6b8ed99d8171bb3e00d2c792cf3a84771a82,key_excess,6000.0,3600.0,-2400.0,,"{""sampling.duplicate_keys"":{""P.excess"":{""denominator"":200000,""numerator"":3600},""P.placed"":{""denominator"":200000,""numerator"":3600},""full.excess"":{""denominator"":300000,""numerator"":6000},""full.placed"":{""denominator"":300000,""numerator"":6000}}}"
sampling.duplicate_keys.tail.n300000.pqstr,run-11c793b65f2ac43bb51e6f527e051745331651e185ba882ba52d8a023c333e80,run-34bd730d22f1125860cf98686f7e6b8ed99d8171bb3e00d2c792cf3a84771a82,mapping_matches,,,,not_applicable,"{""sampling.duplicate_keys"":{""P.excess"":{""denominator"":200000,""numerator"":3600},""P.placed"":{""denominator"":200000,""numerator"":3600},""full.excess"":{""denominator"":300000,""numerator"":6000},""full.placed"":{""denominator"":300000,""numerator"":6000}}}"
sampling.duplicate_keys.tail.n300000.pqstr,run-11c793b65f2ac43bb51e6f527e051745331651e185ba882ba52d8a023c333e80,run-34bd730d22f1125860cf98686f7e6b8ed99d8171bb3e00d2c792cf3a84771a82,minority_count,,,,not_applicable,"{""sampling.duplicate_keys"":{""P.excess"":{""denominator"":200000,""numerator"":3600},""P.placed"":{""denominator"":200000,""numerator"":3600},""full.excess"":{""denominator"":300000,""numerator"":6000},""full.placed"":{""denominator"":300000,""numerator"":6000}}}"
sampling.duplicate_keys.tail.n300000.pqstr,run-11c793b65f2ac43bb51e6f527e051745331651e185ba882ba52d8a023c333e80,run-34bd730d22f1125860cf98686f7e6b8ed99d8171bb3e00d2c792cf3a84771a82,missing_count,,,,not_applicable,"{""sampling.duplicate_keys"":{""P.excess"":{""denominator"":200000,""numerator"":3600},""P.placed"":{""denominator"":200000,""numerator"":3600},""full.excess"":{""denominator"":300000,""numerator"":6000},""full.placed"":{""denominator"":300000,""numerator"":6000}}}"
sampling.duplicate_keys.tail.n300000.pqstr,run-11c793b65f2ac43bb51e6f527e051745331651e185ba882ba52d8a023c333e80,run-34bd730d22f1125860cf98686f7e6b8ed99d8171bb3e00d2c792cf3a84771a82,nonmissing_count,,,,not_applicable,"{""sampling.duplicate_keys"":{""P.excess"":{""denominator"":200000,""numerator"":3600},""P.placed"":{""denominator"":200000,""numerator"":3600},""full.excess"":{""denominator"":300000,""numerator"":6000},""full.placed"":{""denominator"":300000,""numerator"":6000}}}"
sampling.duplicate_keys.tail.n300000.pqstr,run-11c793b65f2ac43bb51e6f527e051745331651e185ba882ba52d8a023c333e80,run-34bd730d22f1125860cf98686f7e6b8ed99d8171bb3e00d2c792cf3a84771a82,parse_attempts,,,,not_applicable,"{""sampling.duplicate_keys"":{""P.excess"":{""denominator"":200000,""numerator"":3600},""P.placed"":{""denominator"":200000,""numerator"":3600},""full.excess"":{""denominator"":300000,""numerator"":6000},""full.placed"":{""denominator"":300000,""numerator"":6000}}}"
sampling.duplicate_keys.tail.n300000.pqstr,run-11c793b65f2ac43bb51e6f527e051745331651e185ba882ba52d8a023c333e80,run-34bd730d22f1125860cf98686f7e6b8ed99d8171bb3e00d2c792cf3a84771a82,parse_failures,,,,not_applicable,"{""sampling.duplicate_keys"":{""P.excess"":{""denominator"":200000,""numerator"":3600},""P.placed"":{""denominator"":200000,""numerator"":3600},""full.excess"":{""denominator"":300000,""numerator"":6000},""full.placed"":{""denominator"":300000,""numerator"":6000}}}"
sampling.duplicate_keys.tail.n300000.pqstr,run-11c793b65f2ac43bb51e6f527e051745331651e185ba882ba52d8a023c333e80,run-34bd730d22f1125860cf98686f7e6b8ed99d8171bb3e00d2c792cf3a84771a82,repeated_entity_participants,,,,not_applicable,"{""sampling.duplicate_keys"":{""P.excess"":{""denominator"":200000,""numerator"":3600},""P.placed"":{""denominator"":200000,""numerator"":3600},""full.excess"":{""denominator"":300000,""numerator"":6000},""full.placed"":{""denominator"":300000,""numerator"":6000}}}"
sampling.duplicate_keys.tail.n300000.pqstr,run-11c793b65f2ac43bb51e6f527e051745331651e185ba882ba52d8a023c333e80,run-34bd730d22f1125860cf98686f7e6b8ed99d8171bb3e00d2c792cf3a84771a82,row_excess,,,,not_applicable,"{""sampling.duplicate_keys"":{""P.excess"":{""denominator"":200000,""numerator"":3600},""P.placed"":{""denominator"":200000,""numerator"":3600},""full.excess"":{""denominator"":300000,""numerator"":6000},""full.placed"":{""denominator"":300000,""numerator"":6000}}}"
sampling.duplicate_rows.gaps.n300000.pqstr,run-20c4ab503696b8a84b907d58775aef576f77142414e079e1ccce3de4829286f1,run-d6e2426c2cd19873607af93c9a5057fd43399804eb1026dd5034a5e1f16ff64f,class_count,,,,not_applicable,"{""sampling.duplicate_rows"":{""P.excess"":{""denominator"":200000,""numerator"":0},""P.placed"":{""denominator"":200000,""numerator"":0},""full.excess"":{""denominator"":300000,""numerator"":6000},""full.placed"":{""denominator"":300000,""numerator"":6000}}}"
sampling.duplicate_rows.gaps.n300000.pqstr,run-20c4ab503696b8a84b907d58775aef576f77142414e079e1ccce3de4829286f1,run-d6e2426c2cd19873607af93c9a5057fd43399804eb1026dd5034a5e1f16ff64f,complete_pairs,,,,not_applicable,"{""sampling.duplicate_rows"":{""P.excess"":{""denominator"":200000,""numerator"":0},""P.placed"":{""denominator"":200000,""numerator"":0},""full.excess"":{""denominator"":300000,""numerator"":6000},""full.placed"":{""denominator"":300000,""numerator"":6000}}}"
sampling.duplicate_rows.gaps.n300000.pqstr,run-20c4ab503696b8a84b907d58775aef576f77142414e079e1ccce3de4829286f1,run-d6e2426c2cd19873607af93c9a5057fd43399804eb1026dd5034a5e1f16ff64f,distinct_count,,,,not_applicable,"{""sampling.duplicate_rows"":{""P.excess"":{""denominator"":200000,""numerator"":0},""P.placed"":{""denominator"":200000,""numerator"":0},""full.excess"":{""denominator"":300000,""numerator"":6000},""full.placed"":{""denominator"":300000,""numerator"":6000}}}"
sampling.duplicate_rows.gaps.n300000.pqstr,run-20c4ab503696b8a84b907d58775aef576f77142414e079e1ccce3de4829286f1,run-d6e2426c2cd19873607af93c9a5057fd43399804eb1026dd5034a5e1f16ff64f,equality_matches,,,,not_applicable,"{""sampling.duplicate_rows"":{""P.excess"":{""denominator"":200000,""numerator"":0},""P.placed"":{""denominator"":200000,""numerator"":0},""full.excess"":{""denominator"":300000,""numerator"":6000},""full.placed"":{""denominator"":300000,""numerator"":6000}}}"
sampling.duplicate_rows.gaps.n300000.pqstr,run-20c4ab503696b8a84b907d58775aef576f77142414e079e1ccce3de4829286f1,run-d6e2426c2cd19873607af93c9a5057fd43399804eb1026dd5034a5e1f16ff64f,key_excess,,,,not_applicable,"{""sampling.duplicate_rows"":{""P.excess"":{""denominator"":200000,""numerator"":0},""P.placed"":{""denominator"":200000,""numerator"":0},""full.excess"":{""denominator"":300000,""numerator"":6000},""full.placed"":{""denominator"":300000,""numerator"":6000}}}"
sampling.duplicate_rows.gaps.n300000.pqstr,run-20c4ab503696b8a84b907d58775aef576f77142414e079e1ccce3de4829286f1,run-d6e2426c2cd19873607af93c9a5057fd43399804eb1026dd5034a5e1f16ff64f,mapping_matches,,,,not_applicable,"{""sampling.duplicate_rows"":{""P.excess"":{""denominator"":200000,""numerator"":0},""P.placed"":{""denominator"":200000,""numerator"":0},""full.excess"":{""denominator"":300000,""numerator"":6000},""full.placed"":{""denominator"":300000,""numerator"":6000}}}"
sampling.duplicate_rows.gaps.n300000.pqstr,run-20c4ab503696b8a84b907d58775aef576f77142414e079e1ccce3de4829286f1,run-d6e2426c2cd19873607af93c9a5057fd43399804eb1026dd5034a5e1f16ff64f,minority_count,,,,not_applicable,"{""sampling.duplicate_rows"":{""P.excess"":{""denominator"":200000,""numerator"":0},""P.placed"":{""denominator"":200000,""numerator"":0},""full.excess"":{""denominator"":300000,""numerator"":6000},""full.placed"":{""denominator"":300000,""numerator"":6000}}}"
sampling.duplicate_rows.gaps.n300000.pqstr,run-20c4ab503696b8a84b907d58775aef576f77142414e079e1ccce3de4829286f1,run-d6e2426c2cd19873607af93c9a5057fd43399804eb1026dd5034a5e1f16ff64f,missing_count,,,,not_applicable,"{""sampling.duplicate_rows"":{""P.excess"":{""denominator"":200000,""numerator"":0},""P.placed"":{""denominator"":200000,""numerator"":0},""full.excess"":{""denominator"":300000,""numerator"":6000},""full.placed"":{""denominator"":300000,""numerator"":6000}}}"
sampling.duplicate_rows.gaps.n300000.pqstr,run-20c4ab503696b8a84b907d58775aef576f77142414e079e1ccce3de4829286f1,run-d6e2426c2cd19873607af93c9a5057fd43399804eb1026dd5034a5e1f16ff64f,nonmissing_count,,,,not_applicable,"{""sampling.duplicate_rows"":{""P.excess"":{""denominator"":200000,""numerator"":0},""P.placed"":{""denominator"":200000,""numerator"":0},""full.excess"":{""denominator"":300000,""numerator"":6000},""full.placed"":{""denominator"":300000,""numerator"":6000}}}"
sampling.duplicate_rows.gaps.n300000.pqstr,run-20c4ab503696b8a84b907d58775aef576f77142414e079e1ccce3de4829286f1,run-d6e2426c2cd19873607af93c9a5057fd43399804eb1026dd5034a5e1f16ff64f,parse_attempts,,,,not_applicable,"{""sampling.duplicate_rows"":{""P.excess"":{""denominator"":200000,""numerator"":0},""P.placed"":{""denominator"":200000,""numerator"":0},""full.excess"":{""denominator"":300000,""numerator"":6000},""full.placed"":{""denominator"":300000,""numerator"":6000}}}"
sampling.duplicate_rows.gaps.n300000.pqstr,run-20c4ab503696b8a84b907d58775aef576f77142414e079e1ccce3de4829286f1,run-d6e2426c2cd19873607af93c9a5057fd43399804eb1026dd5034a5e1f16ff64f,parse_failures,,,,not_applicable,"{""sampling.duplicate_rows"":{""P.excess"":{""denominator"":200000,""numerator"":0},""P.placed"":{""denominator"":200000,""numerator"":0},""full.excess"":{""denominator"":300000,""numerator"":6000},""full.placed"":{""denominator"":300000,""numerator"":6000}}}"
sampling.duplicate_rows.gaps.n300000.pqstr,run-20c4ab503696b8a84b907d58775aef576f77142414e079e1ccce3de4829286f1,run-d6e2426c2cd19873607af93c9a5057fd43399804eb1026dd5034a5e1f16ff64f,repeated_entity_participants,,,,not_applicable,"{""sampling.duplicate_rows"":{""P.excess"":{""denominator"":200000,""numerator"":0},""P.placed"":{""denominator"":200000,""numerator"":0},""full.excess"":{""denominator"":300000,""numerator"":6000},""full.placed"":{""denominator"":300000,""numerator"":6000}}}"
sampling.duplicate_rows.gaps.n300000.pqstr,run-20c4ab503696b8a84b907d58775aef576f77142414e079e1ccce3de4829286f1,run-d6e2426c2cd19873607af93c9a5057fd43399804eb1026dd5034a5e1f16ff64f,row_excess,6000.0,0.0,-6000.0,,"{""sampling.duplicate_rows"":{""P.excess"":{""denominator"":200000,""numerator"":0},""P.placed"":{""denominator"":200000,""numerator"":0},""full.excess"":{""denominator"":300000,""numerator"":6000},""full.placed"":{""denominator"":300000,""numerator"":6000}}}"
sampling.duplicate_rows.head.n300000.pqstr,run-0f06045aa52b3b85be910456c30a48ef56d4627c900e9bf0b9281a9745d70e1d,run-aa4f340f8a274b551c1fb774735f68e3681d2ede18f5435f6ebb0d4645054946,class_count,,,,not_applicable,"{""sampling.duplicate_rows"":{""P.excess"":{""denominator"":200000,""numerator"":6000},""P.placed"":{""denominator"":200000,""numerator"":6000},""full.excess"":{""denominator"":300000,""numerator"":6000},""full.placed"":{""denominator"":300000,""numerator"":6000}}}"
sampling.duplicate_rows.head.n300000.pqstr,run-0f06045aa52b3b85be910456c30a48ef56d4627c900e9bf0b9281a9745d70e1d,run-aa4f340f8a274b551c1fb774735f68e3681d2ede18f5435f6ebb0d4645054946,complete_pairs,,,,not_applicable,"{""sampling.duplicate_rows"":{""P.excess"":{""denominator"":200000,""numerator"":6000},""P.placed"":{""denominator"":200000,""numerator"":6000},""full.excess"":{""denominator"":300000,""numerator"":6000},""full.placed"":{""denominator"":300000,""numerator"":6000}}}"
sampling.duplicate_rows.head.n300000.pqstr,run-0f06045aa52b3b85be910456c30a48ef56d4627c900e9bf0b9281a9745d70e1d,run-aa4f340f8a274b551c1fb774735f68e3681d2ede18f5435f6ebb0d4645054946,distinct_count,,,,not_applicable,"{""sampling.duplicate_rows"":{""P.excess"":{""denominator"":200000,""numerator"":6000},""P.placed"":{""denominator"":200000,""numerator"":6000},""full.excess"":{""denominator"":300000,""numerator"":6000},""full.placed"":{""denominator"":300000,""numerator"":6000}}}"
sampling.duplicate_rows.head.n300000.pqstr,run-0f06045aa52b3b85be910456c30a48ef56d4627c900e9bf0b9281a9745d70e1d,run-aa4f340f8a274b551c1fb774735f68e3681d2ede18f5435f6ebb0d4645054946,equality_matches,,,,not_applicable,"{""sampling.duplicate_rows"":{""P.excess"":{""denominator"":200000,""numerator"":6000},""P.placed"":{""denominator"":200000,""numerator"":6000},""full.excess"":{""denominator"":300000,""numerator"":6000},""full.placed"":{""denominator"":300000,""numerator"":6000}}}"
sampling.duplicate_rows.head.n300000.pqstr,run-0f06045aa52b3b85be910456c30a48ef56d4627c900e9bf0b9281a9745d70e1d,run-aa4f340f8a274b551c1fb774735f68e3681d2ede18f5435f6ebb0d4645054946,key_excess,,,,not_applicable,"{""sampling.duplicate_rows"":{""P.excess"":{""denominator"":200000,""numerator"":6000},""P.placed"":{""denominator"":200000,""numerator"":6000},""full.excess"":{""denominator"":300000,""numerator"":6000},""full.placed"":{""denominator"":300000,""numerator"":6000}}}"
sampling.duplicate_rows.head.n300000.pqstr,run-0f06045aa52b3b85be910456c30a48ef56d4627c900e9bf0b9281a9745d70e1d,run-aa4f340f8a274b551c1fb774735f68e3681d2ede18f5435f6ebb0d4645054946,mapping_matches,,,,not_applicable,"{""sampling.duplicate_rows"":{""P.excess"":{""denominator"":200000,""numerator"":6000},""P.placed"":{""denominator"":200000,""numerator"":6000},""full.excess"":{""denominator"":300000,""numerator"":6000},""full.placed"":{""denominator"":300000,""numerator"":6000}}}"
sampling.duplicate_rows.head.n300000.pqstr,run-0f06045aa52b3b85be910456c30a48ef56d4627c900e9bf0b9281a9745d70e1d,run-aa4f340f8a274b551c1fb774735f68e3681d2ede18f5435f6ebb0d4645054946,minority_count,,,,not_applicable,"{""sampling.duplicate_rows"":{""P.excess"":{""denominator"":200000,""numerator"":6000},""P.placed"":{""denominator"":200000,""numerator"":6000},""full.excess"":{""denominator"":300000,""numerator"":6000},""full.placed"":{""denominator"":300000,""numerator"":6000}}}"
sampling.duplicate_rows.head.n300000.pqstr,run-0f06045aa52b3b85be910456c30a48ef56d4627c900e9bf0b9281a9745d70e1d,run-aa4f340f8a274b551c1fb774735f68e3681d2ede18f5435f6ebb0d4645054946,missing_count,,,,not_applicable,"{""sampling.duplicate_rows"":{""P.excess"":{""denominator"":200000,""numerator"":6000},""P.placed"":{""denominator"":200000,""numerator"":6000},""full.excess"":{""denominator"":300000,""numerator"":6000},""full.placed"":{""denominator"":300000,""numerator"":6000}}}"
sampling.duplicate_rows.head.n300000.pqstr,run-0f06045aa52b3b85be910456c30a48ef56d4627c900e9bf0b9281a9745d70e1d,run-aa4f340f8a274b551c1fb774735f68e3681d2ede18f5435f6ebb0d4645054946,nonmissing_count,,,,not_applicable,"{""sampling.duplicate_rows"":{""P.excess"":{""denominator"":200000,""numerator"":6000},""P.placed"":{""denominator"":200000,""numerator"":6000},""full.excess"":{""denominator"":300000,""numerator"":6000},""full.placed"":{""denominator"":300000,""numerator"":6000}}}"
sampling.duplicate_rows.head.n300000.pqstr,run-0f06045aa52b3b85be910456c30a48ef56d4627c900e9bf0b9281a9745d70e1d,run-aa4f340f8a274b551c1fb774735f68e3681d2ede18f5435f6ebb0d4645054946,parse_attempts,,,,not_applicable,"{""sampling.duplicate_rows"":{""P.excess"":{""denominator"":200000,""numerator"":6000},""P.placed"":{""denominator"":200000,""numerator"":6000},""full.excess"":{""denominator"":300000,""numerator"":6000},""full.placed"":{""denominator"":300000,""numerator"":6000}}}"
sampling.duplicate_rows.head.n300000.pqstr,run-0f06045aa52b3b85be910456c30a48ef56d4627c900e9bf0b9281a9745d70e1d,run-aa4f340f8a274b551c1fb774735f68e3681d2ede18f5435f6ebb0d4645054946,parse_failures,,,,not_applicable,"{""sampling.duplicate_rows"":{""P.excess"":{""denominator"":200000,""numerator"":6000},""P.placed"":{""denominator"":200000,""numerator"":6000},""full.excess"":{""denominator"":300000,""numerator"":6000},""full.placed"":{""denominator"":300000,""numerator"":6000}}}"
sampling.duplicate_rows.head.n300000.pqstr,run-0f06045aa52b3b85be910456c30a48ef56d4627c900e9bf0b9281a9745d70e1d,run-aa4f340f8a274b551c1fb774735f68e3681d2ede18f5435f6ebb0d4645054946,repeated_entity_participants,,,,not_applicable,"{""sampling.duplicate_rows"":{""P.excess"":{""denominator"":200000,""numerator"":6000},""P.placed"":{""denominator"":200000,""numerator"":6000},""full.excess"":{""denominator"":300000,""numerator"":6000},""full.placed"":{""denominator"":300000,""numerator"":6000}}}"
sampling.duplicate_rows.head.n300000.pqstr,run-0f06045aa52b3b85be910456c30a48ef56d4627c900e9bf0b9281a9745d70e1d,run-aa4f340f8a274b551c1fb774735f68e3681d2ede18f5435f6ebb0d4645054946,row_excess,6000.0,6000.0,0.0,,"{""sampling.duplicate_rows"":{""P.excess"":{""denominator"":200000,""numerator"":6000},""P.placed"":{""denominator"":200000,""numerator"":6000},""full.excess"":{""denominator"":300000,""numerator"":6000},""full.placed"":{""denominator"":300000,""numerator"":6000}}}"
sampling.duplicate_rows.middle.n300000.pqstr,run-fd9ee0a47c65e495b82acac208ac863bae95d6a00d5ee7be4cf0bbc8b5b44a8f,run-d5ee993e2c57ea6ca4c764bc59c392effb2d9be411c0bd3eda3db0dcbdb84877,class_count,,,,not_applicable,"{""sampling.duplicate_rows"":{""P.excess"":{""denominator"":200000,""numerator"":3600},""P.placed"":{""denominator"":200000,""numerator"":3600},""full.excess"":{""denominator"":300000,""numerator"":6000},""full.placed"":{""denominator"":300000,""numerator"":6000}}}"
sampling.duplicate_rows.middle.n300000.pqstr,run-fd9ee0a47c65e495b82acac208ac863bae95d6a00d5ee7be4cf0bbc8b5b44a8f,run-d5ee993e2c57ea6ca4c764bc59c392effb2d9be411c0bd3eda3db0dcbdb84877,complete_pairs,,,,not_applicable,"{""sampling.duplicate_rows"":{""P.excess"":{""denominator"":200000,""numerator"":3600},""P.placed"":{""denominator"":200000,""numerator"":3600},""full.excess"":{""denominator"":300000,""numerator"":6000},""full.placed"":{""denominator"":300000,""numerator"":6000}}}"
sampling.duplicate_rows.middle.n300000.pqstr,run-fd9ee0a47c65e495b82acac208ac863bae95d6a00d5ee7be4cf0bbc8b5b44a8f,run-d5ee993e2c57ea6ca4c764bc59c392effb2d9be411c0bd3eda3db0dcbdb84877,distinct_count,,,,not_applicable,"{""sampling.duplicate_rows"":{""P.excess"":{""denominator"":200000,""numerator"":3600},""P.placed"":{""denominator"":200000,""numerator"":3600},""full.excess"":{""denominator"":300000,""numerator"":6000},""full.placed"":{""denominator"":300000,""numerator"":6000}}}"
sampling.duplicate_rows.middle.n300000.pqstr,run-fd9ee0a47c65e495b82acac208ac863bae95d6a00d5ee7be4cf0bbc8b5b44a8f,run-d5ee993e2c57ea6ca4c764bc59c392effb2d9be411c0bd3eda3db0dcbdb84877,equality_matches,,,,not_applicable,"{""sampling.duplicate_rows"":{""P.excess"":{""denominator"":200000,""numerator"":3600},""P.placed"":{""denominator"":200000,""numerator"":3600},""full.excess"":{""denominator"":300000,""numerator"":6000},""full.placed"":{""denominator"":300000,""numerator"":6000}}}"
sampling.duplicate_rows.middle.n300000.pqstr,run-fd9ee0a47c65e495b82acac208ac863bae95d6a00d5ee7be4cf0bbc8b5b44a8f,run-d5ee993e2c57ea6ca4c764bc59c392effb2d9be411c0bd3eda3db0dcbdb84877,key_excess,,,,not_applicable,"{""sampling.duplicate_rows"":{""P.excess"":{""denominator"":200000,""numerator"":3600},""P.placed"":{""denominator"":200000,""numerator"":3600},""full.excess"":{""denominator"":300000,""numerator"":6000},""full.placed"":{""denominator"":300000,""numerator"":6000}}}"
sampling.duplicate_rows.middle.n300000.pqstr,run-fd9ee0a47c65e495b82acac208ac863bae95d6a00d5ee7be4cf0bbc8b5b44a8f,run-d5ee993e2c57ea6ca4c764bc59c392effb2d9be411c0bd3eda3db0dcbdb84877,mapping_matches,,,,not_applicable,"{""sampling.duplicate_rows"":{""P.excess"":{""denominator"":200000,""numerator"":3600},""P.placed"":{""denominator"":200000,""numerator"":3600},""full.excess"":{""denominator"":300000,""numerator"":6000},""full.placed"":{""denominator"":300000,""numerator"":6000}}}"
sampling.duplicate_rows.middle.n300000.pqstr,run-fd9ee0a47c65e495b82acac208ac863bae95d6a00d5ee7be4cf0bbc8b5b44a8f,run-d5ee993e2c57ea6ca4c764bc59c392effb2d9be411c0bd3eda3db0dcbdb84877,minority_count,,,,not_applicable,"{""sampling.duplicate_rows"":{""P.excess"":{""denominator"":200000,""numerator"":3600},""P.placed"":{""denominator"":200000,""numerator"":3600},""full.excess"":{""denominator"":300000,""numerator"":6000},""full.placed"":{""denominator"":300000,""numerator"":6000}}}"
sampling.duplicate_rows.middle.n300000.pqstr,run-fd9ee0a47c65e495b82acac208ac863bae95d6a00d5ee7be4cf0bbc8b5b44a8f,run-d5ee993e2c57ea6ca4c764bc59c392effb2d9be411c0bd3eda3db0dcbdb84877,missing_count,,,,not_applicable,"{""sampling.duplicate_rows"":{""P.excess"":{""denominator"":200000,""numerator"":3600},""P.placed"":{""denominator"":200000,""numerator"":3600},""full.excess"":{""denominator"":300000,""numerator"":6000},""full.placed"":{""denominator"":300000,""numerator"":6000}}}"
sampling.duplicate_rows.middle.n300000.pqstr,run-fd9ee0a47c65e495b82acac208ac863bae95d6a00d5ee7be4cf0bbc8b5b44a8f,run-d5ee993e2c57ea6ca4c764bc59c392effb2d9be411c0bd3eda3db0dcbdb84877,nonmissing_count,,,,not_applicable,"{""sampling.duplicate_rows"":{""P.excess"":{""denominator"":200000,""numerator"":3600},""P.placed"":{""denominator"":200000,""numerator"":3600},""full.excess"":{""denominator"":300000,""numerator"":6000},""full.placed"":{""denominator"":300000,""numerator"":6000}}}"
sampling.duplicate_rows.middle.n300000.pqstr,run-fd9ee0a47c65e495b82acac208ac863bae95d6a00d5ee7be4cf0bbc8b5b44a8f,run-d5ee993e2c57ea6ca4c764bc59c392effb2d9be411c0bd3eda3db0dcbdb84877,parse_attempts,,,,not_applicable,"{""sampling.duplicate_rows"":{""P.excess"":{""denominator"":200000,""numerator"":3600},""P.placed"":{""denominator"":200000,""numerator"":3600},""full.excess"":{""denominator"":300000,""numerator"":6000},""full.placed"":{""denominator"":300000,""numerator"":6000}}}"
sampling.duplicate_rows.middle.n300000.pqstr,run-fd9ee0a47c65e495b82acac208ac863bae95d6a00d5ee7be4cf0bbc8b5b44a8f,run-d5ee993e2c57ea6ca4c764bc59c392effb2d9be411c0bd3eda3db0dcbdb84877,parse_failures,,,,not_applicable,"{""sampling.duplicate_rows"":{""P.excess"":{""denominator"":200000,""numerator"":3600},""P.placed"":{""denominator"":200000,""numerator"":3600},""full.excess"":{""denominator"":300000,""numerator"":6000},""full.placed"":{""denominator"":300000,""numerator"":6000}}}"
sampling.duplicate_rows.middle.n300000.pqstr,run-fd9ee0a47c65e495b82acac208ac863bae95d6a00d5ee7be4cf0bbc8b5b44a8f,run-d5ee993e2c57ea6ca4c764bc59c392effb2d9be411c0bd3eda3db0dcbdb84877,repeated_entity_participants,,,,not_applicable,"{""sampling.duplicate_rows"":{""P.excess"":{""denominator"":200000,""numerator"":3600},""P.placed"":{""denominator"":200000,""numerator"":3600},""full.excess"":{""denominator"":300000,""numerator"":6000},""full.placed"":{""denominator"":300000,""numerator"":6000}}}"
sampling.duplicate_rows.middle.n300000.pqstr,run-fd9ee0a47c65e495b82acac208ac863bae95d6a00d5ee7be4cf0bbc8b5b44a8f,run-d5ee993e2c57ea6ca4c764bc59c392effb2d9be411c0bd3eda3db0dcbdb84877,row_excess,6000.0,3600.0,-2400.0,,"{""sampling.duplicate_rows"":{""P.excess"":{""denominator"":200000,""numerator"":3600},""P.placed"":{""denominator"":200000,""numerator"":3600},""full.excess"":{""denominator"":300000,""numerator"":6000},""full.placed"":{""denominator"":300000,""numerator"":6000}}}"
sampling.duplicate_rows.tail.n300000.pqstr,run-6b28eed17f3b7b7a2694574b441a13f264ea941d342e58c4f14573a7cea2e22a,run-dd64c885c9c7ef131171fd5acbdb61ebde36af39e4f162855800ebfbee5fb103,class_count,,,,not_applicable,"{""sampling.duplicate_rows"":{""P.excess"":{""denominator"":200000,""numerator"":3600},""P.placed"":{""denominator"":200000,""numerator"":3600},""full.excess"":{""denominator"":300000,""numerator"":6000},""full.placed"":{""denominator"":300000,""numerator"":6000}}}"
sampling.duplicate_rows.tail.n300000.pqstr,run-6b28eed17f3b7b7a2694574b441a13f264ea941d342e58c4f14573a7cea2e22a,run-dd64c885c9c7ef131171fd5acbdb61ebde36af39e4f162855800ebfbee5fb103,complete_pairs,,,,not_applicable,"{""sampling.duplicate_rows"":{""P.excess"":{""denominator"":200000,""numerator"":3600},""P.placed"":{""denominator"":200000,""numerator"":3600},""full.excess"":{""denominator"":300000,""numerator"":6000},""full.placed"":{""denominator"":300000,""numerator"":6000}}}"
sampling.duplicate_rows.tail.n300000.pqstr,run-6b28eed17f3b7b7a2694574b441a13f264ea941d342e58c4f14573a7cea2e22a,run-dd64c885c9c7ef131171fd5acbdb61ebde36af39e4f162855800ebfbee5fb103,distinct_count,,,,not_applicable,"{""sampling.duplicate_rows"":{""P.excess"":{""denominator"":200000,""numerator"":3600},""P.placed"":{""denominator"":200000,""numerator"":3600},""full.excess"":{""denominator"":300000,""numerator"":6000},""full.placed"":{""denominator"":300000,""numerator"":6000}}}"
sampling.duplicate_rows.tail.n300000.pqstr,run-6b28eed17f3b7b7a2694574b441a13f264ea941d342e58c4f14573a7cea2e22a,run-dd64c885c9c7ef131171fd5acbdb61ebde36af39e4f162855800ebfbee5fb103,equality_matches,,,,not_applicable,"{""sampling.duplicate_rows"":{""P.excess"":{""denominator"":200000,""numerator"":3600},""P.placed"":{""denominator"":200000,""numerator"":3600},""full.excess"":{""denominator"":300000,""numerator"":6000},""full.placed"":{""denominator"":300000,""numerator"":6000}}}"
sampling.duplicate_rows.tail.n300000.pqstr,run-6b28eed17f3b7b7a2694574b441a13f264ea941d342e58c4f14573a7cea2e22a,run-dd64c885c9c7ef131171fd5acbdb61ebde36af39e4f162855800ebfbee5fb103,key_excess,,,,not_applicable,"{""sampling.duplicate_rows"":{""P.excess"":{""denominator"":200000,""numerator"":3600},""P.placed"":{""denominator"":200000,""numerator"":3600},""full.excess"":{""denominator"":300000,""numerator"":6000},""full.placed"":{""denominator"":300000,""numerator"":6000}}}"
sampling.duplicate_rows.tail.n300000.pqstr,run-6b28eed17f3b7b7a2694574b441a13f264ea941d342e58c4f14573a7cea2e22a,run-dd64c885c9c7ef131171fd5acbdb61ebde36af39e4f162855800ebfbee5fb103,mapping_matches,,,,not_applicable,"{""sampling.duplicate_rows"":{""P.excess"":{""denominator"":200000,""numerator"":3600},""P.placed"":{""denominator"":200000,""numerator"":3600},""full.excess"":{""denominator"":300000,""numerator"":6000},""full.placed"":{""denominator"":300000,""numerator"":6000}}}"
sampling.duplicate_rows.tail.n300000.pqstr,run-6b28eed17f3b7b7a2694574b441a13f264ea941d342e58c4f14573a7cea2e22a,run-dd64c885c9c7ef131171fd5acbdb61ebde36af39e4f162855800ebfbee5fb103,minority_count,,,,not_applicable,"{""sampling.duplicate_rows"":{""P.excess"":{""denominator"":200000,""numerator"":3600},""P.placed"":{""denominator"":200000,""numerator"":3600},""full.excess"":{""denominator"":300000,""numerator"":6000},""full.placed"":{""denominator"":300000,""numerator"":6000}}}"
sampling.duplicate_rows.tail.n300000.pqstr,run-6b28eed17f3b7b7a2694574b441a13f264ea941d342e58c4f14573a7cea2e22a,run-dd64c885c9c7ef131171fd5acbdb61ebde36af39e4f162855800ebfbee5fb103,missing_count,,,,not_applicable,"{""sampling.duplicate_rows"":{""P.excess"":{""denominator"":200000,""numerator"":3600},""P.placed"":{""denominator"":200000,""numerator"":3600},""full.excess"":{""denominator"":300000,""numerator"":6000},""full.placed"":{""denominator"":300000,""numerator"":6000}}}"
sampling.duplicate_rows.tail.n300000.pqstr,run-6b28eed17f3b7b7a2694574b441a13f264ea941d342e58c4f14573a7cea2e22a,run-dd64c885c9c7ef131171fd5acbdb61ebde36af39e4f162855800ebfbee5fb103,nonmissing_count,,,,not_applicable,"{""sampling.duplicate_rows"":{""P.excess"":{""denominator"":200000,""numerator"":3600},""P.placed"":{""denominator"":200000,""numerator"":3600},""full.excess"":{""denominator"":300000,""numerator"":6000},""full.placed"":{""denominator"":300000,""numerator"":6000}}}"
sampling.duplicate_rows.tail.n300000.pqstr,run-6b28eed17f3b7b7a2694574b441a13f264ea941d342e58c4f14573a7cea2e22a,run-dd64c885c9c7ef131171fd5acbdb61ebde36af39e4f162855800ebfbee5fb103,parse_attempts,,,,not_applicable,"{""sampling.duplicate_rows"":{""P.excess"":{""denominator"":200000,""numerator"":3600},""P.placed"":{""denominator"":200000,""numerator"":3600},""full.excess"":{""denominator"":300000,""numerator"":6000},""full.placed"":{""denominator"":300000,""numerator"":6000}}}"
sampling.duplicate_rows.tail.n300000.pqstr,run-6b28eed17f3b7b7a2694574b441a13f264ea941d342e58c4f14573a7cea2e22a,run-dd64c885c9c7ef131171fd5acbdb61ebde36af39e4f162855800ebfbee5fb103,parse_failures,,,,not_applicable,"{""sampling.duplicate_rows"":{""P.excess"":{""denominator"":200000,""numerator"":3600},""P.placed"":{""denominator"":200000,""numerator"":3600},""full.excess"":{""denominator"":300000,""numerator"":6000},""full.placed"":{""denominator"":300000,""numerator"":6000}}}"
sampling.duplicate_rows.tail.n300000.pqstr,run-6b28eed17f3b7b7a2694574b441a13f264ea941d342e58c4f14573a7cea2e22a,run-dd64c885c9c7ef131171fd5acbdb61ebde36af39e4f162855800ebfbee5fb103,repeated_entity_participants,,,,not_applicable,"{""sampling.duplicate_rows"":{""P.excess"":{""denominator"":200000,""numerator"":3600},""P.placed"":{""denominator"":200000,""numerator"":3600},""full.excess"":{""denominator"":300000,""numerator"":6000},""full.placed"":{""denominator"":300000,""numerator"":6000}}}"
sampling.duplicate_rows.tail.n300000.pqstr,run-6b28eed17f3b7b7a2694574b441a13f264ea941d342e58c4f14573a7cea2e22a,run-dd64c885c9c7ef131171fd5acbdb61ebde36af39e4f162855800ebfbee5fb103,row_excess,6000.0,3600.0,-2400.0,,"{""sampling.duplicate_rows"":{""P.excess"":{""denominator"":200000,""numerator"":3600},""P.placed"":{""denominator"":200000,""numerator"":3600},""full.excess"":{""denominator"":300000,""numerator"":6000},""full.placed"":{""denominator"":300000,""numerator"":6000}}}"
sampling.group.gaps.n300000.pqstr,run-ec44d0aa1b66b38735aa0c2a0516a1fa6cc02cdc8aa95337b550ea31e26d6811,run-14c138da9840ede86c2119103a2561b013a70ba702d4d7c37b53268b331ed3d7,class_count,,,,not_applicable,"{""sampling.group"":{""P.placed"":{""denominator"":200000,""numerator"":0},""P.repeated_participants"":{""denominator"":200000,""numerator"":0},""full.placed"":{""denominator"":300000,""numerator"":15000},""full.repeated_participants"":{""denominator"":300000,""numerator"":30000}},""split.intent"":{}}"
sampling.group.gaps.n300000.pqstr,run-ec44d0aa1b66b38735aa0c2a0516a1fa6cc02cdc8aa95337b550ea31e26d6811,run-14c138da9840ede86c2119103a2561b013a70ba702d4d7c37b53268b331ed3d7,complete_pairs,,,,not_applicable,"{""sampling.group"":{""P.placed"":{""denominator"":200000,""numerator"":0},""P.repeated_participants"":{""denominator"":200000,""numerator"":0},""full.placed"":{""denominator"":300000,""numerator"":15000},""full.repeated_participants"":{""denominator"":300000,""numerator"":30000}},""split.intent"":{}}"
sampling.group.gaps.n300000.pqstr,run-ec44d0aa1b66b38735aa0c2a0516a1fa6cc02cdc8aa95337b550ea31e26d6811,run-14c138da9840ede86c2119103a2561b013a70ba702d4d7c37b53268b331ed3d7,distinct_count,,,,not_applicable,"{""sampling.group"":{""P.placed"":{""denominator"":200000,""numerator"":0},""P.repeated_participants"":{""denominator"":200000,""numerator"":0},""full.placed"":{""denominator"":300000,""numerator"":15000},""full.repeated_participants"":{""denominator"":300000,""numerator"":30000}},""split.intent"":{}}"
sampling.group.gaps.n300000.pqstr,run-ec44d0aa1b66b38735aa0c2a0516a1fa6cc02cdc8aa95337b550ea31e26d6811,run-14c138da9840ede86c2119103a2561b013a70ba702d4d7c37b53268b331ed3d7,equality_matches,,,,not_applicable,"{""sampling.group"":{""P.placed"":{""denominator"":200000,""numerator"":0},""P.repeated_participants"":{""denominator"":200000,""numerator"":0},""full.placed"":{""denominator"":300000,""numerator"":15000},""full.repeated_participants"":{""denominator"":300000,""numerator"":30000}},""split.intent"":{}}"
sampling.group.gaps.n300000.pqstr,run-ec44d0aa1b66b38735aa0c2a0516a1fa6cc02cdc8aa95337b550ea31e26d6811,run-14c138da9840ede86c2119103a2561b013a70ba702d4d7c37b53268b331ed3d7,key_excess,,,,not_applicable,"{""sampling.group"":{""P.placed"":{""denominator"":200000,""numerator"":0},""P.repeated_participants"":{""denominator"":200000,""numerator"":0},""full.placed"":{""denominator"":300000,""numerator"":15000},""full.repeated_participants"":{""denominator"":300000,""numerator"":30000}},""split.intent"":{}}"
sampling.group.gaps.n300000.pqstr,run-ec44d0aa1b66b38735aa0c2a0516a1fa6cc02cdc8aa95337b550ea31e26d6811,run-14c138da9840ede86c2119103a2561b013a70ba702d4d7c37b53268b331ed3d7,mapping_matches,,,,not_applicable,"{""sampling.group"":{""P.placed"":{""denominator"":200000,""numerator"":0},""P.repeated_participants"":{""denominator"":200000,""numerator"":0},""full.placed"":{""denominator"":300000,""numerator"":15000},""full.repeated_participants"":{""denominator"":300000,""numerator"":30000}},""split.intent"":{}}"
sampling.group.gaps.n300000.pqstr,run-ec44d0aa1b66b38735aa0c2a0516a1fa6cc02cdc8aa95337b550ea31e26d6811,run-14c138da9840ede86c2119103a2561b013a70ba702d4d7c37b53268b331ed3d7,minority_count,,,,not_applicable,"{""sampling.group"":{""P.placed"":{""denominator"":200000,""numerator"":0},""P.repeated_participants"":{""denominator"":200000,""numerator"":0},""full.placed"":{""denominator"":300000,""numerator"":15000},""full.repeated_participants"":{""denominator"":300000,""numerator"":30000}},""split.intent"":{}}"
sampling.group.gaps.n300000.pqstr,run-ec44d0aa1b66b38735aa0c2a0516a1fa6cc02cdc8aa95337b550ea31e26d6811,run-14c138da9840ede86c2119103a2561b013a70ba702d4d7c37b53268b331ed3d7,missing_count,,,,not_applicable,"{""sampling.group"":{""P.placed"":{""denominator"":200000,""numerator"":0},""P.repeated_participants"":{""denominator"":200000,""numerator"":0},""full.placed"":{""denominator"":300000,""numerator"":15000},""full.repeated_participants"":{""denominator"":300000,""numerator"":30000}},""split.intent"":{}}"
sampling.group.gaps.n300000.pqstr,run-ec44d0aa1b66b38735aa0c2a0516a1fa6cc02cdc8aa95337b550ea31e26d6811,run-14c138da9840ede86c2119103a2561b013a70ba702d4d7c37b53268b331ed3d7,nonmissing_count,,,,not_applicable,"{""sampling.group"":{""P.placed"":{""denominator"":200000,""numerator"":0},""P.repeated_participants"":{""denominator"":200000,""numerator"":0},""full.placed"":{""denominator"":300000,""numerator"":15000},""full.repeated_participants"":{""denominator"":300000,""numerator"":30000}},""split.intent"":{}}"
sampling.group.gaps.n300000.pqstr,run-ec44d0aa1b66b38735aa0c2a0516a1fa6cc02cdc8aa95337b550ea31e26d6811,run-14c138da9840ede86c2119103a2561b013a70ba702d4d7c37b53268b331ed3d7,parse_attempts,,,,not_applicable,"{""sampling.group"":{""P.placed"":{""denominator"":200000,""numerator"":0},""P.repeated_participants"":{""denominator"":200000,""numerator"":0},""full.placed"":{""denominator"":300000,""numerator"":15000},""full.repeated_participants"":{""denominator"":300000,""numerator"":30000}},""split.intent"":{}}"
sampling.group.gaps.n300000.pqstr,run-ec44d0aa1b66b38735aa0c2a0516a1fa6cc02cdc8aa95337b550ea31e26d6811,run-14c138da9840ede86c2119103a2561b013a70ba702d4d7c37b53268b331ed3d7,parse_failures,,,,not_applicable,"{""sampling.group"":{""P.placed"":{""denominator"":200000,""numerator"":0},""P.repeated_participants"":{""denominator"":200000,""numerator"":0},""full.placed"":{""denominator"":300000,""numerator"":15000},""full.repeated_participants"":{""denominator"":300000,""numerator"":30000}},""split.intent"":{}}"
sampling.group.gaps.n300000.pqstr,run-ec44d0aa1b66b38735aa0c2a0516a1fa6cc02cdc8aa95337b550ea31e26d6811,run-14c138da9840ede86c2119103a2561b013a70ba702d4d7c37b53268b331ed3d7,repeated_entity_participants,30000.0,0.0,-30000.0,,"{""sampling.group"":{""P.placed"":{""denominator"":200000,""numerator"":0},""P.repeated_participants"":{""denominator"":200000,""numerator"":0},""full.placed"":{""denominator"":300000,""numerator"":15000},""full.repeated_participants"":{""denominator"":300000,""numerator"":30000}},""split.intent"":{}}"
sampling.group.gaps.n300000.pqstr,run-ec44d0aa1b66b38735aa0c2a0516a1fa6cc02cdc8aa95337b550ea31e26d6811,run-14c138da9840ede86c2119103a2561b013a70ba702d4d7c37b53268b331ed3d7,row_excess,,,,not_applicable,"{""sampling.group"":{""P.placed"":{""denominator"":200000,""numerator"":0},""P.repeated_participants"":{""denominator"":200000,""numerator"":0},""full.placed"":{""denominator"":300000,""numerator"":15000},""full.repeated_participants"":{""denominator"":300000,""numerator"":30000}},""split.intent"":{}}"
sampling.group.head.n300000.pqstr,run-652ad766ff3ff6ed81131be05756f383baaea5a82530c96042bca56e9aee46fa,run-a5e144473d464c4c5e7603b6e6feb03eb37181dac04d7954ec8e7adcd0da07c5,class_count,,,,not_applicable,"{""sampling.group"":{""P.placed"":{""denominator"":200000,""numerator"":15000},""P.repeated_participants"":{""denominator"":200000,""numerator"":30000},""full.placed"":{""denominator"":300000,""numerator"":15000},""full.repeated_participants"":{""denominator"":300000,""numerator"":30000}},""split.intent"":{}}"
sampling.group.head.n300000.pqstr,run-652ad766ff3ff6ed81131be05756f383baaea5a82530c96042bca56e9aee46fa,run-a5e144473d464c4c5e7603b6e6feb03eb37181dac04d7954ec8e7adcd0da07c5,complete_pairs,,,,not_applicable,"{""sampling.group"":{""P.placed"":{""denominator"":200000,""numerator"":15000},""P.repeated_participants"":{""denominator"":200000,""numerator"":30000},""full.placed"":{""denominator"":300000,""numerator"":15000},""full.repeated_participants"":{""denominator"":300000,""numerator"":30000}},""split.intent"":{}}"
sampling.group.head.n300000.pqstr,run-652ad766ff3ff6ed81131be05756f383baaea5a82530c96042bca56e9aee46fa,run-a5e144473d464c4c5e7603b6e6feb03eb37181dac04d7954ec8e7adcd0da07c5,distinct_count,,,,not_applicable,"{""sampling.group"":{""P.placed"":{""denominator"":200000,""numerator"":15000},""P.repeated_participants"":{""denominator"":200000,""numerator"":30000},""full.placed"":{""denominator"":300000,""numerator"":15000},""full.repeated_participants"":{""denominator"":300000,""numerator"":30000}},""split.intent"":{}}"
sampling.group.head.n300000.pqstr,run-652ad766ff3ff6ed81131be05756f383baaea5a82530c96042bca56e9aee46fa,run-a5e144473d464c4c5e7603b6e6feb03eb37181dac04d7954ec8e7adcd0da07c5,equality_matches,,,,not_applicable,"{""sampling.group"":{""P.placed"":{""denominator"":200000,""numerator"":15000},""P.repeated_participants"":{""denominator"":200000,""numerator"":30000},""full.placed"":{""denominator"":300000,""numerator"":15000},""full.repeated_participants"":{""denominator"":300000,""numerator"":30000}},""split.intent"":{}}"
sampling.group.head.n300000.pqstr,run-652ad766ff3ff6ed81131be05756f383baaea5a82530c96042bca56e9aee46fa,run-a5e144473d464c4c5e7603b6e6feb03eb37181dac04d7954ec8e7adcd0da07c5,key_excess,,,,not_applicable,"{""sampling.group"":{""P.placed"":{""denominator"":200000,""numerator"":15000},""P.repeated_participants"":{""denominator"":200000,""numerator"":30000},""full.placed"":{""denominator"":300000,""numerator"":15000},""full.repeated_participants"":{""denominator"":300000,""numerator"":30000}},""split.intent"":{}}"
sampling.group.head.n300000.pqstr,run-652ad766ff3ff6ed81131be05756f383baaea5a82530c96042bca56e9aee46fa,run-a5e144473d464c4c5e7603b6e6feb03eb37181dac04d7954ec8e7adcd0da07c5,mapping_matches,,,,not_applicable,"{""sampling.group"":{""P.placed"":{""denominator"":200000,""numerator"":15000},""P.repeated_participants"":{""denominator"":200000,""numerator"":30000},""full.placed"":{""denominator"":300000,""numerator"":15000},""full.repeated_participants"":{""denominator"":300000,""numerator"":30000}},""split.intent"":{}}"
sampling.group.head.n300000.pqstr,run-652ad766ff3ff6ed81131be05756f383baaea5a82530c96042bca56e9aee46fa,run-a5e144473d464c4c5e7603b6e6feb03eb37181dac04d7954ec8e7adcd0da07c5,minority_count,,,,not_applicable,"{""sampling.group"":{""P.placed"":{""denominator"":200000,""numerator"":15000},""P.repeated_participants"":{""denominator"":200000,""numerator"":30000},""full.placed"":{""denominator"":300000,""numerator"":15000},""full.repeated_participants"":{""denominator"":300000,""numerator"":30000}},""split.intent"":{}}"
sampling.group.head.n300000.pqstr,run-652ad766ff3ff6ed81131be05756f383baaea5a82530c96042bca56e9aee46fa,run-a5e144473d464c4c5e7603b6e6feb03eb37181dac04d7954ec8e7adcd0da07c5,missing_count,,,,not_applicable,"{""sampling.group"":{""P.placed"":{""denominator"":200000,""numerator"":15000},""P.repeated_participants"":{""denominator"":200000,""numerator"":30000},""full.placed"":{""denominator"":300000,""numerator"":15000},""full.repeated_participants"":{""denominator"":300000,""numerator"":30000}},""split.intent"":{}}"
sampling.group.head.n300000.pqstr,run-652ad766ff3ff6ed81131be05756f383baaea5a82530c96042bca56e9aee46fa,run-a5e144473d464c4c5e7603b6e6feb03eb37181dac04d7954ec8e7adcd0da07c5,nonmissing_count,,,,not_applicable,"{""sampling.group"":{""P.placed"":{""denominator"":200000,""numerator"":15000},""P.repeated_participants"":{""denominator"":200000,""numerator"":30000},""full.placed"":{""denominator"":300000,""numerator"":15000},""full.repeated_participants"":{""denominator"":300000,""numerator"":30000}},""split.intent"":{}}"
sampling.group.head.n300000.pqstr,run-652ad766ff3ff6ed81131be05756f383baaea5a82530c96042bca56e9aee46fa,run-a5e144473d464c4c5e7603b6e6feb03eb37181dac04d7954ec8e7adcd0da07c5,parse_attempts,,,,not_applicable,"{""sampling.group"":{""P.placed"":{""denominator"":200000,""numerator"":15000},""P.repeated_participants"":{""denominator"":200000,""numerator"":30000},""full.placed"":{""denominator"":300000,""numerator"":15000},""full.repeated_participants"":{""denominator"":300000,""numerator"":30000}},""split.intent"":{}}"
sampling.group.head.n300000.pqstr,run-652ad766ff3ff6ed81131be05756f383baaea5a82530c96042bca56e9aee46fa,run-a5e144473d464c4c5e7603b6e6feb03eb37181dac04d7954ec8e7adcd0da07c5,parse_failures,,,,not_applicable,"{""sampling.group"":{""P.placed"":{""denominator"":200000,""numerator"":15000},""P.repeated_participants"":{""denominator"":200000,""numerator"":30000},""full.placed"":{""denominator"":300000,""numerator"":15000},""full.repeated_participants"":{""denominator"":300000,""numerator"":30000}},""split.intent"":{}}"
sampling.group.head.n300000.pqstr,run-652ad766ff3ff6ed81131be05756f383baaea5a82530c96042bca56e9aee46fa,run-a5e144473d464c4c5e7603b6e6feb03eb37181dac04d7954ec8e7adcd0da07c5,repeated_entity_participants,30000.0,30000.0,0.0,,"{""sampling.group"":{""P.placed"":{""denominator"":200000,""numerator"":15000},""P.repeated_participants"":{""denominator"":200000,""numerator"":30000},""full.placed"":{""denominator"":300000,""numerator"":15000},""full.repeated_participants"":{""denominator"":300000,""numerator"":30000}},""split.intent"":{}}"
sampling.group.head.n300000.pqstr,run-652ad766ff3ff6ed81131be05756f383baaea5a82530c96042bca56e9aee46fa,run-a5e144473d464c4c5e7603b6e6feb03eb37181dac04d7954ec8e7adcd0da07c5,row_excess,,,,not_applicable,"{""sampling.group"":{""P.placed"":{""denominator"":200000,""numerator"":15000},""P.repeated_participants"":{""denominator"":200000,""numerator"":30000},""full.placed"":{""denominator"":300000,""numerator"":15000},""full.repeated_participants"":{""denominator"":300000,""numerator"":30000}},""split.intent"":{}}"
sampling.group.middle.n300000.pqstr,run-e84f7c4d4408e2e6568c096e3b0a62e864a40fee1a365a05b4547c4299a97acb,run-1b733c163b72b60af4dad37ec31115a199fab72be37424e7eadf6d84a9a02d3d,class_count,,,,not_applicable,"{""sampling.group"":{""P.placed"":{""denominator"":200000,""numerator"":9000},""P.repeated_participants"":{""denominator"":200000,""numerator"":18000},""full.placed"":{""denominator"":300000,""numerator"":15000},""full.repeated_participants"":{""denominator"":300000,""numerator"":30000}},""split.intent"":{}}"
sampling.group.middle.n300000.pqstr,run-e84f7c4d4408e2e6568c096e3b0a62e864a40fee1a365a05b4547c4299a97acb,run-1b733c163b72b60af4dad37ec31115a199fab72be37424e7eadf6d84a9a02d3d,complete_pairs,,,,not_applicable,"{""sampling.group"":{""P.placed"":{""denominator"":200000,""numerator"":9000},""P.repeated_participants"":{""denominator"":200000,""numerator"":18000},""full.placed"":{""denominator"":300000,""numerator"":15000},""full.repeated_participants"":{""denominator"":300000,""numerator"":30000}},""split.intent"":{}}"
sampling.group.middle.n300000.pqstr,run-e84f7c4d4408e2e6568c096e3b0a62e864a40fee1a365a05b4547c4299a97acb,run-1b733c163b72b60af4dad37ec31115a199fab72be37424e7eadf6d84a9a02d3d,distinct_count,,,,not_applicable,"{""sampling.group"":{""P.placed"":{""denominator"":200000,""numerator"":9000},""P.repeated_participants"":{""denominator"":200000,""numerator"":18000},""full.placed"":{""denominator"":300000,""numerator"":15000},""full.repeated_participants"":{""denominator"":300000,""numerator"":30000}},""split.intent"":{}}"
sampling.group.middle.n300000.pqstr,run-e84f7c4d4408e2e6568c096e3b0a62e864a40fee1a365a05b4547c4299a97acb,run-1b733c163b72b60af4dad37ec31115a199fab72be37424e7eadf6d84a9a02d3d,equality_matches,,,,not_applicable,"{""sampling.group"":{""P.placed"":{""denominator"":200000,""numerator"":9000},""P.repeated_participants"":{""denominator"":200000,""numerator"":18000},""full.placed"":{""denominator"":300000,""numerator"":15000},""full.repeated_participants"":{""denominator"":300000,""numerator"":30000}},""split.intent"":{}}"
sampling.group.middle.n300000.pqstr,run-e84f7c4d4408e2e6568c096e3b0a62e864a40fee1a365a05b4547c4299a97acb,run-1b733c163b72b60af4dad37ec31115a199fab72be37424e7eadf6d84a9a02d3d,key_excess,,,,not_applicable,"{""sampling.group"":{""P.placed"":{""denominator"":200000,""numerator"":9000},""P.repeated_participants"":{""denominator"":200000,""numerator"":18000},""full.placed"":{""denominator"":300000,""numerator"":15000},""full.repeated_participants"":{""denominator"":300000,""numerator"":30000}},""split.intent"":{}}"
sampling.group.middle.n300000.pqstr,run-e84f7c4d4408e2e6568c096e3b0a62e864a40fee1a365a05b4547c4299a97acb,run-1b733c163b72b60af4dad37ec31115a199fab72be37424e7eadf6d84a9a02d3d,mapping_matches,,,,not_applicable,"{""sampling.group"":{""P.placed"":{""denominator"":200000,""numerator"":9000},""P.repeated_participants"":{""denominator"":200000,""numerator"":18000},""full.placed"":{""denominator"":300000,""numerator"":15000},""full.repeated_participants"":{""denominator"":300000,""numerator"":30000}},""split.intent"":{}}"
sampling.group.middle.n300000.pqstr,run-e84f7c4d4408e2e6568c096e3b0a62e864a40fee1a365a05b4547c4299a97acb,run-1b733c163b72b60af4dad37ec31115a199fab72be37424e7eadf6d84a9a02d3d,minority_count,,,,not_applicable,"{""sampling.group"":{""P.placed"":{""denominator"":200000,""numerator"":9000},""P.repeated_participants"":{""denominator"":200000,""numerator"":18000},""full.placed"":{""denominator"":300000,""numerator"":15000},""full.repeated_participants"":{""denominator"":300000,""numerator"":30000}},""split.intent"":{}}"
sampling.group.middle.n300000.pqstr,run-e84f7c4d4408e2e6568c096e3b0a62e864a40fee1a365a05b4547c4299a97acb,run-1b733c163b72b60af4dad37ec31115a199fab72be37424e7eadf6d84a9a02d3d,missing_count,,,,not_applicable,"{""sampling.group"":{""P.placed"":{""denominator"":200000,""numerator"":9000},""P.repeated_participants"":{""denominator"":200000,""numerator"":18000},""full.placed"":{""denominator"":300000,""numerator"":15000},""full.repeated_participants"":{""denominator"":300000,""numerator"":30000}},""split.intent"":{}}"
sampling.group.middle.n300000.pqstr,run-e84f7c4d4408e2e6568c096e3b0a62e864a40fee1a365a05b4547c4299a97acb,run-1b733c163b72b60af4dad37ec31115a199fab72be37424e7eadf6d84a9a02d3d,nonmissing_count,,,,not_applicable,"{""sampling.group"":{""P.placed"":{""denominator"":200000,""numerator"":9000},""P.repeated_participants"":{""denominator"":200000,""numerator"":18000},""full.placed"":{""denominator"":300000,""numerator"":15000},""full.repeated_participants"":{""denominator"":300000,""numerator"":30000}},""split.intent"":{}}"
sampling.group.middle.n300000.pqstr,run-e84f7c4d4408e2e6568c096e3b0a62e864a40fee1a365a05b4547c4299a97acb,run-1b733c163b72b60af4dad37ec31115a199fab72be37424e7eadf6d84a9a02d3d,parse_attempts,,,,not_applicable,"{""sampling.group"":{""P.placed"":{""denominator"":200000,""numerator"":9000},""P.repeated_participants"":{""denominator"":200000,""numerator"":18000},""full.placed"":{""denominator"":300000,""numerator"":15000},""full.repeated_participants"":{""denominator"":300000,""numerator"":30000}},""split.intent"":{}}"
sampling.group.middle.n300000.pqstr,run-e84f7c4d4408e2e6568c096e3b0a62e864a40fee1a365a05b4547c4299a97acb,run-1b733c163b72b60af4dad37ec31115a199fab72be37424e7eadf6d84a9a02d3d,parse_failures,,,,not_applicable,"{""sampling.group"":{""P.placed"":{""denominator"":200000,""numerator"":9000},""P.repeated_participants"":{""denominator"":200000,""numerator"":18000},""full.placed"":{""denominator"":300000,""numerator"":15000},""full.repeated_participants"":{""denominator"":300000,""numerator"":30000}},""split.intent"":{}}"
sampling.group.middle.n300000.pqstr,run-e84f7c4d4408e2e6568c096e3b0a62e864a40fee1a365a05b4547c4299a97acb,run-1b733c163b72b60af4dad37ec31115a199fab72be37424e7eadf6d84a9a02d3d,repeated_entity_participants,30000.0,18000.0,-12000.0,,"{""sampling.group"":{""P.placed"":{""denominator"":200000,""numerator"":9000},""P.repeated_participants"":{""denominator"":200000,""numerator"":18000},""full.placed"":{""denominator"":300000,""numerator"":15000},""full.repeated_participants"":{""denominator"":300000,""numerator"":30000}},""split.intent"":{}}"
sampling.group.middle.n300000.pqstr,run-e84f7c4d4408e2e6568c096e3b0a62e864a40fee1a365a05b4547c4299a97acb,run-1b733c163b72b60af4dad37ec31115a199fab72be37424e7eadf6d84a9a02d3d,row_excess,,,,not_applicable,"{""sampling.group"":{""P.placed"":{""denominator"":200000,""numerator"":9000},""P.repeated_participants"":{""denominator"":200000,""numerator"":18000},""full.placed"":{""denominator"":300000,""numerator"":15000},""full.repeated_participants"":{""denominator"":300000,""numerator"":30000}},""split.intent"":{}}"
sampling.group.tail.n300000.pqstr,run-ccac267b5a5953869e5b9b21ff30fa535ba32a1bbc75cccf0fb9eb906b1877bb,run-16fde5bc6a38f86762d0eb932678b5e0f4bbb3c79dd1fe0965c0f73d01535b10,class_count,,,,not_applicable,"{""sampling.group"":{""P.placed"":{""denominator"":200000,""numerator"":9000},""P.repeated_participants"":{""denominator"":200000,""numerator"":18000},""full.placed"":{""denominator"":300000,""numerator"":15000},""full.repeated_participants"":{""denominator"":300000,""numerator"":30000}},""split.intent"":{}}"
sampling.group.tail.n300000.pqstr,run-ccac267b5a5953869e5b9b21ff30fa535ba32a1bbc75cccf0fb9eb906b1877bb,run-16fde5bc6a38f86762d0eb932678b5e0f4bbb3c79dd1fe0965c0f73d01535b10,complete_pairs,,,,not_applicable,"{""sampling.group"":{""P.placed"":{""denominator"":200000,""numerator"":9000},""P.repeated_participants"":{""denominator"":200000,""numerator"":18000},""full.placed"":{""denominator"":300000,""numerator"":15000},""full.repeated_participants"":{""denominator"":300000,""numerator"":30000}},""split.intent"":{}}"
sampling.group.tail.n300000.pqstr,run-ccac267b5a5953869e5b9b21ff30fa535ba32a1bbc75cccf0fb9eb906b1877bb,run-16fde5bc6a38f86762d0eb932678b5e0f4bbb3c79dd1fe0965c0f73d01535b10,distinct_count,,,,not_applicable,"{""sampling.group"":{""P.placed"":{""denominator"":200000,""numerator"":9000},""P.repeated_participants"":{""denominator"":200000,""numerator"":18000},""full.placed"":{""denominator"":300000,""numerator"":15000},""full.repeated_participants"":{""denominator"":300000,""numerator"":30000}},""split.intent"":{}}"
sampling.group.tail.n300000.pqstr,run-ccac267b5a5953869e5b9b21ff30fa535ba32a1bbc75cccf0fb9eb906b1877bb,run-16fde5bc6a38f86762d0eb932678b5e0f4bbb3c79dd1fe0965c0f73d01535b10,equality_matches,,,,not_applicable,"{""sampling.group"":{""P.placed"":{""denominator"":200000,""numerator"":9000},""P.repeated_participants"":{""denominator"":200000,""numerator"":18000},""full.placed"":{""denominator"":300000,""numerator"":15000},""full.repeated_participants"":{""denominator"":300000,""numerator"":30000}},""split.intent"":{}}"
sampling.group.tail.n300000.pqstr,run-ccac267b5a5953869e5b9b21ff30fa535ba32a1bbc75cccf0fb9eb906b1877bb,run-16fde5bc6a38f86762d0eb932678b5e0f4bbb3c79dd1fe0965c0f73d01535b10,key_excess,,,,not_applicable,"{""sampling.group"":{""P.placed"":{""denominator"":200000,""numerator"":9000},""P.repeated_participants"":{""denominator"":200000,""numerator"":18000},""full.placed"":{""denominator"":300000,""numerator"":15000},""full.repeated_participants"":{""denominator"":300000,""numerator"":30000}},""split.intent"":{}}"
sampling.group.tail.n300000.pqstr,run-ccac267b5a5953869e5b9b21ff30fa535ba32a1bbc75cccf0fb9eb906b1877bb,run-16fde5bc6a38f86762d0eb932678b5e0f4bbb3c79dd1fe0965c0f73d01535b10,mapping_matches,,,,not_applicable,"{""sampling.group"":{""P.placed"":{""denominator"":200000,""numerator"":9000},""P.repeated_participants"":{""denominator"":200000,""numerator"":18000},""full.placed"":{""denominator"":300000,""numerator"":15000},""full.repeated_participants"":{""denominator"":300000,""numerator"":30000}},""split.intent"":{}}"
sampling.group.tail.n300000.pqstr,run-ccac267b5a5953869e5b9b21ff30fa535ba32a1bbc75cccf0fb9eb906b1877bb,run-16fde5bc6a38f86762d0eb932678b5e0f4bbb3c79dd1fe0965c0f73d01535b10,minority_count,,,,not_applicable,"{""sampling.group"":{""P.placed"":{""denominator"":200000,""numerator"":9000},""P.repeated_participants"":{""denominator"":200000,""numerator"":18000},""full.placed"":{""denominator"":300000,""numerator"":15000},""full.repeated_participants"":{""denominator"":300000,""numerator"":30000}},""split.intent"":{}}"
sampling.group.tail.n300000.pqstr,run-ccac267b5a5953869e5b9b21ff30fa535ba32a1bbc75cccf0fb9eb906b1877bb,run-16fde5bc6a38f86762d0eb932678b5e0f4bbb3c79dd1fe0965c0f73d01535b10,missing_count,,,,not_applicable,"{""sampling.group"":{""P.placed"":{""denominator"":200000,""numerator"":9000},""P.repeated_participants"":{""denominator"":200000,""numerator"":18000},""full.placed"":{""denominator"":300000,""numerator"":15000},""full.repeated_participants"":{""denominator"":300000,""numerator"":30000}},""split.intent"":{}}"
sampling.group.tail.n300000.pqstr,run-ccac267b5a5953869e5b9b21ff30fa535ba32a1bbc75cccf0fb9eb906b1877bb,run-16fde5bc6a38f86762d0eb932678b5e0f4bbb3c79dd1fe0965c0f73d01535b10,nonmissing_count,,,,not_applicable,"{""sampling.group"":{""P.placed"":{""denominator"":200000,""numerator"":9000},""P.repeated_participants"":{""denominator"":200000,""numerator"":18000},""full.placed"":{""denominator"":300000,""numerator"":15000},""full.repeated_participants"":{""denominator"":300000,""numerator"":30000}},""split.intent"":{}}"
sampling.group.tail.n300000.pqstr,run-ccac267b5a5953869e5b9b21ff30fa535ba32a1bbc75cccf0fb9eb906b1877bb,run-16fde5bc6a38f86762d0eb932678b5e0f4bbb3c79dd1fe0965c0f73d01535b10,parse_attempts,,,,not_applicable,"{""sampling.group"":{""P.placed"":{""denominator"":200000,""numerator"":9000},""P.repeated_participants"":{""denominator"":200000,""numerator"":18000},""full.placed"":{""denominator"":300000,""numerator"":15000},""full.repeated_participants"":{""denominator"":300000,""numerator"":30000}},""split.intent"":{}}"
sampling.group.tail.n300000.pqstr,run-ccac267b5a5953869e5b9b21ff30fa535ba32a1bbc75cccf0fb9eb906b1877bb,run-16fde5bc6a38f86762d0eb932678b5e0f4bbb3c79dd1fe0965c0f73d01535b10,parse_failures,,,,not_applicable,"{""sampling.group"":{""P.placed"":{""denominator"":200000,""numerator"":9000},""P.repeated_participants"":{""denominator"":200000,""numerator"":18000},""full.placed"":{""denominator"":300000,""numerator"":15000},""full.repeated_participants"":{""denominator"":300000,""numerator"":30000}},""split.intent"":{}}"
sampling.group.tail.n300000.pqstr,run-ccac267b5a5953869e5b9b21ff30fa535ba32a1bbc75cccf0fb9eb906b1877bb,run-16fde5bc6a38f86762d0eb932678b5e0f4bbb3c79dd1fe0965c0f73d01535b10,repeated_entity_participants,30000.0,18000.0,-12000.0,,"{""sampling.group"":{""P.placed"":{""denominator"":200000,""numerator"":9000},""P.repeated_participants"":{""denominator"":200000,""numerator"":18000},""full.placed"":{""denominator"":300000,""numerator"":15000},""full.repeated_participants"":{""denominator"":300000,""numerator"":30000}},""split.intent"":{}}"
sampling.group.tail.n300000.pqstr,run-ccac267b5a5953869e5b9b21ff30fa535ba32a1bbc75cccf0fb9eb906b1877bb,run-16fde5bc6a38f86762d0eb932678b5e0f4bbb3c79dd1fe0965c0f73d01535b10,row_excess,,,,not_applicable,"{""sampling.group"":{""P.placed"":{""denominator"":200000,""numerator"":9000},""P.repeated_participants"":{""denominator"":200000,""numerator"":18000},""full.placed"":{""denominator"":300000,""numerator"":15000},""full.repeated_participants"":{""denominator"":300000,""numerator"":30000}},""split.intent"":{}}"
sampling.leakage.gaps.n300000.pqstr,run-f87b5c537587bfe5829c8bef43c923efc4233e97bd87d9597799c4a2f94cc7fa,run-7c22d15e743f2b8ab9e3005d53e3915283d4bd5c8597f03d57c1751b522d77b5,class_count,,,,not_applicable,"{""sampling.leakage"":{""P.equality_matches"":{""denominator"":200000,""numerator"":200000},""P.placed"":{""denominator"":200000,""numerator"":0},""full.equality_matches"":{""denominator"":300000,""numerator"":299700},""full.placed"":{""denominator"":300000,""numerator"":300}}}"
sampling.leakage.gaps.n300000.pqstr,run-f87b5c537587bfe5829c8bef43c923efc4233e97bd87d9597799c4a2f94cc7fa,run-7c22d15e743f2b8ab9e3005d53e3915283d4bd5c8597f03d57c1751b522d77b5,complete_pairs,300000.0,200000.0,-100000.0,,"{""sampling.leakage"":{""P.equality_matches"":{""denominator"":200000,""numerator"":200000},""P.placed"":{""denominator"":200000,""numerator"":0},""full.equality_matches"":{""denominator"":300000,""numerator"":299700},""full.placed"":{""denominator"":300000,""numerator"":300}}}"
sampling.leakage.gaps.n300000.pqstr,run-f87b5c537587bfe5829c8bef43c923efc4233e97bd87d9597799c4a2f94cc7fa,run-7c22d15e743f2b8ab9e3005d53e3915283d4bd5c8597f03d57c1751b522d77b5,distinct_count,,,,not_applicable,"{""sampling.leakage"":{""P.equality_matches"":{""denominator"":200000,""numerator"":200000},""P.placed"":{""denominator"":200000,""numerator"":0},""full.equality_matches"":{""denominator"":300000,""numerator"":299700},""full.placed"":{""denominator"":300000,""numerator"":300}}}"
sampling.leakage.gaps.n300000.pqstr,run-f87b5c537587bfe5829c8bef43c923efc4233e97bd87d9597799c4a2f94cc7fa,run-7c22d15e743f2b8ab9e3005d53e3915283d4bd5c8597f03d57c1751b522d77b5,equality_matches,299700.0,200000.0,-99700.0,,"{""sampling.leakage"":{""P.equality_matches"":{""denominator"":200000,""numerator"":200000},""P.placed"":{""denominator"":200000,""numerator"":0},""full.equality_matches"":{""denominator"":300000,""numerator"":299700},""full.placed"":{""denominator"":300000,""numerator"":300}}}"
sampling.leakage.gaps.n300000.pqstr,run-f87b5c537587bfe5829c8bef43c923efc4233e97bd87d9597799c4a2f94cc7fa,run-7c22d15e743f2b8ab9e3005d53e3915283d4bd5c8597f03d57c1751b522d77b5,key_excess,,,,not_applicable,"{""sampling.leakage"":{""P.equality_matches"":{""denominator"":200000,""numerator"":200000},""P.placed"":{""denominator"":200000,""numerator"":0},""full.equality_matches"":{""denominator"":300000,""numerator"":299700},""full.placed"":{""denominator"":300000,""numerator"":300}}}"
sampling.leakage.gaps.n300000.pqstr,run-f87b5c537587bfe5829c8bef43c923efc4233e97bd87d9597799c4a2f94cc7fa,run-7c22d15e743f2b8ab9e3005d53e3915283d4bd5c8597f03d57c1751b522d77b5,mapping_matches,,,,not_exposed,"{""sampling.leakage"":{""P.equality_matches"":{""denominator"":200000,""numerator"":200000},""P.placed"":{""denominator"":200000,""numerator"":0},""full.equality_matches"":{""denominator"":300000,""numerator"":299700},""full.placed"":{""denominator"":300000,""numerator"":300}}}"
sampling.leakage.gaps.n300000.pqstr,run-f87b5c537587bfe5829c8bef43c923efc4233e97bd87d9597799c4a2f94cc7fa,run-7c22d15e743f2b8ab9e3005d53e3915283d4bd5c8597f03d57c1751b522d77b5,minority_count,,,,not_applicable,"{""sampling.leakage"":{""P.equality_matches"":{""denominator"":200000,""numerator"":200000},""P.placed"":{""denominator"":200000,""numerator"":0},""full.equality_matches"":{""denominator"":300000,""numerator"":299700},""full.placed"":{""denominator"":300000,""numerator"":300}}}"
sampling.leakage.gaps.n300000.pqstr,run-f87b5c537587bfe5829c8bef43c923efc4233e97bd87d9597799c4a2f94cc7fa,run-7c22d15e743f2b8ab9e3005d53e3915283d4bd5c8597f03d57c1751b522d77b5,missing_count,,,,not_applicable,"{""sampling.leakage"":{""P.equality_matches"":{""denominator"":200000,""numerator"":200000},""P.placed"":{""denominator"":200000,""numerator"":0},""full.equality_matches"":{""denominator"":300000,""numerator"":299700},""full.placed"":{""denominator"":300000,""numerator"":300}}}"
sampling.leakage.gaps.n300000.pqstr,run-f87b5c537587bfe5829c8bef43c923efc4233e97bd87d9597799c4a2f94cc7fa,run-7c22d15e743f2b8ab9e3005d53e3915283d4bd5c8597f03d57c1751b522d77b5,nonmissing_count,,,,not_applicable,"{""sampling.leakage"":{""P.equality_matches"":{""denominator"":200000,""numerator"":200000},""P.placed"":{""denominator"":200000,""numerator"":0},""full.equality_matches"":{""denominator"":300000,""numerator"":299700},""full.placed"":{""denominator"":300000,""numerator"":300}}}"
sampling.leakage.gaps.n300000.pqstr,run-f87b5c537587bfe5829c8bef43c923efc4233e97bd87d9597799c4a2f94cc7fa,run-7c22d15e743f2b8ab9e3005d53e3915283d4bd5c8597f03d57c1751b522d77b5,parse_attempts,,,,not_applicable,"{""sampling.leakage"":{""P.equality_matches"":{""denominator"":200000,""numerator"":200000},""P.placed"":{""denominator"":200000,""numerator"":0},""full.equality_matches"":{""denominator"":300000,""numerator"":299700},""full.placed"":{""denominator"":300000,""numerator"":300}}}"
sampling.leakage.gaps.n300000.pqstr,run-f87b5c537587bfe5829c8bef43c923efc4233e97bd87d9597799c4a2f94cc7fa,run-7c22d15e743f2b8ab9e3005d53e3915283d4bd5c8597f03d57c1751b522d77b5,parse_failures,,,,not_applicable,"{""sampling.leakage"":{""P.equality_matches"":{""denominator"":200000,""numerator"":200000},""P.placed"":{""denominator"":200000,""numerator"":0},""full.equality_matches"":{""denominator"":300000,""numerator"":299700},""full.placed"":{""denominator"":300000,""numerator"":300}}}"
sampling.leakage.gaps.n300000.pqstr,run-f87b5c537587bfe5829c8bef43c923efc4233e97bd87d9597799c4a2f94cc7fa,run-7c22d15e743f2b8ab9e3005d53e3915283d4bd5c8597f03d57c1751b522d77b5,repeated_entity_participants,,,,not_applicable,"{""sampling.leakage"":{""P.equality_matches"":{""denominator"":200000,""numerator"":200000},""P.placed"":{""denominator"":200000,""numerator"":0},""full.equality_matches"":{""denominator"":300000,""numerator"":299700},""full.placed"":{""denominator"":300000,""numerator"":300}}}"
sampling.leakage.gaps.n300000.pqstr,run-f87b5c537587bfe5829c8bef43c923efc4233e97bd87d9597799c4a2f94cc7fa,run-7c22d15e743f2b8ab9e3005d53e3915283d4bd5c8597f03d57c1751b522d77b5,row_excess,,,,not_applicable,"{""sampling.leakage"":{""P.equality_matches"":{""denominator"":200000,""numerator"":200000},""P.placed"":{""denominator"":200000,""numerator"":0},""full.equality_matches"":{""denominator"":300000,""numerator"":299700},""full.placed"":{""denominator"":300000,""numerator"":300}}}"
sampling.leakage.head.n300000.pqstr,run-682006fe22db5b912fba39150013dec1ae6b8907681063f4b24106ac8793384b,run-783bd998427469d13bf53ec0a16d2b0fa6fa72f4b2540e0e10c7d84e5b0f2f37,class_count,,,,not_applicable,"{""sampling.leakage"":{""P.equality_matches"":{""denominator"":200000,""numerator"":199700},""P.placed"":{""denominator"":200000,""numerator"":300},""full.equality_matches"":{""denominator"":300000,""numerator"":299700},""full.placed"":{""denominator"":300000,""numerator"":300}}}"
sampling.leakage.head.n300000.pqstr,run-682006fe22db5b912fba39150013dec1ae6b8907681063f4b24106ac8793384b,run-783bd998427469d13bf53ec0a16d2b0fa6fa72f4b2540e0e10c7d84e5b0f2f37,complete_pairs,300000.0,200000.0,-100000.0,,"{""sampling.leakage"":{""P.equality_matches"":{""denominator"":200000,""numerator"":199700},""P.placed"":{""denominator"":200000,""numerator"":300},""full.equality_matches"":{""denominator"":300000,""numerator"":299700},""full.placed"":{""denominator"":300000,""numerator"":300}}}"
sampling.leakage.head.n300000.pqstr,run-682006fe22db5b912fba39150013dec1ae6b8907681063f4b24106ac8793384b,run-783bd998427469d13bf53ec0a16d2b0fa6fa72f4b2540e0e10c7d84e5b0f2f37,distinct_count,,,,not_applicable,"{""sampling.leakage"":{""P.equality_matches"":{""denominator"":200000,""numerator"":199700},""P.placed"":{""denominator"":200000,""numerator"":300},""full.equality_matches"":{""denominator"":300000,""numerator"":299700},""full.placed"":{""denominator"":300000,""numerator"":300}}}"
sampling.leakage.head.n300000.pqstr,run-682006fe22db5b912fba39150013dec1ae6b8907681063f4b24106ac8793384b,run-783bd998427469d13bf53ec0a16d2b0fa6fa72f4b2540e0e10c7d84e5b0f2f37,equality_matches,299700.0,199700.0,-100000.0,,"{""sampling.leakage"":{""P.equality_matches"":{""denominator"":200000,""numerator"":199700},""P.placed"":{""denominator"":200000,""numerator"":300},""full.equality_matches"":{""denominator"":300000,""numerator"":299700},""full.placed"":{""denominator"":300000,""numerator"":300}}}"
sampling.leakage.head.n300000.pqstr,run-682006fe22db5b912fba39150013dec1ae6b8907681063f4b24106ac8793384b,run-783bd998427469d13bf53ec0a16d2b0fa6fa72f4b2540e0e10c7d84e5b0f2f37,key_excess,,,,not_applicable,"{""sampling.leakage"":{""P.equality_matches"":{""denominator"":200000,""numerator"":199700},""P.placed"":{""denominator"":200000,""numerator"":300},""full.equality_matches"":{""denominator"":300000,""numerator"":299700},""full.placed"":{""denominator"":300000,""numerator"":300}}}"
sampling.leakage.head.n300000.pqstr,run-682006fe22db5b912fba39150013dec1ae6b8907681063f4b24106ac8793384b,run-783bd998427469d13bf53ec0a16d2b0fa6fa72f4b2540e0e10c7d84e5b0f2f37,mapping_matches,,,,not_exposed,"{""sampling.leakage"":{""P.equality_matches"":{""denominator"":200000,""numerator"":199700},""P.placed"":{""denominator"":200000,""numerator"":300},""full.equality_matches"":{""denominator"":300000,""numerator"":299700},""full.placed"":{""denominator"":300000,""numerator"":300}}}"
sampling.leakage.head.n300000.pqstr,run-682006fe22db5b912fba39150013dec1ae6b8907681063f4b24106ac8793384b,run-783bd998427469d13bf53ec0a16d2b0fa6fa72f4b2540e0e10c7d84e5b0f2f37,minority_count,,,,not_applicable,"{""sampling.leakage"":{""P.equality_matches"":{""denominator"":200000,""numerator"":199700},""P.placed"":{""denominator"":200000,""numerator"":300},""full.equality_matches"":{""denominator"":300000,""numerator"":299700},""full.placed"":{""denominator"":300000,""numerator"":300}}}"
sampling.leakage.head.n300000.pqstr,run-682006fe22db5b912fba39150013dec1ae6b8907681063f4b24106ac8793384b,run-783bd998427469d13bf53ec0a16d2b0fa6fa72f4b2540e0e10c7d84e5b0f2f37,missing_count,,,,not_applicable,"{""sampling.leakage"":{""P.equality_matches"":{""denominator"":200000,""numerator"":199700},""P.placed"":{""denominator"":200000,""numerator"":300},""full.equality_matches"":{""denominator"":300000,""numerator"":299700},""full.placed"":{""denominator"":300000,""numerator"":300}}}"
sampling.leakage.head.n300000.pqstr,run-682006fe22db5b912fba39150013dec1ae6b8907681063f4b24106ac8793384b,run-783bd998427469d13bf53ec0a16d2b0fa6fa72f4b2540e0e10c7d84e5b0f2f37,nonmissing_count,,,,not_applicable,"{""sampling.leakage"":{""P.equality_matches"":{""denominator"":200000,""numerator"":199700},""P.placed"":{""denominator"":200000,""numerator"":300},""full.equality_matches"":{""denominator"":300000,""numerator"":299700},""full.placed"":{""denominator"":300000,""numerator"":300}}}"
sampling.leakage.head.n300000.pqstr,run-682006fe22db5b912fba39150013dec1ae6b8907681063f4b24106ac8793384b,run-783bd998427469d13bf53ec0a16d2b0fa6fa72f4b2540e0e10c7d84e5b0f2f37,parse_attempts,,,,not_applicable,"{""sampling.leakage"":{""P.equality_matches"":{""denominator"":200000,""numerator"":199700},""P.placed"":{""denominator"":200000,""numerator"":300},""full.equality_matches"":{""denominator"":300000,""numerator"":299700},""full.placed"":{""denominator"":300000,""numerator"":300}}}"
sampling.leakage.head.n300000.pqstr,run-682006fe22db5b912fba39150013dec1ae6b8907681063f4b24106ac8793384b,run-783bd998427469d13bf53ec0a16d2b0fa6fa72f4b2540e0e10c7d84e5b0f2f37,parse_failures,,,,not_applicable,"{""sampling.leakage"":{""P.equality_matches"":{""denominator"":200000,""numerator"":199700},""P.placed"":{""denominator"":200000,""numerator"":300},""full.equality_matches"":{""denominator"":300000,""numerator"":299700},""full.placed"":{""denominator"":300000,""numerator"":300}}}"
sampling.leakage.head.n300000.pqstr,run-682006fe22db5b912fba39150013dec1ae6b8907681063f4b24106ac8793384b,run-783bd998427469d13bf53ec0a16d2b0fa6fa72f4b2540e0e10c7d84e5b0f2f37,repeated_entity_participants,,,,not_applicable,"{""sampling.leakage"":{""P.equality_matches"":{""denominator"":200000,""numerator"":199700},""P.placed"":{""denominator"":200000,""numerator"":300},""full.equality_matches"":{""denominator"":300000,""numerator"":299700},""full.placed"":{""denominator"":300000,""numerator"":300}}}"
sampling.leakage.head.n300000.pqstr,run-682006fe22db5b912fba39150013dec1ae6b8907681063f4b24106ac8793384b,run-783bd998427469d13bf53ec0a16d2b0fa6fa72f4b2540e0e10c7d84e5b0f2f37,row_excess,,,,not_applicable,"{""sampling.leakage"":{""P.equality_matches"":{""denominator"":200000,""numerator"":199700},""P.placed"":{""denominator"":200000,""numerator"":300},""full.equality_matches"":{""denominator"":300000,""numerator"":299700},""full.placed"":{""denominator"":300000,""numerator"":300}}}"
sampling.leakage.middle.n300000.pqstr,run-4466be0b54e1d3be56e606f865e2475ffe5d68f8022058c0e6aac603e7f496fe,run-4ed55735df7fff47c080b0723d00b08b677216f84a8324b9360cb94ee0bb89f7,class_count,,,,not_applicable,"{""sampling.leakage"":{""P.equality_matches"":{""denominator"":200000,""numerator"":199820},""P.placed"":{""denominator"":200000,""numerator"":180},""full.equality_matches"":{""denominator"":300000,""numerator"":299700},""full.placed"":{""denominator"":300000,""numerator"":300}}}"
sampling.leakage.middle.n300000.pqstr,run-4466be0b54e1d3be56e606f865e2475ffe5d68f8022058c0e6aac603e7f496fe,run-4ed55735df7fff47c080b0723d00b08b677216f84a8324b9360cb94ee0bb89f7,complete_pairs,300000.0,200000.0,-100000.0,,"{""sampling.leakage"":{""P.equality_matches"":{""denominator"":200000,""numerator"":199820},""P.placed"":{""denominator"":200000,""numerator"":180},""full.equality_matches"":{""denominator"":300000,""numerator"":299700},""full.placed"":{""denominator"":300000,""numerator"":300}}}"
sampling.leakage.middle.n300000.pqstr,run-4466be0b54e1d3be56e606f865e2475ffe5d68f8022058c0e6aac603e7f496fe,run-4ed55735df7fff47c080b0723d00b08b677216f84a8324b9360cb94ee0bb89f7,distinct_count,,,,not_applicable,"{""sampling.leakage"":{""P.equality_matches"":{""denominator"":200000,""numerator"":199820},""P.placed"":{""denominator"":200000,""numerator"":180},""full.equality_matches"":{""denominator"":300000,""numerator"":299700},""full.placed"":{""denominator"":300000,""numerator"":300}}}"
sampling.leakage.middle.n300000.pqstr,run-4466be0b54e1d3be56e606f865e2475ffe5d68f8022058c0e6aac603e7f496fe,run-4ed55735df7fff47c080b0723d00b08b677216f84a8324b9360cb94ee0bb89f7,equality_matches,299700.0,199820.0,-99880.0,,"{""sampling.leakage"":{""P.equality_matches"":{""denominator"":200000,""numerator"":199820},""P.placed"":{""denominator"":200000,""numerator"":180},""full.equality_matches"":{""denominator"":300000,""numerator"":299700},""full.placed"":{""denominator"":300000,""numerator"":300}}}"
sampling.leakage.middle.n300000.pqstr,run-4466be0b54e1d3be56e606f865e2475ffe5d68f8022058c0e6aac603e7f496fe,run-4ed55735df7fff47c080b0723d00b08b677216f84a8324b9360cb94ee0bb89f7,key_excess,,,,not_applicable,"{""sampling.leakage"":{""P.equality_matches"":{""denominator"":200000,""numerator"":199820},""P.placed"":{""denominator"":200000,""numerator"":180},""full.equality_matches"":{""denominator"":300000,""numerator"":299700},""full.placed"":{""denominator"":300000,""numerator"":300}}}"
sampling.leakage.middle.n300000.pqstr,run-4466be0b54e1d3be56e606f865e2475ffe5d68f8022058c0e6aac603e7f496fe,run-4ed55735df7fff47c080b0723d00b08b677216f84a8324b9360cb94ee0bb89f7,mapping_matches,,,,not_exposed,"{""sampling.leakage"":{""P.equality_matches"":{""denominator"":200000,""numerator"":199820},""P.placed"":{""denominator"":200000,""numerator"":180},""full.equality_matches"":{""denominator"":300000,""numerator"":299700},""full.placed"":{""denominator"":300000,""numerator"":300}}}"
sampling.leakage.middle.n300000.pqstr,run-4466be0b54e1d3be56e606f865e2475ffe5d68f8022058c0e6aac603e7f496fe,run-4ed55735df7fff47c080b0723d00b08b677216f84a8324b9360cb94ee0bb89f7,minority_count,,,,not_applicable,"{""sampling.leakage"":{""P.equality_matches"":{""denominator"":200000,""numerator"":199820},""P.placed"":{""denominator"":200000,""numerator"":180},""full.equality_matches"":{""denominator"":300000,""numerator"":299700},""full.placed"":{""denominator"":300000,""numerator"":300}}}"
sampling.leakage.middle.n300000.pqstr,run-4466be0b54e1d3be56e606f865e2475ffe5d68f8022058c0e6aac603e7f496fe,run-4ed55735df7fff47c080b0723d00b08b677216f84a8324b9360cb94ee0bb89f7,missing_count,,,,not_applicable,"{""sampling.leakage"":{""P.equality_matches"":{""denominator"":200000,""numerator"":199820},""P.placed"":{""denominator"":200000,""numerator"":180},""full.equality_matches"":{""denominator"":300000,""numerator"":299700},""full.placed"":{""denominator"":300000,""numerator"":300}}}"
sampling.leakage.middle.n300000.pqstr,run-4466be0b54e1d3be56e606f865e2475ffe5d68f8022058c0e6aac603e7f496fe,run-4ed55735df7fff47c080b0723d00b08b677216f84a8324b9360cb94ee0bb89f7,nonmissing_count,,,,not_applicable,"{""sampling.leakage"":{""P.equality_matches"":{""denominator"":200000,""numerator"":199820},""P.placed"":{""denominator"":200000,""numerator"":180},""full.equality_matches"":{""denominator"":300000,""numerator"":299700},""full.placed"":{""denominator"":300000,""numerator"":300}}}"
sampling.leakage.middle.n300000.pqstr,run-4466be0b54e1d3be56e606f865e2475ffe5d68f8022058c0e6aac603e7f496fe,run-4ed55735df7fff47c080b0723d00b08b677216f84a8324b9360cb94ee0bb89f7,parse_attempts,,,,not_applicable,"{""sampling.leakage"":{""P.equality_matches"":{""denominator"":200000,""numerator"":199820},""P.placed"":{""denominator"":200000,""numerator"":180},""full.equality_matches"":{""denominator"":300000,""numerator"":299700},""full.placed"":{""denominator"":300000,""numerator"":300}}}"
sampling.leakage.middle.n300000.pqstr,run-4466be0b54e1d3be56e606f865e2475ffe5d68f8022058c0e6aac603e7f496fe,run-4ed55735df7fff47c080b0723d00b08b677216f84a8324b9360cb94ee0bb89f7,parse_failures,,,,not_applicable,"{""sampling.leakage"":{""P.equality_matches"":{""denominator"":200000,""numerator"":199820},""P.placed"":{""denominator"":200000,""numerator"":180},""full.equality_matches"":{""denominator"":300000,""numerator"":299700},""full.placed"":{""denominator"":300000,""numerator"":300}}}"
sampling.leakage.middle.n300000.pqstr,run-4466be0b54e1d3be56e606f865e2475ffe5d68f8022058c0e6aac603e7f496fe,run-4ed55735df7fff47c080b0723d00b08b677216f84a8324b9360cb94ee0bb89f7,repeated_entity_participants,,,,not_applicable,"{""sampling.leakage"":{""P.equality_matches"":{""denominator"":200000,""numerator"":199820},""P.placed"":{""denominator"":200000,""numerator"":180},""full.equality_matches"":{""denominator"":300000,""numerator"":299700},""full.placed"":{""denominator"":300000,""numerator"":300}}}"
sampling.leakage.middle.n300000.pqstr,run-4466be0b54e1d3be56e606f865e2475ffe5d68f8022058c0e6aac603e7f496fe,run-4ed55735df7fff47c080b0723d00b08b677216f84a8324b9360cb94ee0bb89f7,row_excess,,,,not_applicable,"{""sampling.leakage"":{""P.equality_matches"":{""denominator"":200000,""numerator"":199820},""P.placed"":{""denominator"":200000,""numerator"":180},""full.equality_matches"":{""denominator"":300000,""numerator"":299700},""full.placed"":{""denominator"":300000,""numerator"":300}}}"
sampling.leakage.tail.n300000.pqstr,run-e3d78f3b2b0f61f553ae0be89b278b8f169375d9df740e117c4cb2cd41e2e5e2,run-b6fea01f0f0a827d9f0a603ded50a1ba503f472f7eab617f5b133f45d69abd72,class_count,,,,not_applicable,"{""sampling.leakage"":{""P.equality_matches"":{""denominator"":200000,""numerator"":199820},""P.placed"":{""denominator"":200000,""numerator"":180},""full.equality_matches"":{""denominator"":300000,""numerator"":299700},""full.placed"":{""denominator"":300000,""numerator"":300}}}"
sampling.leakage.tail.n300000.pqstr,run-e3d78f3b2b0f61f553ae0be89b278b8f169375d9df740e117c4cb2cd41e2e5e2,run-b6fea01f0f0a827d9f0a603ded50a1ba503f472f7eab617f5b133f45d69abd72,complete_pairs,300000.0,200000.0,-100000.0,,"{""sampling.leakage"":{""P.equality_matches"":{""denominator"":200000,""numerator"":199820},""P.placed"":{""denominator"":200000,""numerator"":180},""full.equality_matches"":{""denominator"":300000,""numerator"":299700},""full.placed"":{""denominator"":300000,""numerator"":300}}}"
sampling.leakage.tail.n300000.pqstr,run-e3d78f3b2b0f61f553ae0be89b278b8f169375d9df740e117c4cb2cd41e2e5e2,run-b6fea01f0f0a827d9f0a603ded50a1ba503f472f7eab617f5b133f45d69abd72,distinct_count,,,,not_applicable,"{""sampling.leakage"":{""P.equality_matches"":{""denominator"":200000,""numerator"":199820},""P.placed"":{""denominator"":200000,""numerator"":180},""full.equality_matches"":{""denominator"":300000,""numerator"":299700},""full.placed"":{""denominator"":300000,""numerator"":300}}}"
sampling.leakage.tail.n300000.pqstr,run-e3d78f3b2b0f61f553ae0be89b278b8f169375d9df740e117c4cb2cd41e2e5e2,run-b6fea01f0f0a827d9f0a603ded50a1ba503f472f7eab617f5b133f45d69abd72,equality_matches,299700.0,199820.0,-99880.0,,"{""sampling.leakage"":{""P.equality_matches"":{""denominator"":200000,""numerator"":199820},""P.placed"":{""denominator"":200000,""numerator"":180},""full.equality_matches"":{""denominator"":300000,""numerator"":299700},""full.placed"":{""denominator"":300000,""numerator"":300}}}"
sampling.leakage.tail.n300000.pqstr,run-e3d78f3b2b0f61f553ae0be89b278b8f169375d9df740e117c4cb2cd41e2e5e2,run-b6fea01f0f0a827d9f0a603ded50a1ba503f472f7eab617f5b133f45d69abd72,key_excess,,,,not_applicable,"{""sampling.leakage"":{""P.equality_matches"":{""denominator"":200000,""numerator"":199820},""P.placed"":{""denominator"":200000,""numerator"":180},""full.equality_matches"":{""denominator"":300000,""numerator"":299700},""full.placed"":{""denominator"":300000,""numerator"":300}}}"
sampling.leakage.tail.n300000.pqstr,run-e3d78f3b2b0f61f553ae0be89b278b8f169375d9df740e117c4cb2cd41e2e5e2,run-b6fea01f0f0a827d9f0a603ded50a1ba503f472f7eab617f5b133f45d69abd72,mapping_matches,,,,not_exposed,"{""sampling.leakage"":{""P.equality_matches"":{""denominator"":200000,""numerator"":199820},""P.placed"":{""denominator"":200000,""numerator"":180},""full.equality_matches"":{""denominator"":300000,""numerator"":299700},""full.placed"":{""denominator"":300000,""numerator"":300}}}"
sampling.leakage.tail.n300000.pqstr,run-e3d78f3b2b0f61f553ae0be89b278b8f169375d9df740e117c4cb2cd41e2e5e2,run-b6fea01f0f0a827d9f0a603ded50a1ba503f472f7eab617f5b133f45d69abd72,minority_count,,,,not_applicable,"{""sampling.leakage"":{""P.equality_matches"":{""denominator"":200000,""numerator"":199820},""P.placed"":{""denominator"":200000,""numerator"":180},""full.equality_matches"":{""denominator"":300000,""numerator"":299700},""full.placed"":{""denominator"":300000,""numerator"":300}}}"
sampling.leakage.tail.n300000.pqstr,run-e3d78f3b2b0f61f553ae0be89b278b8f169375d9df740e117c4cb2cd41e2e5e2,run-b6fea01f0f0a827d9f0a603ded50a1ba503f472f7eab617f5b133f45d69abd72,missing_count,,,,not_applicable,"{""sampling.leakage"":{""P.equality_matches"":{""denominator"":200000,""numerator"":199820},""P.placed"":{""denominator"":200000,""numerator"":180},""full.equality_matches"":{""denominator"":300000,""numerator"":299700},""full.placed"":{""denominator"":300000,""numerator"":300}}}"
sampling.leakage.tail.n300000.pqstr,run-e3d78f3b2b0f61f553ae0be89b278b8f169375d9df740e117c4cb2cd41e2e5e2,run-b6fea01f0f0a827d9f0a603ded50a1ba503f472f7eab617f5b133f45d69abd72,nonmissing_count,,,,not_applicable,"{""sampling.leakage"":{""P.equality_matches"":{""denominator"":200000,""numerator"":199820},""P.placed"":{""denominator"":200000,""numerator"":180},""full.equality_matches"":{""denominator"":300000,""numerator"":299700},""full.placed"":{""denominator"":300000,""numerator"":300}}}"
sampling.leakage.tail.n300000.pqstr,run-e3d78f3b2b0f61f553ae0be89b278b8f169375d9df740e117c4cb2cd41e2e5e2,run-b6fea01f0f0a827d9f0a603ded50a1ba503f472f7eab617f5b133f45d69abd72,parse_attempts,,,,not_applicable,"{""sampling.leakage"":{""P.equality_matches"":{""denominator"":200000,""numerator"":199820},""P.placed"":{""denominator"":200000,""numerator"":180},""full.equality_matches"":{""denominator"":300000,""numerator"":299700},""full.placed"":{""denominator"":300000,""numerator"":300}}}"
sampling.leakage.tail.n300000.pqstr,run-e3d78f3b2b0f61f553ae0be89b278b8f169375d9df740e117c4cb2cd41e2e5e2,run-b6fea01f0f0a827d9f0a603ded50a1ba503f472f7eab617f5b133f45d69abd72,parse_failures,,,,not_applicable,"{""sampling.leakage"":{""P.equality_matches"":{""denominator"":200000,""numerator"":199820},""P.placed"":{""denominator"":200000,""numerator"":180},""full.equality_matches"":{""denominator"":300000,""numerator"":299700},""full.placed"":{""denominator"":300000,""numerator"":300}}}"
sampling.leakage.tail.n300000.pqstr,run-e3d78f3b2b0f61f553ae0be89b278b8f169375d9df740e117c4cb2cd41e2e5e2,run-b6fea01f0f0a827d9f0a603ded50a1ba503f472f7eab617f5b133f45d69abd72,repeated_entity_participants,,,,not_applicable,"{""sampling.leakage"":{""P.equality_matches"":{""denominator"":200000,""numerator"":199820},""P.placed"":{""denominator"":200000,""numerator"":180},""full.equality_matches"":{""denominator"":300000,""numerator"":299700},""full.placed"":{""denominator"":300000,""numerator"":300}}}"
sampling.leakage.tail.n300000.pqstr,run-e3d78f3b2b0f61f553ae0be89b278b8f169375d9df740e117c4cb2cd41e2e5e2,run-b6fea01f0f0a827d9f0a603ded50a1ba503f472f7eab617f5b133f45d69abd72,row_excess,,,,not_applicable,"{""sampling.leakage"":{""P.equality_matches"":{""denominator"":200000,""numerator"":199820},""P.placed"":{""denominator"":200000,""numerator"":180},""full.equality_matches"":{""denominator"":300000,""numerator"":299700},""full.placed"":{""denominator"":300000,""numerator"":300}}}"
sampling.missingness.gaps.n300000.pqstr,run-77a9cd42055926b234b6cf32608caa139af9adc2da0cb9c1c3c2d5c44122e067,run-9f313bbd40963ec2bc46732964b575ed3059119dd385e2171d8340fdfa0beea2,class_count,,,,not_applicable,"{""sampling.missingness"":{""P.placed"":{""denominator"":200000,""numerator"":0},""full.missing"":{""denominator"":300000,""numerator"":30000},""full.placed"":{""denominator"":300000,""numerator"":30000}}}"
sampling.missingness.gaps.n300000.pqstr,run-77a9cd42055926b234b6cf32608caa139af9adc2da0cb9c1c3c2d5c44122e067,run-9f313bbd40963ec2bc46732964b575ed3059119dd385e2171d8340fdfa0beea2,complete_pairs,,,,not_applicable,"{""sampling.missingness"":{""P.placed"":{""denominator"":200000,""numerator"":0},""full.missing"":{""denominator"":300000,""numerator"":30000},""full.placed"":{""denominator"":300000,""numerator"":30000}}}"
sampling.missingness.gaps.n300000.pqstr,run-77a9cd42055926b234b6cf32608caa139af9adc2da0cb9c1c3c2d5c44122e067,run-9f313bbd40963ec2bc46732964b575ed3059119dd385e2171d8340fdfa0beea2,distinct_count,17.0,17.0,0.0,,"{""sampling.missingness"":{""P.placed"":{""denominator"":200000,""numerator"":0},""full.missing"":{""denominator"":300000,""numerator"":30000},""full.placed"":{""denominator"":300000,""numerator"":30000}}}"
sampling.missingness.gaps.n300000.pqstr,run-77a9cd42055926b234b6cf32608caa139af9adc2da0cb9c1c3c2d5c44122e067,run-9f313bbd40963ec2bc46732964b575ed3059119dd385e2171d8340fdfa0beea2,equality_matches,,,,not_applicable,"{""sampling.missingness"":{""P.placed"":{""denominator"":200000,""numerator"":0},""full.missing"":{""denominator"":300000,""numerator"":30000},""full.placed"":{""denominator"":300000,""numerator"":30000}}}"
sampling.missingness.gaps.n300000.pqstr,run-77a9cd42055926b234b6cf32608caa139af9adc2da0cb9c1c3c2d5c44122e067,run-9f313bbd40963ec2bc46732964b575ed3059119dd385e2171d8340fdfa0beea2,key_excess,,,,not_applicable,"{""sampling.missingness"":{""P.placed"":{""denominator"":200000,""numerator"":0},""full.missing"":{""denominator"":300000,""numerator"":30000},""full.placed"":{""denominator"":300000,""numerator"":30000}}}"
sampling.missingness.gaps.n300000.pqstr,run-77a9cd42055926b234b6cf32608caa139af9adc2da0cb9c1c3c2d5c44122e067,run-9f313bbd40963ec2bc46732964b575ed3059119dd385e2171d8340fdfa0beea2,mapping_matches,,,,not_applicable,"{""sampling.missingness"":{""P.placed"":{""denominator"":200000,""numerator"":0},""full.missing"":{""denominator"":300000,""numerator"":30000},""full.placed"":{""denominator"":300000,""numerator"":30000}}}"
sampling.missingness.gaps.n300000.pqstr,run-77a9cd42055926b234b6cf32608caa139af9adc2da0cb9c1c3c2d5c44122e067,run-9f313bbd40963ec2bc46732964b575ed3059119dd385e2171d8340fdfa0beea2,minority_count,,,,not_applicable,"{""sampling.missingness"":{""P.placed"":{""denominator"":200000,""numerator"":0},""full.missing"":{""denominator"":300000,""numerator"":30000},""full.placed"":{""denominator"":300000,""numerator"":30000}}}"
sampling.missingness.gaps.n300000.pqstr,run-77a9cd42055926b234b6cf32608caa139af9adc2da0cb9c1c3c2d5c44122e067,run-9f313bbd40963ec2bc46732964b575ed3059119dd385e2171d8340fdfa0beea2,missing_count,30000.0,30000.0,0.0,,"{""sampling.missingness"":{""P.placed"":{""denominator"":200000,""numerator"":0},""full.missing"":{""denominator"":300000,""numerator"":30000},""full.placed"":{""denominator"":300000,""numerator"":30000}}}"
sampling.missingness.gaps.n300000.pqstr,run-77a9cd42055926b234b6cf32608caa139af9adc2da0cb9c1c3c2d5c44122e067,run-9f313bbd40963ec2bc46732964b575ed3059119dd385e2171d8340fdfa0beea2,nonmissing_count,270000.0,200000.0,-70000.0,,"{""sampling.missingness"":{""P.placed"":{""denominator"":200000,""numerator"":0},""full.missing"":{""denominator"":300000,""numerator"":30000},""full.placed"":{""denominator"":300000,""numerator"":30000}}}"
sampling.missingness.gaps.n300000.pqstr,run-77a9cd42055926b234b6cf32608caa139af9adc2da0cb9c1c3c2d5c44122e067,run-9f313bbd40963ec2bc46732964b575ed3059119dd385e2171d8340fdfa0beea2,parse_attempts,,,,not_applicable,"{""sampling.missingness"":{""P.placed"":{""denominator"":200000,""numerator"":0},""full.missing"":{""denominator"":300000,""numerator"":30000},""full.placed"":{""denominator"":300000,""numerator"":30000}}}"
sampling.missingness.gaps.n300000.pqstr,run-77a9cd42055926b234b6cf32608caa139af9adc2da0cb9c1c3c2d5c44122e067,run-9f313bbd40963ec2bc46732964b575ed3059119dd385e2171d8340fdfa0beea2,parse_failures,,,,not_applicable,"{""sampling.missingness"":{""P.placed"":{""denominator"":200000,""numerator"":0},""full.missing"":{""denominator"":300000,""numerator"":30000},""full.placed"":{""denominator"":300000,""numerator"":30000}}}"
sampling.missingness.gaps.n300000.pqstr,run-77a9cd42055926b234b6cf32608caa139af9adc2da0cb9c1c3c2d5c44122e067,run-9f313bbd40963ec2bc46732964b575ed3059119dd385e2171d8340fdfa0beea2,repeated_entity_participants,,,,not_applicable,"{""sampling.missingness"":{""P.placed"":{""denominator"":200000,""numerator"":0},""full.missing"":{""denominator"":300000,""numerator"":30000},""full.placed"":{""denominator"":300000,""numerator"":30000}}}"
sampling.missingness.gaps.n300000.pqstr,run-77a9cd42055926b234b6cf32608caa139af9adc2da0cb9c1c3c2d5c44122e067,run-9f313bbd40963ec2bc46732964b575ed3059119dd385e2171d8340fdfa0beea2,row_excess,,,,not_applicable,"{""sampling.missingness"":{""P.placed"":{""denominator"":200000,""numerator"":0},""full.missing"":{""denominator"":300000,""numerator"":30000},""full.placed"":{""denominator"":300000,""numerator"":30000}}}"
sampling.missingness.head.n300000.pqstr,run-8183c5e1e0333fbd5e1ad52ce1aa58c1228e0eb077d9a70e20dbc637237c1a6a,run-b4b8716eca444888cdb73cc112f379c0032c9bf31f5b5caf49602fb75b0a77b0,class_count,,,,not_applicable,"{""sampling.missingness"":{""P.placed"":{""denominator"":200000,""numerator"":30000},""full.missing"":{""denominator"":300000,""numerator"":30000},""full.placed"":{""denominator"":300000,""numerator"":30000}}}"
sampling.missingness.head.n300000.pqstr,run-8183c5e1e0333fbd5e1ad52ce1aa58c1228e0eb077d9a70e20dbc637237c1a6a,run-b4b8716eca444888cdb73cc112f379c0032c9bf31f5b5caf49602fb75b0a77b0,complete_pairs,,,,not_applicable,"{""sampling.missingness"":{""P.placed"":{""denominator"":200000,""numerator"":30000},""full.missing"":{""denominator"":300000,""numerator"":30000},""full.placed"":{""denominator"":300000,""numerator"":30000}}}"
sampling.missingness.head.n300000.pqstr,run-8183c5e1e0333fbd5e1ad52ce1aa58c1228e0eb077d9a70e20dbc637237c1a6a,run-b4b8716eca444888cdb73cc112f379c0032c9bf31f5b5caf49602fb75b0a77b0,distinct_count,17.0,17.0,0.0,,"{""sampling.missingness"":{""P.placed"":{""denominator"":200000,""numerator"":30000},""full.missing"":{""denominator"":300000,""numerator"":30000},""full.placed"":{""denominator"":300000,""numerator"":30000}}}"
sampling.missingness.head.n300000.pqstr,run-8183c5e1e0333fbd5e1ad52ce1aa58c1228e0eb077d9a70e20dbc637237c1a6a,run-b4b8716eca444888cdb73cc112f379c0032c9bf31f5b5caf49602fb75b0a77b0,equality_matches,,,,not_applicable,"{""sampling.missingness"":{""P.placed"":{""denominator"":200000,""numerator"":30000},""full.missing"":{""denominator"":300000,""numerator"":30000},""full.placed"":{""denominator"":300000,""numerator"":30000}}}"
sampling.missingness.head.n300000.pqstr,run-8183c5e1e0333fbd5e1ad52ce1aa58c1228e0eb077d9a70e20dbc637237c1a6a,run-b4b8716eca444888cdb73cc112f379c0032c9bf31f5b5caf49602fb75b0a77b0,key_excess,,,,not_applicable,"{""sampling.missingness"":{""P.placed"":{""denominator"":200000,""numerator"":30000},""full.missing"":{""denominator"":300000,""numerator"":30000},""full.placed"":{""denominator"":300000,""numerator"":30000}}}"
sampling.missingness.head.n300000.pqstr,run-8183c5e1e0333fbd5e1ad52ce1aa58c1228e0eb077d9a70e20dbc637237c1a6a,run-b4b8716eca444888cdb73cc112f379c0032c9bf31f5b5caf49602fb75b0a77b0,mapping_matches,,,,not_applicable,"{""sampling.missingness"":{""P.placed"":{""denominator"":200000,""numerator"":30000},""full.missing"":{""denominator"":300000,""numerator"":30000},""full.placed"":{""denominator"":300000,""numerator"":30000}}}"
sampling.missingness.head.n300000.pqstr,run-8183c5e1e0333fbd5e1ad52ce1aa58c1228e0eb077d9a70e20dbc637237c1a6a,run-b4b8716eca444888cdb73cc112f379c0032c9bf31f5b5caf49602fb75b0a77b0,minority_count,,,,not_applicable,"{""sampling.missingness"":{""P.placed"":{""denominator"":200000,""numerator"":30000},""full.missing"":{""denominator"":300000,""numerator"":30000},""full.placed"":{""denominator"":300000,""numerator"":30000}}}"
sampling.missingness.head.n300000.pqstr,run-8183c5e1e0333fbd5e1ad52ce1aa58c1228e0eb077d9a70e20dbc637237c1a6a,run-b4b8716eca444888cdb73cc112f379c0032c9bf31f5b5caf49602fb75b0a77b0,missing_count,30000.0,30000.0,0.0,,"{""sampling.missingness"":{""P.placed"":{""denominator"":200000,""numerator"":30000},""full.missing"":{""denominator"":300000,""numerator"":30000},""full.placed"":{""denominator"":300000,""numerator"":30000}}}"
sampling.missingness.head.n300000.pqstr,run-8183c5e1e0333fbd5e1ad52ce1aa58c1228e0eb077d9a70e20dbc637237c1a6a,run-b4b8716eca444888cdb73cc112f379c0032c9bf31f5b5caf49602fb75b0a77b0,nonmissing_count,270000.0,170000.0,-100000.0,,"{""sampling.missingness"":{""P.placed"":{""denominator"":200000,""numerator"":30000},""full.missing"":{""denominator"":300000,""numerator"":30000},""full.placed"":{""denominator"":300000,""numerator"":30000}}}"
sampling.missingness.head.n300000.pqstr,run-8183c5e1e0333fbd5e1ad52ce1aa58c1228e0eb077d9a70e20dbc637237c1a6a,run-b4b8716eca444888cdb73cc112f379c0032c9bf31f5b5caf49602fb75b0a77b0,parse_attempts,,,,not_applicable,"{""sampling.missingness"":{""P.placed"":{""denominator"":200000,""numerator"":30000},""full.missing"":{""denominator"":300000,""numerator"":30000},""full.placed"":{""denominator"":300000,""numerator"":30000}}}"
sampling.missingness.head.n300000.pqstr,run-8183c5e1e0333fbd5e1ad52ce1aa58c1228e0eb077d9a70e20dbc637237c1a6a,run-b4b8716eca444888cdb73cc112f379c0032c9bf31f5b5caf49602fb75b0a77b0,parse_failures,,,,not_applicable,"{""sampling.missingness"":{""P.placed"":{""denominator"":200000,""numerator"":30000},""full.missing"":{""denominator"":300000,""numerator"":30000},""full.placed"":{""denominator"":300000,""numerator"":30000}}}"
sampling.missingness.head.n300000.pqstr,run-8183c5e1e0333fbd5e1ad52ce1aa58c1228e0eb077d9a70e20dbc637237c1a6a,run-b4b8716eca444888cdb73cc112f379c0032c9bf31f5b5caf49602fb75b0a77b0,repeated_entity_participants,,,,not_applicable,"{""sampling.missingness"":{""P.placed"":{""denominator"":200000,""numerator"":30000},""full.missing"":{""denominator"":300000,""numerator"":30000},""full.placed"":{""denominator"":300000,""numerator"":30000}}}"
sampling.missingness.head.n300000.pqstr,run-8183c5e1e0333fbd5e1ad52ce1aa58c1228e0eb077d9a70e20dbc637237c1a6a,run-b4b8716eca444888cdb73cc112f379c0032c9bf31f5b5caf49602fb75b0a77b0,row_excess,,,,not_applicable,"{""sampling.missingness"":{""P.placed"":{""denominator"":200000,""numerator"":30000},""full.missing"":{""denominator"":300000,""numerator"":30000},""full.placed"":{""denominator"":300000,""numerator"":30000}}}"
sampling.missingness.middle.n300000.pqstr,run-cd878e26dd4ec2639223fd76ba39b62a07043f1648b5601d03bccc13c6d8fdfb,run-f794944c45695e7846b2aef09fc3fe53e726bc0c99677ff0e714b9fa7d22bb4a,class_count,,,,not_applicable,"{""sampling.missingness"":{""P.placed"":{""denominator"":200000,""numerator"":18000},""full.missing"":{""denominator"":300000,""numerator"":30000},""full.placed"":{""denominator"":300000,""numerator"":30000}}}"
sampling.missingness.middle.n300000.pqstr,run-cd878e26dd4ec2639223fd76ba39b62a07043f1648b5601d03bccc13c6d8fdfb,run-f794944c45695e7846b2aef09fc3fe53e726bc0c99677ff0e714b9fa7d22bb4a,complete_pairs,,,,not_applicable,"{""sampling.missingness"":{""P.placed"":{""denominator"":200000,""numerator"":18000},""full.missing"":{""denominator"":300000,""numerator"":30000},""full.placed"":{""denominator"":300000,""numerator"":30000}}}"
sampling.missingness.middle.n300000.pqstr,run-cd878e26dd4ec2639223fd76ba39b62a07043f1648b5601d03bccc13c6d8fdfb,run-f794944c45695e7846b2aef09fc3fe53e726bc0c99677ff0e714b9fa7d22bb4a,distinct_count,17.0,17.0,0.0,,"{""sampling.missingness"":{""P.placed"":{""denominator"":200000,""numerator"":18000},""full.missing"":{""denominator"":300000,""numerator"":30000},""full.placed"":{""denominator"":300000,""numerator"":30000}}}"
sampling.missingness.middle.n300000.pqstr,run-cd878e26dd4ec2639223fd76ba39b62a07043f1648b5601d03bccc13c6d8fdfb,run-f794944c45695e7846b2aef09fc3fe53e726bc0c99677ff0e714b9fa7d22bb4a,equality_matches,,,,not_applicable,"{""sampling.missingness"":{""P.placed"":{""denominator"":200000,""numerator"":18000},""full.missing"":{""denominator"":300000,""numerator"":30000},""full.placed"":{""denominator"":300000,""numerator"":30000}}}"
sampling.missingness.middle.n300000.pqstr,run-cd878e26dd4ec2639223fd76ba39b62a07043f1648b5601d03bccc13c6d8fdfb,run-f794944c45695e7846b2aef09fc3fe53e726bc0c99677ff0e714b9fa7d22bb4a,key_excess,,,,not_applicable,"{""sampling.missingness"":{""P.placed"":{""denominator"":200000,""numerator"":18000},""full.missing"":{""denominator"":300000,""numerator"":30000},""full.placed"":{""denominator"":300000,""numerator"":30000}}}"
sampling.missingness.middle.n300000.pqstr,run-cd878e26dd4ec2639223fd76ba39b62a07043f1648b5601d03bccc13c6d8fdfb,run-f794944c45695e7846b2aef09fc3fe53e726bc0c99677ff0e714b9fa7d22bb4a,mapping_matches,,,,not_applicable,"{""sampling.missingness"":{""P.placed"":{""denominator"":200000,""numerator"":18000},""full.missing"":{""denominator"":300000,""numerator"":30000},""full.placed"":{""denominator"":300000,""numerator"":30000}}}"
sampling.missingness.middle.n300000.pqstr,run-cd878e26dd4ec2639223fd76ba39b62a07043f1648b5601d03bccc13c6d8fdfb,run-f794944c45695e7846b2aef09fc3fe53e726bc0c99677ff0e714b9fa7d22bb4a,minority_count,,,,not_applicable,"{""sampling.missingness"":{""P.placed"":{""denominator"":200000,""numerator"":18000},""full.missing"":{""denominator"":300000,""numerator"":30000},""full.placed"":{""denominator"":300000,""numerator"":30000}}}"
sampling.missingness.middle.n300000.pqstr,run-cd878e26dd4ec2639223fd76ba39b62a07043f1648b5601d03bccc13c6d8fdfb,run-f794944c45695e7846b2aef09fc3fe53e726bc0c99677ff0e714b9fa7d22bb4a,missing_count,30000.0,30000.0,0.0,,"{""sampling.missingness"":{""P.placed"":{""denominator"":200000,""numerator"":18000},""full.missing"":{""denominator"":300000,""numerator"":30000},""full.placed"":{""denominator"":300000,""numerator"":30000}}}"
sampling.missingness.middle.n300000.pqstr,run-cd878e26dd4ec2639223fd76ba39b62a07043f1648b5601d03bccc13c6d8fdfb,run-f794944c45695e7846b2aef09fc3fe53e726bc0c99677ff0e714b9fa7d22bb4a,nonmissing_count,270000.0,182000.0,-88000.0,,"{""sampling.missingness"":{""P.placed"":{""denominator"":200000,""numerator"":18000},""full.missing"":{""denominator"":300000,""numerator"":30000},""full.placed"":{""denominator"":300000,""numerator"":30000}}}"
sampling.missingness.middle.n300000.pqstr,run-cd878e26dd4ec2639223fd76ba39b62a07043f1648b5601d03bccc13c6d8fdfb,run-f794944c45695e7846b2aef09fc3fe53e726bc0c99677ff0e714b9fa7d22bb4a,parse_attempts,,,,not_applicable,"{""sampling.missingness"":{""P.placed"":{""denominator"":200000,""numerator"":18000},""full.missing"":{""denominator"":300000,""numerator"":30000},""full.placed"":{""denominator"":300000,""numerator"":30000}}}"
sampling.missingness.middle.n300000.pqstr,run-cd878e26dd4ec2639223fd76ba39b62a07043f1648b5601d03bccc13c6d8fdfb,run-f794944c45695e7846b2aef09fc3fe53e726bc0c99677ff0e714b9fa7d22bb4a,parse_failures,,,,not_applicable,"{""sampling.missingness"":{""P.placed"":{""denominator"":200000,""numerator"":18000},""full.missing"":{""denominator"":300000,""numerator"":30000},""full.placed"":{""denominator"":300000,""numerator"":30000}}}"
sampling.missingness.middle.n300000.pqstr,run-cd878e26dd4ec2639223fd76ba39b62a07043f1648b5601d03bccc13c6d8fdfb,run-f794944c45695e7846b2aef09fc3fe53e726bc0c99677ff0e714b9fa7d22bb4a,repeated_entity_participants,,,,not_applicable,"{""sampling.missingness"":{""P.placed"":{""denominator"":200000,""numerator"":18000},""full.missing"":{""denominator"":300000,""numerator"":30000},""full.placed"":{""denominator"":300000,""numerator"":30000}}}"
sampling.missingness.middle.n300000.pqstr,run-cd878e26dd4ec2639223fd76ba39b62a07043f1648b5601d03bccc13c6d8fdfb,run-f794944c45695e7846b2aef09fc3fe53e726bc0c99677ff0e714b9fa7d22bb4a,row_excess,,,,not_applicable,"{""sampling.missingness"":{""P.placed"":{""denominator"":200000,""numerator"":18000},""full.missing"":{""denominator"":300000,""numerator"":30000},""full.placed"":{""denominator"":300000,""numerator"":30000}}}"
sampling.missingness.tail.n300000.pqstr,run-8c090c338e4e93e3539c77cdfa792a883a07a32b9c13acb663c47a944300ff67,run-5062f2f0278a056990714ea05847213ce9b6487eb55aaf9cfec1150aaa846cf0,class_count,,,,not_applicable,"{""sampling.missingness"":{""P.placed"":{""denominator"":200000,""numerator"":18000},""full.missing"":{""denominator"":300000,""numerator"":30000},""full.placed"":{""denominator"":300000,""numerator"":30000}}}"
sampling.missingness.tail.n300000.pqstr,run-8c090c338e4e93e3539c77cdfa792a883a07a32b9c13acb663c47a944300ff67,run-5062f2f0278a056990714ea05847213ce9b6487eb55aaf9cfec1150aaa846cf0,complete_pairs,,,,not_applicable,"{""sampling.missingness"":{""P.placed"":{""denominator"":200000,""numerator"":18000},""full.missing"":{""denominator"":300000,""numerator"":30000},""full.placed"":{""denominator"":300000,""numerator"":30000}}}"
sampling.missingness.tail.n300000.pqstr,run-8c090c338e4e93e3539c77cdfa792a883a07a32b9c13acb663c47a944300ff67,run-5062f2f0278a056990714ea05847213ce9b6487eb55aaf9cfec1150aaa846cf0,distinct_count,17.0,17.0,0.0,,"{""sampling.missingness"":{""P.placed"":{""denominator"":200000,""numerator"":18000},""full.missing"":{""denominator"":300000,""numerator"":30000},""full.placed"":{""denominator"":300000,""numerator"":30000}}}"
sampling.missingness.tail.n300000.pqstr,run-8c090c338e4e93e3539c77cdfa792a883a07a32b9c13acb663c47a944300ff67,run-5062f2f0278a056990714ea05847213ce9b6487eb55aaf9cfec1150aaa846cf0,equality_matches,,,,not_applicable,"{""sampling.missingness"":{""P.placed"":{""denominator"":200000,""numerator"":18000},""full.missing"":{""denominator"":300000,""numerator"":30000},""full.placed"":{""denominator"":300000,""numerator"":30000}}}"
sampling.missingness.tail.n300000.pqstr,run-8c090c338e4e93e3539c77cdfa792a883a07a32b9c13acb663c47a944300ff67,run-5062f2f0278a056990714ea05847213ce9b6487eb55aaf9cfec1150aaa846cf0,key_excess,,,,not_applicable,"{""sampling.missingness"":{""P.placed"":{""denominator"":200000,""numerator"":18000},""full.missing"":{""denominator"":300000,""numerator"":30000},""full.placed"":{""denominator"":300000,""numerator"":30000}}}"
sampling.missingness.tail.n300000.pqstr,run-8c090c338e4e93e3539c77cdfa792a883a07a32b9c13acb663c47a944300ff67,run-5062f2f0278a056990714ea05847213ce9b6487eb55aaf9cfec1150aaa846cf0,mapping_matches,,,,not_applicable,"{""sampling.missingness"":{""P.placed"":{""denominator"":200000,""numerator"":18000},""full.missing"":{""denominator"":300000,""numerator"":30000},""full.placed"":{""denominator"":300000,""numerator"":30000}}}"
sampling.missingness.tail.n300000.pqstr,run-8c090c338e4e93e3539c77cdfa792a883a07a32b9c13acb663c47a944300ff67,run-5062f2f0278a056990714ea05847213ce9b6487eb55aaf9cfec1150aaa846cf0,minority_count,,,,not_applicable,"{""sampling.missingness"":{""P.placed"":{""denominator"":200000,""numerator"":18000},""full.missing"":{""denominator"":300000,""numerator"":30000},""full.placed"":{""denominator"":300000,""numerator"":30000}}}"
sampling.missingness.tail.n300000.pqstr,run-8c090c338e4e93e3539c77cdfa792a883a07a32b9c13acb663c47a944300ff67,run-5062f2f0278a056990714ea05847213ce9b6487eb55aaf9cfec1150aaa846cf0,missing_count,30000.0,30000.0,0.0,,"{""sampling.missingness"":{""P.placed"":{""denominator"":200000,""numerator"":18000},""full.missing"":{""denominator"":300000,""numerator"":30000},""full.placed"":{""denominator"":300000,""numerator"":30000}}}"
sampling.missingness.tail.n300000.pqstr,run-8c090c338e4e93e3539c77cdfa792a883a07a32b9c13acb663c47a944300ff67,run-5062f2f0278a056990714ea05847213ce9b6487eb55aaf9cfec1150aaa846cf0,nonmissing_count,270000.0,182000.0,-88000.0,,"{""sampling.missingness"":{""P.placed"":{""denominator"":200000,""numerator"":18000},""full.missing"":{""denominator"":300000,""numerator"":30000},""full.placed"":{""denominator"":300000,""numerator"":30000}}}"
sampling.missingness.tail.n300000.pqstr,run-8c090c338e4e93e3539c77cdfa792a883a07a32b9c13acb663c47a944300ff67,run-5062f2f0278a056990714ea05847213ce9b6487eb55aaf9cfec1150aaa846cf0,parse_attempts,,,,not_applicable,"{""sampling.missingness"":{""P.placed"":{""denominator"":200000,""numerator"":18000},""full.missing"":{""denominator"":300000,""numerator"":30000},""full.placed"":{""denominator"":300000,""numerator"":30000}}}"
sampling.missingness.tail.n300000.pqstr,run-8c090c338e4e93e3539c77cdfa792a883a07a32b9c13acb663c47a944300ff67,run-5062f2f0278a056990714ea05847213ce9b6487eb55aaf9cfec1150aaa846cf0,parse_failures,,,,not_applicable,"{""sampling.missingness"":{""P.placed"":{""denominator"":200000,""numerator"":18000},""full.missing"":{""denominator"":300000,""numerator"":30000},""full.placed"":{""denominator"":300000,""numerator"":30000}}}"
sampling.missingness.tail.n300000.pqstr,run-8c090c338e4e93e3539c77cdfa792a883a07a32b9c13acb663c47a944300ff67,run-5062f2f0278a056990714ea05847213ce9b6487eb55aaf9cfec1150aaa846cf0,repeated_entity_participants,,,,not_applicable,"{""sampling.missingness"":{""P.placed"":{""denominator"":200000,""numerator"":18000},""full.missing"":{""denominator"":300000,""numerator"":30000},""full.placed"":{""denominator"":300000,""numerator"":30000}}}"
sampling.missingness.tail.n300000.pqstr,run-8c090c338e4e93e3539c77cdfa792a883a07a32b9c13acb663c47a944300ff67,run-5062f2f0278a056990714ea05847213ce9b6487eb55aaf9cfec1150aaa846cf0,row_excess,,,,not_applicable,"{""sampling.missingness"":{""P.placed"":{""denominator"":200000,""numerator"":18000},""full.missing"":{""denominator"":300000,""numerator"":30000},""full.placed"":{""denominator"":300000,""numerator"":30000}}}"
sampling.parse.gaps.n300000.pqstr,run-7065510d16bc7e14225e57156a0ef6c55d42a7564cc574b561f4436dde7c2659,run-d2c0e7b150c9d8747285c0d5ef13b097644714b9ca3586aca53c276a6c34970a,class_count,,,,not_applicable,"{""sampling.parse"":{""P.placed"":{""denominator"":200000,""numerator"":0},""full.parse_failures"":{""denominator"":300000,""numerator"":3000},""full.placed"":{""denominator"":300000,""numerator"":3000}}}"
sampling.parse.gaps.n300000.pqstr,run-7065510d16bc7e14225e57156a0ef6c55d42a7564cc574b561f4436dde7c2659,run-d2c0e7b150c9d8747285c0d5ef13b097644714b9ca3586aca53c276a6c34970a,complete_pairs,,,,not_applicable,"{""sampling.parse"":{""P.placed"":{""denominator"":200000,""numerator"":0},""full.parse_failures"":{""denominator"":300000,""numerator"":3000},""full.placed"":{""denominator"":300000,""numerator"":3000}}}"
sampling.parse.gaps.n300000.pqstr,run-7065510d16bc7e14225e57156a0ef6c55d42a7564cc574b561f4436dde7c2659,run-d2c0e7b150c9d8747285c0d5ef13b097644714b9ca3586aca53c276a6c34970a,distinct_count,18.0,17.0,-1.0,,"{""sampling.parse"":{""P.placed"":{""denominator"":200000,""numerator"":0},""full.parse_failures"":{""denominator"":300000,""numerator"":3000},""full.placed"":{""denominator"":300000,""numerator"":3000}}}"
sampling.parse.gaps.n300000.pqstr,run-7065510d16bc7e14225e57156a0ef6c55d42a7564cc574b561f4436dde7c2659,run-d2c0e7b150c9d8747285c0d5ef13b097644714b9ca3586aca53c276a6c34970a,equality_matches,,,,not_applicable,"{""sampling.parse"":{""P.placed"":{""denominator"":200000,""numerator"":0},""full.parse_failures"":{""denominator"":300000,""numerator"":3000},""full.placed"":{""denominator"":300000,""numerator"":3000}}}"
sampling.parse.gaps.n300000.pqstr,run-7065510d16bc7e14225e57156a0ef6c55d42a7564cc574b561f4436dde7c2659,run-d2c0e7b150c9d8747285c0d5ef13b097644714b9ca3586aca53c276a6c34970a,key_excess,,,,not_applicable,"{""sampling.parse"":{""P.placed"":{""denominator"":200000,""numerator"":0},""full.parse_failures"":{""denominator"":300000,""numerator"":3000},""full.placed"":{""denominator"":300000,""numerator"":3000}}}"
sampling.parse.gaps.n300000.pqstr,run-7065510d16bc7e14225e57156a0ef6c55d42a7564cc574b561f4436dde7c2659,run-d2c0e7b150c9d8747285c0d5ef13b097644714b9ca3586aca53c276a6c34970a,mapping_matches,,,,not_applicable,"{""sampling.parse"":{""P.placed"":{""denominator"":200000,""numerator"":0},""full.parse_failures"":{""denominator"":300000,""numerator"":3000},""full.placed"":{""denominator"":300000,""numerator"":3000}}}"
sampling.parse.gaps.n300000.pqstr,run-7065510d16bc7e14225e57156a0ef6c55d42a7564cc574b561f4436dde7c2659,run-d2c0e7b150c9d8747285c0d5ef13b097644714b9ca3586aca53c276a6c34970a,minority_count,,,,not_applicable,"{""sampling.parse"":{""P.placed"":{""denominator"":200000,""numerator"":0},""full.parse_failures"":{""denominator"":300000,""numerator"":3000},""full.placed"":{""denominator"":300000,""numerator"":3000}}}"
sampling.parse.gaps.n300000.pqstr,run-7065510d16bc7e14225e57156a0ef6c55d42a7564cc574b561f4436dde7c2659,run-d2c0e7b150c9d8747285c0d5ef13b097644714b9ca3586aca53c276a6c34970a,missing_count,,,,not_applicable,"{""sampling.parse"":{""P.placed"":{""denominator"":200000,""numerator"":0},""full.parse_failures"":{""denominator"":300000,""numerator"":3000},""full.placed"":{""denominator"":300000,""numerator"":3000}}}"
sampling.parse.gaps.n300000.pqstr,run-7065510d16bc7e14225e57156a0ef6c55d42a7564cc574b561f4436dde7c2659,run-d2c0e7b150c9d8747285c0d5ef13b097644714b9ca3586aca53c276a6c34970a,nonmissing_count,300000.0,200000.0,-100000.0,,"{""sampling.parse"":{""P.placed"":{""denominator"":200000,""numerator"":0},""full.parse_failures"":{""denominator"":300000,""numerator"":3000},""full.placed"":{""denominator"":300000,""numerator"":3000}}}"
sampling.parse.gaps.n300000.pqstr,run-7065510d16bc7e14225e57156a0ef6c55d42a7564cc574b561f4436dde7c2659,run-d2c0e7b150c9d8747285c0d5ef13b097644714b9ca3586aca53c276a6c34970a,parse_attempts,300000.0,300000.0,0.0,,"{""sampling.parse"":{""P.placed"":{""denominator"":200000,""numerator"":0},""full.parse_failures"":{""denominator"":300000,""numerator"":3000},""full.placed"":{""denominator"":300000,""numerator"":3000}}}"
sampling.parse.gaps.n300000.pqstr,run-7065510d16bc7e14225e57156a0ef6c55d42a7564cc574b561f4436dde7c2659,run-d2c0e7b150c9d8747285c0d5ef13b097644714b9ca3586aca53c276a6c34970a,parse_failures,3000.0,3000.0,0.0,,"{""sampling.parse"":{""P.placed"":{""denominator"":200000,""numerator"":0},""full.parse_failures"":{""denominator"":300000,""numerator"":3000},""full.placed"":{""denominator"":300000,""numerator"":3000}}}"
sampling.parse.gaps.n300000.pqstr,run-7065510d16bc7e14225e57156a0ef6c55d42a7564cc574b561f4436dde7c2659,run-d2c0e7b150c9d8747285c0d5ef13b097644714b9ca3586aca53c276a6c34970a,repeated_entity_participants,,,,not_applicable,"{""sampling.parse"":{""P.placed"":{""denominator"":200000,""numerator"":0},""full.parse_failures"":{""denominator"":300000,""numerator"":3000},""full.placed"":{""denominator"":300000,""numerator"":3000}}}"
sampling.parse.gaps.n300000.pqstr,run-7065510d16bc7e14225e57156a0ef6c55d42a7564cc574b561f4436dde7c2659,run-d2c0e7b150c9d8747285c0d5ef13b097644714b9ca3586aca53c276a6c34970a,row_excess,,,,not_applicable,"{""sampling.parse"":{""P.placed"":{""denominator"":200000,""numerator"":0},""full.parse_failures"":{""denominator"":300000,""numerator"":3000},""full.placed"":{""denominator"":300000,""numerator"":3000}}}"
sampling.parse.head.n300000.pqstr,run-8cf657ae2ec18184e8b4fae9b0689a54091bd11888fcbd62d82936e713ccb529,run-bf40fbad25bba87f1facdca6a3dac40dfd54a3d19427f0437b4e239cd05b1982,class_count,,,,not_applicable,"{""sampling.parse"":{""P.placed"":{""denominator"":200000,""numerator"":3000},""full.parse_failures"":{""denominator"":300000,""numerator"":3000},""full.placed"":{""denominator"":300000,""numerator"":3000}}}"
sampling.parse.head.n300000.pqstr,run-8cf657ae2ec18184e8b4fae9b0689a54091bd11888fcbd62d82936e713ccb529,run-bf40fbad25bba87f1facdca6a3dac40dfd54a3d19427f0437b4e239cd05b1982,complete_pairs,,,,not_applicable,"{""sampling.parse"":{""P.placed"":{""denominator"":200000,""numerator"":3000},""full.parse_failures"":{""denominator"":300000,""numerator"":3000},""full.placed"":{""denominator"":300000,""numerator"":3000}}}"
sampling.parse.head.n300000.pqstr,run-8cf657ae2ec18184e8b4fae9b0689a54091bd11888fcbd62d82936e713ccb529,run-bf40fbad25bba87f1facdca6a3dac40dfd54a3d19427f0437b4e239cd05b1982,distinct_count,18.0,18.0,0.0,,"{""sampling.parse"":{""P.placed"":{""denominator"":200000,""numerator"":3000},""full.parse_failures"":{""denominator"":300000,""numerator"":3000},""full.placed"":{""denominator"":300000,""numerator"":3000}}}"
sampling.parse.head.n300000.pqstr,run-8cf657ae2ec18184e8b4fae9b0689a54091bd11888fcbd62d82936e713ccb529,run-bf40fbad25bba87f1facdca6a3dac40dfd54a3d19427f0437b4e239cd05b1982,equality_matches,,,,not_applicable,"{""sampling.parse"":{""P.placed"":{""denominator"":200000,""numerator"":3000},""full.parse_failures"":{""denominator"":300000,""numerator"":3000},""full.placed"":{""denominator"":300000,""numerator"":3000}}}"
sampling.parse.head.n300000.pqstr,run-8cf657ae2ec18184e8b4fae9b0689a54091bd11888fcbd62d82936e713ccb529,run-bf40fbad25bba87f1facdca6a3dac40dfd54a3d19427f0437b4e239cd05b1982,key_excess,,,,not_applicable,"{""sampling.parse"":{""P.placed"":{""denominator"":200000,""numerator"":3000},""full.parse_failures"":{""denominator"":300000,""numerator"":3000},""full.placed"":{""denominator"":300000,""numerator"":3000}}}"
sampling.parse.head.n300000.pqstr,run-8cf657ae2ec18184e8b4fae9b0689a54091bd11888fcbd62d82936e713ccb529,run-bf40fbad25bba87f1facdca6a3dac40dfd54a3d19427f0437b4e239cd05b1982,mapping_matches,,,,not_applicable,"{""sampling.parse"":{""P.placed"":{""denominator"":200000,""numerator"":3000},""full.parse_failures"":{""denominator"":300000,""numerator"":3000},""full.placed"":{""denominator"":300000,""numerator"":3000}}}"
sampling.parse.head.n300000.pqstr,run-8cf657ae2ec18184e8b4fae9b0689a54091bd11888fcbd62d82936e713ccb529,run-bf40fbad25bba87f1facdca6a3dac40dfd54a3d19427f0437b4e239cd05b1982,minority_count,,,,not_applicable,"{""sampling.parse"":{""P.placed"":{""denominator"":200000,""numerator"":3000},""full.parse_failures"":{""denominator"":300000,""numerator"":3000},""full.placed"":{""denominator"":300000,""numerator"":3000}}}"
sampling.parse.head.n300000.pqstr,run-8cf657ae2ec18184e8b4fae9b0689a54091bd11888fcbd62d82936e713ccb529,run-bf40fbad25bba87f1facdca6a3dac40dfd54a3d19427f0437b4e239cd05b1982,missing_count,,,,not_applicable,"{""sampling.parse"":{""P.placed"":{""denominator"":200000,""numerator"":3000},""full.parse_failures"":{""denominator"":300000,""numerator"":3000},""full.placed"":{""denominator"":300000,""numerator"":3000}}}"
sampling.parse.head.n300000.pqstr,run-8cf657ae2ec18184e8b4fae9b0689a54091bd11888fcbd62d82936e713ccb529,run-bf40fbad25bba87f1facdca6a3dac40dfd54a3d19427f0437b4e239cd05b1982,nonmissing_count,300000.0,200000.0,-100000.0,,"{""sampling.parse"":{""P.placed"":{""denominator"":200000,""numerator"":3000},""full.parse_failures"":{""denominator"":300000,""numerator"":3000},""full.placed"":{""denominator"":300000,""numerator"":3000}}}"
sampling.parse.head.n300000.pqstr,run-8cf657ae2ec18184e8b4fae9b0689a54091bd11888fcbd62d82936e713ccb529,run-bf40fbad25bba87f1facdca6a3dac40dfd54a3d19427f0437b4e239cd05b1982,parse_attempts,300000.0,300000.0,0.0,,"{""sampling.parse"":{""P.placed"":{""denominator"":200000,""numerator"":3000},""full.parse_failures"":{""denominator"":300000,""numerator"":3000},""full.placed"":{""denominator"":300000,""numerator"":3000}}}"
sampling.parse.head.n300000.pqstr,run-8cf657ae2ec18184e8b4fae9b0689a54091bd11888fcbd62d82936e713ccb529,run-bf40fbad25bba87f1facdca6a3dac40dfd54a3d19427f0437b4e239cd05b1982,parse_failures,3000.0,3000.0,0.0,,"{""sampling.parse"":{""P.placed"":{""denominator"":200000,""numerator"":3000},""full.parse_failures"":{""denominator"":300000,""numerator"":3000},""full.placed"":{""denominator"":300000,""numerator"":3000}}}"
sampling.parse.head.n300000.pqstr,run-8cf657ae2ec18184e8b4fae9b0689a54091bd11888fcbd62d82936e713ccb529,run-bf40fbad25bba87f1facdca6a3dac40dfd54a3d19427f0437b4e239cd05b1982,repeated_entity_participants,,,,not_applicable,"{""sampling.parse"":{""P.placed"":{""denominator"":200000,""numerator"":3000},""full.parse_failures"":{""denominator"":300000,""numerator"":3000},""full.placed"":{""denominator"":300000,""numerator"":3000}}}"
sampling.parse.head.n300000.pqstr,run-8cf657ae2ec18184e8b4fae9b0689a54091bd11888fcbd62d82936e713ccb529,run-bf40fbad25bba87f1facdca6a3dac40dfd54a3d19427f0437b4e239cd05b1982,row_excess,,,,not_applicable,"{""sampling.parse"":{""P.placed"":{""denominator"":200000,""numerator"":3000},""full.parse_failures"":{""denominator"":300000,""numerator"":3000},""full.placed"":{""denominator"":300000,""numerator"":3000}}}"
sampling.parse.middle.n300000.pqstr,run-cf7b23ab954e48919673d364777c649ccb8d366600367e244f4a1dd9c415f67a,run-6ce3cd42c5ff876f02dd13a6fe5e2360b9f1aefb2249734691f63289a98fef64,class_count,,,,not_applicable,"{""sampling.parse"":{""P.placed"":{""denominator"":200000,""numerator"":1800},""full.parse_failures"":{""denominator"":300000,""numerator"":3000},""full.placed"":{""denominator"":300000,""numerator"":3000}}}"
sampling.parse.middle.n300000.pqstr,run-cf7b23ab954e48919673d364777c649ccb8d366600367e244f4a1dd9c415f67a,run-6ce3cd42c5ff876f02dd13a6fe5e2360b9f1aefb2249734691f63289a98fef64,complete_pairs,,,,not_applicable,"{""sampling.parse"":{""P.placed"":{""denominator"":200000,""numerator"":1800},""full.parse_failures"":{""denominator"":300000,""numerator"":3000},""full.placed"":{""denominator"":300000,""numerator"":3000}}}"
sampling.parse.middle.n300000.pqstr,run-cf7b23ab954e48919673d364777c649ccb8d366600367e244f4a1dd9c415f67a,run-6ce3cd42c5ff876f02dd13a6fe5e2360b9f1aefb2249734691f63289a98fef64,distinct_count,18.0,18.0,0.0,,"{""sampling.parse"":{""P.placed"":{""denominator"":200000,""numerator"":1800},""full.parse_failures"":{""denominator"":300000,""numerator"":3000},""full.placed"":{""denominator"":300000,""numerator"":3000}}}"
sampling.parse.middle.n300000.pqstr,run-cf7b23ab954e48919673d364777c649ccb8d366600367e244f4a1dd9c415f67a,run-6ce3cd42c5ff876f02dd13a6fe5e2360b9f1aefb2249734691f63289a98fef64,equality_matches,,,,not_applicable,"{""sampling.parse"":{""P.placed"":{""denominator"":200000,""numerator"":1800},""full.parse_failures"":{""denominator"":300000,""numerator"":3000},""full.placed"":{""denominator"":300000,""numerator"":3000}}}"
sampling.parse.middle.n300000.pqstr,run-cf7b23ab954e48919673d364777c649ccb8d366600367e244f4a1dd9c415f67a,run-6ce3cd42c5ff876f02dd13a6fe5e2360b9f1aefb2249734691f63289a98fef64,key_excess,,,,not_applicable,"{""sampling.parse"":{""P.placed"":{""denominator"":200000,""numerator"":1800},""full.parse_failures"":{""denominator"":300000,""numerator"":3000},""full.placed"":{""denominator"":300000,""numerator"":3000}}}"
sampling.parse.middle.n300000.pqstr,run-cf7b23ab954e48919673d364777c649ccb8d366600367e244f4a1dd9c415f67a,run-6ce3cd42c5ff876f02dd13a6fe5e2360b9f1aefb2249734691f63289a98fef64,mapping_matches,,,,not_applicable,"{""sampling.parse"":{""P.placed"":{""denominator"":200000,""numerator"":1800},""full.parse_failures"":{""denominator"":300000,""numerator"":3000},""full.placed"":{""denominator"":300000,""numerator"":3000}}}"
sampling.parse.middle.n300000.pqstr,run-cf7b23ab954e48919673d364777c649ccb8d366600367e244f4a1dd9c415f67a,run-6ce3cd42c5ff876f02dd13a6fe5e2360b9f1aefb2249734691f63289a98fef64,minority_count,,,,not_applicable,"{""sampling.parse"":{""P.placed"":{""denominator"":200000,""numerator"":1800},""full.parse_failures"":{""denominator"":300000,""numerator"":3000},""full.placed"":{""denominator"":300000,""numerator"":3000}}}"
sampling.parse.middle.n300000.pqstr,run-cf7b23ab954e48919673d364777c649ccb8d366600367e244f4a1dd9c415f67a,run-6ce3cd42c5ff876f02dd13a6fe5e2360b9f1aefb2249734691f63289a98fef64,missing_count,,,,not_applicable,"{""sampling.parse"":{""P.placed"":{""denominator"":200000,""numerator"":1800},""full.parse_failures"":{""denominator"":300000,""numerator"":3000},""full.placed"":{""denominator"":300000,""numerator"":3000}}}"
sampling.parse.middle.n300000.pqstr,run-cf7b23ab954e48919673d364777c649ccb8d366600367e244f4a1dd9c415f67a,run-6ce3cd42c5ff876f02dd13a6fe5e2360b9f1aefb2249734691f63289a98fef64,nonmissing_count,300000.0,200000.0,-100000.0,,"{""sampling.parse"":{""P.placed"":{""denominator"":200000,""numerator"":1800},""full.parse_failures"":{""denominator"":300000,""numerator"":3000},""full.placed"":{""denominator"":300000,""numerator"":3000}}}"
sampling.parse.middle.n300000.pqstr,run-cf7b23ab954e48919673d364777c649ccb8d366600367e244f4a1dd9c415f67a,run-6ce3cd42c5ff876f02dd13a6fe5e2360b9f1aefb2249734691f63289a98fef64,parse_attempts,300000.0,300000.0,0.0,,"{""sampling.parse"":{""P.placed"":{""denominator"":200000,""numerator"":1800},""full.parse_failures"":{""denominator"":300000,""numerator"":3000},""full.placed"":{""denominator"":300000,""numerator"":3000}}}"
sampling.parse.middle.n300000.pqstr,run-cf7b23ab954e48919673d364777c649ccb8d366600367e244f4a1dd9c415f67a,run-6ce3cd42c5ff876f02dd13a6fe5e2360b9f1aefb2249734691f63289a98fef64,parse_failures,3000.0,3000.0,0.0,,"{""sampling.parse"":{""P.placed"":{""denominator"":200000,""numerator"":1800},""full.parse_failures"":{""denominator"":300000,""numerator"":3000},""full.placed"":{""denominator"":300000,""numerator"":3000}}}"
sampling.parse.middle.n300000.pqstr,run-cf7b23ab954e48919673d364777c649ccb8d366600367e244f4a1dd9c415f67a,run-6ce3cd42c5ff876f02dd13a6fe5e2360b9f1aefb2249734691f63289a98fef64,repeated_entity_participants,,,,not_applicable,"{""sampling.parse"":{""P.placed"":{""denominator"":200000,""numerator"":1800},""full.parse_failures"":{""denominator"":300000,""numerator"":3000},""full.placed"":{""denominator"":300000,""numerator"":3000}}}"
sampling.parse.middle.n300000.pqstr,run-cf7b23ab954e48919673d364777c649ccb8d366600367e244f4a1dd9c415f67a,run-6ce3cd42c5ff876f02dd13a6fe5e2360b9f1aefb2249734691f63289a98fef64,row_excess,,,,not_applicable,"{""sampling.parse"":{""P.placed"":{""denominator"":200000,""numerator"":1800},""full.parse_failures"":{""denominator"":300000,""numerator"":3000},""full.placed"":{""denominator"":300000,""numerator"":3000}}}"
sampling.parse.tail.n300000.pqstr,run-6c7f8a056869f353057db02162d593a236733783d4b5432a3efd75408a57f0e4,run-59a9de2f5110e1dc5b8a10577109156dd76d03f3a499609c6f8fd63efcc3519b,class_count,,,,not_applicable,"{""sampling.parse"":{""P.placed"":{""denominator"":200000,""numerator"":1800},""full.parse_failures"":{""denominator"":300000,""numerator"":3000},""full.placed"":{""denominator"":300000,""numerator"":3000}}}"
sampling.parse.tail.n300000.pqstr,run-6c7f8a056869f353057db02162d593a236733783d4b5432a3efd75408a57f0e4,run-59a9de2f5110e1dc5b8a10577109156dd76d03f3a499609c6f8fd63efcc3519b,complete_pairs,,,,not_applicable,"{""sampling.parse"":{""P.placed"":{""denominator"":200000,""numerator"":1800},""full.parse_failures"":{""denominator"":300000,""numerator"":3000},""full.placed"":{""denominator"":300000,""numerator"":3000}}}"
sampling.parse.tail.n300000.pqstr,run-6c7f8a056869f353057db02162d593a236733783d4b5432a3efd75408a57f0e4,run-59a9de2f5110e1dc5b8a10577109156dd76d03f3a499609c6f8fd63efcc3519b,distinct_count,18.0,18.0,0.0,,"{""sampling.parse"":{""P.placed"":{""denominator"":200000,""numerator"":1800},""full.parse_failures"":{""denominator"":300000,""numerator"":3000},""full.placed"":{""denominator"":300000,""numerator"":3000}}}"
sampling.parse.tail.n300000.pqstr,run-6c7f8a056869f353057db02162d593a236733783d4b5432a3efd75408a57f0e4,run-59a9de2f5110e1dc5b8a10577109156dd76d03f3a499609c6f8fd63efcc3519b,equality_matches,,,,not_applicable,"{""sampling.parse"":{""P.placed"":{""denominator"":200000,""numerator"":1800},""full.parse_failures"":{""denominator"":300000,""numerator"":3000},""full.placed"":{""denominator"":300000,""numerator"":3000}}}"
sampling.parse.tail.n300000.pqstr,run-6c7f8a056869f353057db02162d593a236733783d4b5432a3efd75408a57f0e4,run-59a9de2f5110e1dc5b8a10577109156dd76d03f3a499609c6f8fd63efcc3519b,key_excess,,,,not_applicable,"{""sampling.parse"":{""P.placed"":{""denominator"":200000,""numerator"":1800},""full.parse_failures"":{""denominator"":300000,""numerator"":3000},""full.placed"":{""denominator"":300000,""numerator"":3000}}}"
sampling.parse.tail.n300000.pqstr,run-6c7f8a056869f353057db02162d593a236733783d4b5432a3efd75408a57f0e4,run-59a9de2f5110e1dc5b8a10577109156dd76d03f3a499609c6f8fd63efcc3519b,mapping_matches,,,,not_applicable,"{""sampling.parse"":{""P.placed"":{""denominator"":200000,""numerator"":1800},""full.parse_failures"":{""denominator"":300000,""numerator"":3000},""full.placed"":{""denominator"":300000,""numerator"":3000}}}"
sampling.parse.tail.n300000.pqstr,run-6c7f8a056869f353057db02162d593a236733783d4b5432a3efd75408a57f0e4,run-59a9de2f5110e1dc5b8a10577109156dd76d03f3a499609c6f8fd63efcc3519b,minority_count,,,,not_applicable,"{""sampling.parse"":{""P.placed"":{""denominator"":200000,""numerator"":1800},""full.parse_failures"":{""denominator"":300000,""numerator"":3000},""full.placed"":{""denominator"":300000,""numerator"":3000}}}"
sampling.parse.tail.n300000.pqstr,run-6c7f8a056869f353057db02162d593a236733783d4b5432a3efd75408a57f0e4,run-59a9de2f5110e1dc5b8a10577109156dd76d03f3a499609c6f8fd63efcc3519b,missing_count,,,,not_applicable,"{""sampling.parse"":{""P.placed"":{""denominator"":200000,""numerator"":1800},""full.parse_failures"":{""denominator"":300000,""numerator"":3000},""full.placed"":{""denominator"":300000,""numerator"":3000}}}"
sampling.parse.tail.n300000.pqstr,run-6c7f8a056869f353057db02162d593a236733783d4b5432a3efd75408a57f0e4,run-59a9de2f5110e1dc5b8a10577109156dd76d03f3a499609c6f8fd63efcc3519b,nonmissing_count,300000.0,200000.0,-100000.0,,"{""sampling.parse"":{""P.placed"":{""denominator"":200000,""numerator"":1800},""full.parse_failures"":{""denominator"":300000,""numerator"":3000},""full.placed"":{""denominator"":300000,""numerator"":3000}}}"
sampling.parse.tail.n300000.pqstr,run-6c7f8a056869f353057db02162d593a236733783d4b5432a3efd75408a57f0e4,run-59a9de2f5110e1dc5b8a10577109156dd76d03f3a499609c6f8fd63efcc3519b,parse_attempts,300000.0,300000.0,0.0,,"{""sampling.parse"":{""P.placed"":{""denominator"":200000,""numerator"":1800},""full.parse_failures"":{""denominator"":300000,""numerator"":3000},""full.placed"":{""denominator"":300000,""numerator"":3000}}}"
sampling.parse.tail.n300000.pqstr,run-6c7f8a056869f353057db02162d593a236733783d4b5432a3efd75408a57f0e4,run-59a9de2f5110e1dc5b8a10577109156dd76d03f3a499609c6f8fd63efcc3519b,parse_failures,3000.0,3000.0,0.0,,"{""sampling.parse"":{""P.placed"":{""denominator"":200000,""numerator"":1800},""full.parse_failures"":{""denominator"":300000,""numerator"":3000},""full.placed"":{""denominator"":300000,""numerator"":3000}}}"
sampling.parse.tail.n300000.pqstr,run-6c7f8a056869f353057db02162d593a236733783d4b5432a3efd75408a57f0e4,run-59a9de2f5110e1dc5b8a10577109156dd76d03f3a499609c6f8fd63efcc3519b,repeated_entity_participants,,,,not_applicable,"{""sampling.parse"":{""P.placed"":{""denominator"":200000,""numerator"":1800},""full.parse_failures"":{""denominator"":300000,""numerator"":3000},""full.placed"":{""denominator"":300000,""numerator"":3000}}}"
sampling.parse.tail.n300000.pqstr,run-6c7f8a056869f353057db02162d593a236733783d4b5432a3efd75408a57f0e4,run-59a9de2f5110e1dc5b8a10577109156dd76d03f3a499609c6f8fd63efcc3519b,row_excess,,,,not_applicable,"{""sampling.parse"":{""P.placed"":{""denominator"":200000,""numerator"":1800},""full.parse_failures"":{""denominator"":300000,""numerator"":3000},""full.placed"":{""denominator"":300000,""numerator"":3000}}}"
