scenario_id,scenario_version,analysis_variant,environment_id,measured_runs,runtime_median_seconds,runtime_min_seconds,runtime_max_seconds,runtime_mad_seconds,throughput_median_rows_per_second,peak_rss_median_bytes,readiness_min,readiness_max,matched_expectations,missed_expectations,absent_violations,unexpected_findings,deterministic,determinism_case_id,runtime_values_seconds,peak_rss_values_bytes,weak_evidence
challenge.lexical_paid.n10000.csv,1.0,full_reference,354d07d7c83bd6265826bfeea5ad5a8ee1676a77d481616cf99ced47cbfd0b93,1,2.052241307,2.052241307,2.052241307,0.0,4872.721334421518,173473792.0,99,99,1,0,0,0,True,standard,[2.052241307],[173473792],False
challenge.lexical_paid.n10000.pqstr,1.0,full_reference,354d07d7c83bd6265826bfeea5ad5a8ee1676a77d481616cf99ced47cbfd0b93,1,2.074090821,2.074090821,2.074090821,0.0,4821.389641548392,163500032.0,99,99,1,0,0,0,True,standard,[2.074090821],[163500032],False
class.binary.min0.n10000.csv,1.0,full_reference,354d07d7c83bd6265826bfeea5ad5a8ee1676a77d481616cf99ced47cbfd0b93,1,2.36147608,2.36147608,2.36147608,0.0,4234.639547989832,177352704.0,100,100,0,0,0,0,True,standard,[2.36147608],[177352704],False
class.binary.min0.n10000.pqstr,1.0,full_reference,354d07d7c83bd6265826bfeea5ad5a8ee1676a77d481616cf99ced47cbfd0b93,1,2.615057038,2.615057038,2.615057038,0.0,3824.0083694878094,153522176.0,100,100,0,0,0,0,True,standard,[2.615057038],[153522176],False
class.binary.min1.n10000.csv,1.0,full_reference,354d07d7c83bd6265826bfeea5ad5a8ee1676a77d481616cf99ced47cbfd0b93,1,2.124386133,2.124386133,2.124386133,0.0,4707.242174415003,170778624.0,83,83,1,0,0,0,True,standard,[2.124386133],[170778624],False
class.binary.min1.n10000.pqstr,1.0,full_reference,354d07d7c83bd6265826bfeea5ad5a8ee1676a77d481616cf99ced47cbfd0b93,1,2.417622711,2.417622711,2.417622711,0.0,4136.294697473166,155250688.0,83,83,1,0,0,0,True,standard,[2.417622711],[155250688],False
class.binary.min100.n10000.csv,1.0,full_reference,354d07d7c83bd6265826bfeea5ad5a8ee1676a77d481616cf99ced47cbfd0b93,1,2.07272165,2.07272165,2.07272165,0.0,4824.5744912251,174960640.0,83,83,1,0,0,0,True,standard,[2.07272165],[174960640],False
class.binary.min100.n10000.pqstr,1.0,full_reference,354d07d7c83bd6265826bfeea5ad5a8ee1676a77d481616cf99ced47cbfd0b93,1,2.420999798,2.420999798,2.420999798,0.0,4130.524921258172,151498752.0,83,83,1,0,0,0,True,standard,[2.420999798],[151498752],False
class.binary.min1000.n10000.csv,1.0,full_reference,354d07d7c83bd6265826bfeea5ad5a8ee1676a77d481616cf99ced47cbfd0b93,1,2.183977957,2.183977957,2.183977957,0.0,4578.800792356165,170102784.0,100,100,0,0,0,0,True,standard,[2.183977957],[170102784],False
class.binary.min1000.n10000.pqstr,1.0,full_reference,354d07d7c83bd6265826bfeea5ad5a8ee1676a77d481616cf99ced47cbfd0b93,1,2.436792072,2.436792072,2.436792072,0.0,4103.755964616418,155377664.0,100,100,0,0,0,0,True,standard,[2.436792072],[155377664],False
class.binary.min1001.n10000.csv,1.0,full_reference,354d07d7c83bd6265826bfeea5ad5a8ee1676a77d481616cf99ced47cbfd0b93,1,2.151141898,2.151141898,2.151141898,0.0,4648.693798069475,173359104.0,100,100,0,0,0,0,True,standard,[2.151141898],[173359104],False
class.binary.min1001.n10000.pqstr,1.0,full_reference,354d07d7c83bd6265826bfeea5ad5a8ee1676a77d481616cf99ced47cbfd0b93,1,2.395264089,2.395264089,2.395264089,0.0,4174.904991029572,157511680.0,100,100,0,0,0,0,True,standard,[2.395264089],[157511680],False
class.binary.min199.n10000.csv,1.0,full_reference,354d07d7c83bd6265826bfeea5ad5a8ee1676a77d481616cf99ced47cbfd0b93,1,2.122133143,2.122133143,2.122133143,0.0,4712.239678733485,175165440.0,83,83,1,0,0,0,True,standard,[2.122133143],[175165440],False
class.binary.min199.n10000.pqstr,1.0,full_reference,354d07d7c83bd6265826bfeea5ad5a8ee1676a77d481616cf99ced47cbfd0b93,1,2.397678919,2.397678919,2.397678919,0.0,4170.7002221009225,151420928.0,83,83,1,0,0,0,True,standard,[2.397678919],[151420928],False
class.binary.min200.n10000.csv,1.0,full_reference,354d07d7c83bd6265826bfeea5ad5a8ee1676a77d481616cf99ced47cbfd0b93,1,2.208699563,2.208699563,2.208699563,0.0,4527.551038411646,175341568.0,90,90,1,0,0,0,True,standard,[2.208699563],[175341568],False
class.binary.min200.n10000.pqstr,1.0,full_reference,354d07d7c83bd6265826bfeea5ad5a8ee1676a77d481616cf99ced47cbfd0b93,1,2.453035919,2.453035919,2.453035919,0.0,4076.581155027107,155496448.0,90,90,1,0,0,0,True,standard,[2.453035919],[155496448],False
class.binary.min201.n10000.csv,1.0,full_reference,354d07d7c83bd6265826bfeea5ad5a8ee1676a77d481616cf99ced47cbfd0b93,1,2.185701621,2.185701621,2.185701621,0.0,4575.189908778495,171520000.0,90,90,1,0,0,0,True,standard,[2.185701621],[171520000],False
class.binary.min201.n10000.pqstr,1.0,full_reference,354d07d7c83bd6265826bfeea5ad5a8ee1676a77d481616cf99ced47cbfd0b93,1,2.462342282,2.462342282,2.462342282,0.0,4061.1738153144383,153112576.0,90,90,1,0,0,0,True,standard,[2.462342282],[153112576],False
class.binary.min5000.n10000.csv,1.0,full_reference,354d07d7c83bd6265826bfeea5ad5a8ee1676a77d481616cf99ced47cbfd0b93,1,2.231977725,2.231977725,2.231977725,0.0,4480.331451336505,175325184.0,100,100,0,0,0,0,True,standard,[2.231977725],[175325184],False
class.binary.min5000.n10000.pqstr,1.0,full_reference,354d07d7c83bd6265826bfeea5ad5a8ee1676a77d481616cf99ced47cbfd0b93,1,2.506220067,2.506220067,2.506220067,0.0,3990.072592456024,154861568.0,100,100,0,0,0,0,True,standard,[2.506220067],[154861568],False
class.binary.min999.n10000.csv,1.0,full_reference,354d07d7c83bd6265826bfeea5ad5a8ee1676a77d481616cf99ced47cbfd0b93,1,2.164518584,2.164518584,2.164518584,0.0,4619.964953832893,171515904.0,90,90,1,0,0,0,True,standard,[2.164518584],[171515904],False
class.binary.min999.n10000.pqstr,1.0,full_reference,354d07d7c83bd6265826bfeea5ad5a8ee1676a77d481616cf99ced47cbfd0b93,1,2.443759973,2.443759973,2.443759973,0.0,4092.0549114829123,153337856.0,90,90,1,0,0,0,True,standard,[2.443759973],[153337856],False
class.support.n100.min5.csv,1.0,full_reference,354d07d7c83bd6265826bfeea5ad5a8ee1676a77d481616cf99ced47cbfd0b93,1,0.219730605,0.219730605,0.219730605,0.0,455.10273819161426,151531520.0,92,92,1,0,0,0,True,standard,[0.219730605],[151531520],False
class.support.n100.min5.pqstr,1.0,full_reference,354d07d7c83bd6265826bfeea5ad5a8ee1676a77d481616cf99ced47cbfd0b93,1,0.25050926,0.25050926,0.25050926,0.0,399.186840438553,134762496.0,92,92,1,0,0,0,True,standard,[0.25050926],[134762496],False
class.support.n99.min5.csv,1.0,full_reference,354d07d7c83bd6265826bfeea5ad5a8ee1676a77d481616cf99ced47cbfd0b93,1,0.225563301,0.225563301,0.225563301,0.0,438.901184550407,155836416.0,100,100,0,0,0,0,True,standard,[0.225563301],[155836416],False
class.support.n99.min5.pqstr,1.0,full_reference,354d07d7c83bd6265826bfeea5ad5a8ee1676a77d481616cf99ced47cbfd0b93,1,0.224626041,0.224626041,0.224626041,0.0,440.7325150693459,140603392.0,100,100,0,0,0,0,True,standard,[0.224626041],[140603392],False
clean.analytics.n10000.csv,1.0,full_reference,354d07d7c83bd6265826bfeea5ad5a8ee1676a77d481616cf99ced47cbfd0b93,1,1.656952781,1.656952781,1.656952781,0.0,6035.174999956743,172433408.0,100,100,0,0,0,0,True,standard,[1.656952781],[172433408],False
clean.analytics.n10000.pqstr,1.0,full_reference,354d07d7c83bd6265826bfeea5ad5a8ee1676a77d481616cf99ced47cbfd0b93,1,1.824211753,1.824211753,1.824211753,0.0,5481.819741351047,158359552.0,100,100,0,0,0,0,True,standard,[1.824211753],[158359552],False
clean.classification.n10000.csv,1.0,full_reference,354d07d7c83bd6265826bfeea5ad5a8ee1676a77d481616cf99ced47cbfd0b93,2,2.1150389809999997,2.056942393,2.173135569,0.05809658799999995,4731.615293330041,174682112.0,100,100,0,0,0,0,True,decimal_high,"[2.173135569, 2.056942393]","[174321664, 175042560]",False
clean.classification.n10000.csv,1.0,full_reference,354d07d7c83bd6265826bfeea5ad5a8ee1676a77d481616cf99ced47cbfd0b93,2,2.0636459945,2.056630862,2.070661127,0.007015132500000076,4845.848360787006,173752320.0,100,100,0,0,0,0,True,decimal_low,"[2.056630862, 2.070661127]","[175775744, 171728896]",False
clean.classification.n10000.csv,1.0,full_reference,354d07d7c83bd6265826bfeea5ad5a8ee1676a77d481616cf99ced47cbfd0b93,2,2.090407873,2.083844075,2.096971671,0.006563797999999954,4783.802588791237,176355328.0,100,100,0,0,0,0,True,hash_fortytwo,"[2.096971671, 2.083844075]","[177233920, 175476736]",False
clean.classification.n10000.csv,1.0,full_reference,354d07d7c83bd6265826bfeea5ad5a8ee1676a77d481616cf99ced47cbfd0b93,2,2.115155374,2.078460678,2.15185007,0.03669469600000008,4729.208417001953,174104576.0,100,100,0,0,0,0,True,hash_one,"[2.078460678, 2.15185007]","[171790336, 176418816]",False
clean.classification.n10000.csv,1.0,full_reference,354d07d7c83bd6265826bfeea5ad5a8ee1676a77d481616cf99ced47cbfd0b93,2,2.081469703,2.064221538,2.098717868,0.017248165000000037,4804.627566205887,172697600.0,100,100,0,0,0,0,True,standard,"[2.098717868, 2.064221538]","[174862336, 170532864]",False
clean.classification.n10000.csv,1.0,full_reference,354d07d7c83bd6265826bfeea5ad5a8ee1676a77d481616cf99ced47cbfd0b93,2,2.0786779935,2.067753401,2.089602586,0.010924592499999886,4810.882804731931,173381632.0,100,100,0,0,0,0,True,timezone_berlin,"[2.067753401, 2.089602586]","[172187648, 174575616]",False
clean.classification.n10000.pqstr,1.0,full_reference,354d07d7c83bd6265826bfeea5ad5a8ee1676a77d481616cf99ced47cbfd0b93,1,2.467289423,2.467289423,2.467289423,0.0,4053.030790299789,156254208.0,100,100,0,0,0,0,True,standard,[2.467289423],[156254208],False
clean.regression.n10000.csv,1.0,full_reference,354d07d7c83bd6265826bfeea5ad5a8ee1676a77d481616cf99ced47cbfd0b93,1,2.514585957,2.514585957,2.514585957,0.0,3976.7978390885446,177278976.0,100,100,0,0,0,0,True,standard,[2.514585957],[177278976],False
clean.regression.n10000.pqstr,1.0,full_reference,354d07d7c83bd6265826bfeea5ad5a8ee1676a77d481616cf99ced47cbfd0b93,1,2.76313463,2.76313463,2.76313463,0.0,3619.078090306443,152199168.0,100,100,0,0,0,0,True,standard,[2.76313463],[152199168],False
clean.time_series.n10000.csv,1.0,full_reference,354d07d7c83bd6265826bfeea5ad5a8ee1676a77d481616cf99ced47cbfd0b93,1,2.624091392,2.624091392,2.624091392,0.0,3810.842880886978,168181760.0,100,100,0,0,0,0,True,standard,[2.624091392],[168181760],False
clean.time_series.n10000.pqstr,1.0,full_reference,354d07d7c83bd6265826bfeea5ad5a8ee1676a77d481616cf99ced47cbfd0b93,2,2.8263009070000003,2.805140297,2.847461517,0.021160610000000135,3538.3920244954775,160368640.0,100,100,0,0,0,0,True,decimal_high,"[2.847461517, 2.805140297]","[159465472, 161271808]",False
clean.time_series.n10000.pqstr,1.0,full_reference,354d07d7c83bd6265826bfeea5ad5a8ee1676a77d481616cf99ced47cbfd0b93,2,2.7991011565,2.791429673,2.80677264,0.00767148350000002,3572.6022589258164,161953792.0,100,100,0,0,0,0,True,decimal_low,"[2.791429673, 2.80677264]","[161787904, 162119680]",False
clean.time_series.n10000.pqstr,1.0,full_reference,354d07d7c83bd6265826bfeea5ad5a8ee1676a77d481616cf99ced47cbfd0b93,2,2.7722344655,2.743684268,2.800784663,0.028550197499999985,3607.58112393149,159037440.0,100,100,0,0,0,0,True,hash_fortytwo,"[2.800784663, 2.743684268]","[157929472, 160145408]",False
clean.time_series.n10000.pqstr,1.0,full_reference,354d07d7c83bd6265826bfeea5ad5a8ee1676a77d481616cf99ced47cbfd0b93,2,2.7650771635,2.759964682,2.770189645,0.005112481499999877,3616.547964077081,160729088.0,100,100,0,0,0,0,True,hash_one,"[2.770189645, 2.759964682]","[161345536, 160112640]",False
clean.time_series.n10000.pqstr,1.0,full_reference,354d07d7c83bd6265826bfeea5ad5a8ee1676a77d481616cf99ced47cbfd0b93,2,2.766481656,2.763019224,2.769944088,0.0034624319999998487,3614.705213204393,160798720.0,100,100,0,0,0,0,True,standard,"[2.769944088, 2.763019224]","[159727616, 161869824]",False
clean.time_series.n10000.pqstr,1.0,full_reference,354d07d7c83bd6265826bfeea5ad5a8ee1676a77d481616cf99ced47cbfd0b93,2,2.747260174,2.700877752,2.793642596,0.0463824220000002,3641.0280019839265,160501760.0,100,100,0,0,0,0,True,timezone_berlin,"[2.700877752, 2.793642596]","[158896128, 162107392]",False
composite.duplicates_group_group.n10000.csv,1.0,full_reference,354d07d7c83bd6265826bfeea5ad5a8ee1676a77d481616cf99ced47cbfd0b93,1,3.030789753,3.030789753,3.030789753,0.0,3299.4700441037157,175542272.0,55,55,2,0,1,1,True,standard,[3.030789753],[175542272],False
composite.duplicates_group_group.n10000.pqstr,1.0,full_reference,354d07d7c83bd6265826bfeea5ad5a8ee1676a77d481616cf99ced47cbfd0b93,1,3.369629175,3.369629175,3.369629175,0.0,2967.6856059391166,164667392.0,55,55,2,0,1,1,True,standard,[3.369629175],[164667392],False
composite.duplicates_group_random.n10000.csv,1.0,full_reference,354d07d7c83bd6265826bfeea5ad5a8ee1676a77d481616cf99ced47cbfd0b93,1,3.067846338,3.067846338,3.067846338,0.0,3259.6156711418707,183140352.0,36,36,3,0,1,1,True,standard,[3.067846338],[183140352],False
composite.duplicates_group_random.n10000.pqstr,1.0,full_reference,354d07d7c83bd6265826bfeea5ad5a8ee1676a77d481616cf99ced47cbfd0b93,1,3.355309639,3.355309639,3.355309639,0.0,2980.350869489455,167268352.0,36,36,3,0,1,1,True,standard,[3.355309639],[167268352],False
composite.inference_missing.n10000.csv,1.0,full_reference,354d07d7c83bd6265826bfeea5ad5a8ee1676a77d481616cf99ced47cbfd0b93,1,1.638097717,1.638097717,1.638097717,0.0,6104.641924728353,170835968.0,54,54,2,0,0,0,True,standard,[1.638097717],[170835968],False
composite.inference_missing.n10000.pqstr,1.0,full_reference,354d07d7c83bd6265826bfeea5ad5a8ee1676a77d481616cf99ced47cbfd0b93,1,1.88558389,1.88558389,1.88558389,0.0,5303.3970289171275,152203264.0,54,54,2,0,0,0,True,standard,[1.88558389],[152203264],False
composite.leak_inference.n10000.csv,1.0,full_reference,354d07d7c83bd6265826bfeea5ad5a8ee1676a77d481616cf99ced47cbfd0b93,1,2.870360803,2.870360803,2.870360803,0.0,3483.882580039538,176726016.0,24,24,2,0,0,0,True,standard,[2.870360803],[176726016],False
composite.leak_inference.n10000.pqstr,1.0,full_reference,354d07d7c83bd6265826bfeea5ad5a8ee1676a77d481616cf99ced47cbfd0b93,1,3.163429419,3.163429419,3.163429419,0.0,3161.126320675467,154554368.0,24,24,2,0,0,0,True,standard,[3.163429419],[154554368],False
composite.leak_missing.n10000.csv,1.0,full_reference,354d07d7c83bd6265826bfeea5ad5a8ee1676a77d481616cf99ced47cbfd0b93,1,2.797462668,2.797462668,2.797462668,0.0,3574.66789973263,178663424.0,50,50,2,0,0,0,True,standard,[2.797462668],[178663424],False
composite.leak_missing.n10000.pqstr,1.0,full_reference,354d07d7c83bd6265826bfeea5ad5a8ee1676a77d481616cf99ced47cbfd0b93,1,3.076398937,3.076398937,3.076398937,0.0,3250.5537171169553,153632768.0,50,50,2,0,0,0,True,standard,[3.076398937],[153632768],False
composite.missing_parse.n10000.csv,1.0,full_reference,354d07d7c83bd6265826bfeea5ad5a8ee1676a77d481616cf99ced47cbfd0b93,1,1.582728343,1.582728343,1.582728343,0.0,6318.203653979804,175333376.0,83,83,2,0,0,0,True,standard,[1.582728343],[175333376],False
composite.missing_parse.n10000.pqstr,1.0,full_reference,354d07d7c83bd6265826bfeea5ad5a8ee1676a77d481616cf99ced47cbfd0b93,1,1.796175097,1.796175097,1.796175097,0.0,5567.385950680508,155500544.0,83,83,2,0,0,0,True,standard,[1.796175097],[155500544],False
composite.multicategory.n10000.csv,1.0,full_reference,354d07d7c83bd6265826bfeea5ad5a8ee1676a77d481616cf99ced47cbfd0b93,1,3.074699686,3.074699686,3.074699686,0.0,3252.3501548892405,176459776.0,54,54,3,0,0,1,True,standard,[3.074699686],[176459776],False
composite.multicategory.n10000.pqstr,1.0,full_reference,354d07d7c83bd6265826bfeea5ad5a8ee1676a77d481616cf99ced47cbfd0b93,1,3.307114863,3.307114863,3.307114863,0.0,3023.7836949299817,165965824.0,54,54,3,0,0,1,True,standard,[3.307114863],[165965824],False
composite.quality_accumulation_k1.n10000.csv,1.0,full_reference,354d07d7c83bd6265826bfeea5ad5a8ee1676a77d481616cf99ced47cbfd0b93,1,2.398569349,2.398569349,2.398569349,0.0,4169.151917233142,180269056.0,83,83,1,0,0,0,True,standard,[2.398569349],[180269056],False
composite.quality_accumulation_k1.n10000.pqstr,1.0,full_reference,354d07d7c83bd6265826bfeea5ad5a8ee1676a77d481616cf99ced47cbfd0b93,1,2.601218054,2.601218054,2.601218054,0.0,3844.352834866185,170840064.0,83,83,1,0,0,0,True,standard,[2.601218054],[170840064],False
composite.quality_accumulation_k2.n10000.csv,1.0,full_reference,354d07d7c83bd6265826bfeea5ad5a8ee1676a77d481616cf99ced47cbfd0b93,1,2.327540475,2.327540475,2.327540475,0.0,4296.380710629747,178229248.0,65,65,2,0,0,0,True,standard,[2.327540475],[178229248],False
composite.quality_accumulation_k2.n10000.pqstr,1.0,full_reference,354d07d7c83bd6265826bfeea5ad5a8ee1676a77d481616cf99ced47cbfd0b93,1,2.605168166,2.605168166,2.605168166,0.0,3838.523796854963,171147264.0,65,65,2,0,0,0,True,standard,[2.605168166],[171147264],False
composite.quality_accumulation_k3.n10000.csv,1.0,full_reference,354d07d7c83bd6265826bfeea5ad5a8ee1676a77d481616cf99ced47cbfd0b93,1,2.314293962,2.314293962,2.314293962,0.0,4320.972255122705,186044416.0,60,60,3,0,0,0,True,standard,[2.314293962],[186044416],False
composite.quality_accumulation_k3.n10000.pqstr,1.0,full_reference,354d07d7c83bd6265826bfeea5ad5a8ee1676a77d481616cf99ced47cbfd0b93,1,2.428933737,2.428933737,2.428933737,0.0,4117.032855886427,167706624.0,60,60,3,0,0,0,True,standard,[2.428933737],[167706624],False
composite.timestamp_null_random.n10000.csv,1.0,full_reference,354d07d7c83bd6265826bfeea5ad5a8ee1676a77d481616cf99ced47cbfd0b93,1,2.646784264,2.646784264,2.646784264,0.0,3778.1696589382477,178999296.0,50,50,2,0,0,0,True,standard,[2.646784264],[178999296],False
composite.timestamp_null_random.n10000.pqstr,1.0,full_reference,354d07d7c83bd6265826bfeea5ad5a8ee1676a77d481616cf99ced47cbfd0b93,1,2.858106975,2.858106975,2.858106975,0.0,3498.819354023654,164151296.0,50,50,2,0,0,0,True,standard,[2.858106975],[164151296],False
composite.timestamp_random.n10000.csv,1.0,full_reference,354d07d7c83bd6265826bfeea5ad5a8ee1676a77d481616cf99ced47cbfd0b93,2,2.4503794255,2.374542237,2.526216614,0.07583718849999999,4084.913375196163,176779264.0,50,50,0,0,0,0,True,decimal_high,"[2.374542237, 2.526216614]","[180047872, 173510656]",False
composite.timestamp_random.n10000.csv,1.0,full_reference,354d07d7c83bd6265826bfeea5ad5a8ee1676a77d481616cf99ced47cbfd0b93,2,2.45338916,2.365500322,2.541277998,0.08788883800000002,4081.2317269585856,174311424.0,50,50,0,0,0,0,True,decimal_low,"[2.541277998, 2.365500322]","[174575616, 174047232]",False
composite.timestamp_random.n10000.csv,1.0,full_reference,354d07d7c83bd6265826bfeea5ad5a8ee1676a77d481616cf99ced47cbfd0b93,2,2.523895561,2.522568251,2.525222871,0.0013273099999999705,3962.130176939221,178755584.0,50,50,0,0,0,0,True,hash_fortytwo,"[2.522568251, 2.525222871]","[178384896, 179126272]",False
composite.timestamp_random.n10000.csv,1.0,full_reference,354d07d7c83bd6265826bfeea5ad5a8ee1676a77d481616cf99ced47cbfd0b93,2,2.4650230335,2.46145087,2.468595197,0.003572163499999892,4056.765743853138,173144064.0,50,50,0,0,0,0,True,hash_one,"[2.46145087, 2.468595197]","[174583808, 171704320]",False
composite.timestamp_random.n10000.csv,1.0,full_reference,354d07d7c83bd6265826bfeea5ad5a8ee1676a77d481616cf99ced47cbfd0b93,2,2.5390633275,2.534177674,2.543948981,0.004885653500000142,3938.4748371973246,176209920.0,50,50,3,0,0,0,True,standard,"[2.543948981, 2.534177674]","[176644096, 175775744]",False
composite.timestamp_random.n10000.csv,1.0,full_reference,354d07d7c83bd6265826bfeea5ad5a8ee1676a77d481616cf99ced47cbfd0b93,2,2.5198497095,2.509187942,2.530511477,0.01066176750000003,3968.561691846158,178171904.0,50,50,0,0,0,0,True,timezone_berlin,"[2.530511477, 2.509187942]","[179920896, 176422912]",False
composite.timestamp_random.n10000.pqstr,1.0,full_reference,354d07d7c83bd6265826bfeea5ad5a8ee1676a77d481616cf99ced47cbfd0b93,1,2.918864256,2.918864256,2.918864256,0.0,3425.99008482291,161460224.0,50,50,3,0,0,0,True,standard,[2.918864256],[161460224],False
duplicate.keys.e0.n10000.csv,1.0,full_reference,354d07d7c83bd6265826bfeea5ad5a8ee1676a77d481616cf99ced47cbfd0b93,1,2.166982341,2.166982341,2.166982341,0.0,4614.712270975539,183050240.0,90,90,0,0,1,1,True,standard,[2.166982341],[183050240],False
duplicate.keys.e0.n10000.pqstr,1.0,full_reference,354d07d7c83bd6265826bfeea5ad5a8ee1676a77d481616cf99ced47cbfd0b93,1,2.455428426,2.455428426,2.455428426,0.0,4072.609038044915,161603584.0,90,90,0,0,1,1,True,standard,[2.455428426],[161603584],False
duplicate.keys.e10.n10000.csv,1.0,full_reference,354d07d7c83bd6265826bfeea5ad5a8ee1676a77d481616cf99ced47cbfd0b93,1,2.227083982,2.227083982,2.227083982,0.0,4490.176428380419,175734784.0,80,80,1,0,1,1,True,standard,[2.227083982],[175734784],False
duplicate.keys.e10.n10000.pqstr,1.0,full_reference,354d07d7c83bd6265826bfeea5ad5a8ee1676a77d481616cf99ced47cbfd0b93,1,2.46637462,2.46637462,2.46637462,0.0,4054.534099933286,161873920.0,80,80,1,0,1,1,True,standard,[2.46637462],[161873920],False
duplicate.keys.e100.n10000.csv,1.0,full_reference,354d07d7c83bd6265826bfeea5ad5a8ee1676a77d481616cf99ced47cbfd0b93,1,2.190042486,2.190042486,2.190042486,0.0,4566.12146290572,181829632.0,73,73,1,0,1,1,True,standard,[2.190042486],[181829632],False
duplicate.keys.e100.n10000.pqstr,1.0,full_reference,354d07d7c83bd6265826bfeea5ad5a8ee1676a77d481616cf99ced47cbfd0b93,2,2.302494836,2.29170894,2.313280732,0.010785896000000017,4343.210368215666,165347328.0,73,73,0,0,0,0,True,decimal_high,"[2.313280732, 2.29170894]","[163991552, 166703104]",False
duplicate.keys.e100.n10000.pqstr,1.0,full_reference,354d07d7c83bd6265826bfeea5ad5a8ee1676a77d481616cf99ced47cbfd0b93,2,2.2557002895,2.165287865,2.346112714,0.0904124245000002,4440.3466933383115,162199552.0,73,73,0,0,0,0,True,decimal_low,"[2.165287865, 2.346112714]","[162226176, 162172928]",False
duplicate.keys.e100.n10000.pqstr,1.0,full_reference,354d07d7c83bd6265826bfeea5ad5a8ee1676a77d481616cf99ced47cbfd0b93,2,2.392267828,2.376600517,2.407935139,0.015667311000000073,4180.313263618232,164323328.0,73,73,0,0,0,0,True,hash_fortytwo,"[2.376600517, 2.407935139]","[164286464, 164360192]",False
duplicate.keys.e100.n10000.pqstr,1.0,full_reference,354d07d7c83bd6265826bfeea5ad5a8ee1676a77d481616cf99ced47cbfd0b93,2,2.38382309,2.373238352,2.394407828,0.010584737999999927,4195.024875305651,160905216.0,73,73,0,0,0,0,True,hash_one,"[2.394407828, 2.373238352]","[158949376, 162861056]",False
duplicate.keys.e100.n10000.pqstr,1.0,full_reference,354d07d7c83bd6265826bfeea5ad5a8ee1676a77d481616cf99ced47cbfd0b93,2,2.320015238,2.297111079,2.342919397,0.02290415900000009,4310.736661322171,162306048.0,73,73,1,0,1,1,True,standard,"[2.342919397, 2.297111079]","[160403456, 164208640]",False
duplicate.keys.e100.n10000.pqstr,1.0,full_reference,354d07d7c83bd6265826bfeea5ad5a8ee1676a77d481616cf99ced47cbfd0b93,2,2.2690457415,2.149788185,2.388303298,0.11925755650000003,4419.346977599746,162844672.0,73,73,0,0,0,0,True,timezone_berlin,"[2.388303298, 2.149788185]","[160632832, 165056512]",False
duplicate.keys.e101.n10000.csv,1.0,full_reference,354d07d7c83bd6265826bfeea5ad5a8ee1676a77d481616cf99ced47cbfd0b93,1,2.382664899,2.382664899,2.382664899,0.0,4196.981289394485,181317632.0,73,73,1,0,1,1,True,standard,[2.382664899],[181317632],False
duplicate.keys.e101.n10000.pqstr,1.0,full_reference,354d07d7c83bd6265826bfeea5ad5a8ee1676a77d481616cf99ced47cbfd0b93,1,2.657066145,2.657066145,2.657066145,0.0,3763.5495144965616,164638720.0,73,73,1,0,1,1,True,standard,[2.657066145],[164638720],False
duplicate.keys.e11.n10000.csv,1.0,full_reference,354d07d7c83bd6265826bfeea5ad5a8ee1676a77d481616cf99ced47cbfd0b93,1,2.309960634,2.309960634,2.309960634,0.0,4329.078103241824,174690304.0,80,80,1,0,1,1,True,standard,[2.309960634],[174690304],False
duplicate.keys.e11.n10000.pqstr,1.0,full_reference,354d07d7c83bd6265826bfeea5ad5a8ee1676a77d481616cf99ced47cbfd0b93,1,2.50185977,2.50185977,2.50185977,0.0,3997.026579950962,162291712.0,80,80,1,0,1,1,True,standard,[2.50185977],[162291712],False
duplicate.keys.e9.n10000.csv,1.0,full_reference,354d07d7c83bd6265826bfeea5ad5a8ee1676a77d481616cf99ced47cbfd0b93,1,2.257211514,2.257211514,2.257211514,0.0,4430.244989437883,179462144.0,90,90,0,0,1,1,True,standard,[2.257211514],[179462144],False
duplicate.keys.e9.n10000.pqstr,1.0,full_reference,354d07d7c83bd6265826bfeea5ad5a8ee1676a77d481616cf99ced47cbfd0b93,1,2.442426142,2.442426142,2.442426142,0.0,4094.28961966949,162123776.0,90,90,0,0,1,1,True,standard,[2.442426142],[162123776],False
duplicate.keys.e99.n10000.csv,1.0,full_reference,354d07d7c83bd6265826bfeea5ad5a8ee1676a77d481616cf99ced47cbfd0b93,1,2.209089606,2.209089606,2.209089606,0.0,4526.751641418025,183631872.0,80,80,1,0,1,1,True,standard,[2.209089606],[183631872],False
duplicate.keys.e99.n10000.pqstr,1.0,full_reference,354d07d7c83bd6265826bfeea5ad5a8ee1676a77d481616cf99ced47cbfd0b93,1,2.452887844,2.452887844,2.452887844,0.0,4076.8272485270627,164069376.0,80,80,1,0,1,1,True,standard,[2.452887844],[164069376],False
duplicate.rows.e0.n10000.csv,1.0,full_reference,354d07d7c83bd6265826bfeea5ad5a8ee1676a77d481616cf99ced47cbfd0b93,1,1.708943739,1.708943739,1.708943739,0.0,5851.567709216436,175079424.0,100,100,0,0,0,0,True,standard,[1.708943739],[175079424],False
duplicate.rows.e0.n10000.pqstr,1.0,full_reference,354d07d7c83bd6265826bfeea5ad5a8ee1676a77d481616cf99ced47cbfd0b93,1,1.84460125,1.84460125,1.84460125,0.0,5421.225861144787,157270016.0,100,100,0,0,0,0,True,standard,[1.84460125],[157270016],False
duplicate.rows.e10.n10000.csv,1.0,full_reference,354d07d7c83bd6265826bfeea5ad5a8ee1676a77d481616cf99ced47cbfd0b93,1,1.709449701,1.709449701,1.709449701,0.0,5849.835765363651,170639360.0,96,96,1,0,0,0,True,standard,[1.709449701],[170639360],False
duplicate.rows.e10.n10000.pqstr,1.0,full_reference,354d07d7c83bd6265826bfeea5ad5a8ee1676a77d481616cf99ced47cbfd0b93,1,1.876558802,1.876558802,1.876558802,0.0,5328.903090775623,159404032.0,96,96,1,0,0,0,True,standard,[1.876558802],[159404032],False
duplicate.rows.e100.n10000.csv,1.0,full_reference,354d07d7c83bd6265826bfeea5ad5a8ee1676a77d481616cf99ced47cbfd0b93,1,1.697639844,1.697639844,1.697639844,0.0,5890.530924649999,167616512.0,90,90,1,0,0,0,True,standard,[1.697639844],[167616512],False
duplicate.rows.e100.n10000.pqstr,1.0,full_reference,354d07d7c83bd6265826bfeea5ad5a8ee1676a77d481616cf99ced47cbfd0b93,1,1.851896528,1.851896528,1.851896528,0.0,5399.86972749484,159920128.0,90,90,1,0,0,0,True,standard,[1.851896528],[159920128],False
duplicate.rows.e1000.n10000.csv,1.0,full_reference,354d07d7c83bd6265826bfeea5ad5a8ee1676a77d481616cf99ced47cbfd0b93,1,1.654495911,1.654495911,1.654495911,0.0,6044.137028997468,171491328.0,83,83,1,0,0,0,True,standard,[1.654495911],[171491328],False
duplicate.rows.e1000.n10000.pqstr,1.0,full_reference,354d07d7c83bd6265826bfeea5ad5a8ee1676a77d481616cf99ced47cbfd0b93,1,1.793334364,1.793334364,1.793334364,0.0,5576.204973675506,157560832.0,83,83,1,0,0,0,True,standard,[1.793334364],[157560832],False
duplicate.rows.e101.n10000.csv,1.0,full_reference,354d07d7c83bd6265826bfeea5ad5a8ee1676a77d481616cf99ced47cbfd0b93,1,1.660838471,1.660838471,1.660838471,0.0,6021.055132459056,166825984.0,90,90,1,0,0,0,True,standard,[1.660838471],[166825984],False
duplicate.rows.e101.n10000.pqstr,1.0,full_reference,354d07d7c83bd6265826bfeea5ad5a8ee1676a77d481616cf99ced47cbfd0b93,1,1.81860344,1.81860344,1.81860344,0.0,5498.724889687881,159416320.0,90,90,1,0,0,0,True,standard,[1.81860344],[159416320],False
duplicate.rows.e11.n10000.csv,1.0,full_reference,354d07d7c83bd6265826bfeea5ad5a8ee1676a77d481616cf99ced47cbfd0b93,1,1.650434406,1.650434406,1.650434406,0.0,6059.010866257959,174944256.0,96,96,1,0,0,0,True,standard,[1.650434406],[174944256],False
duplicate.rows.e11.n10000.pqstr,1.0,full_reference,354d07d7c83bd6265826bfeea5ad5a8ee1676a77d481616cf99ced47cbfd0b93,1,1.817043564,1.817043564,1.817043564,0.0,5503.445375842403,159899648.0,96,96,1,0,0,0,True,standard,[1.817043564],[159899648],False
duplicate.rows.e499.n10000.csv,1.0,full_reference,354d07d7c83bd6265826bfeea5ad5a8ee1676a77d481616cf99ced47cbfd0b93,1,1.61582049,1.61582049,1.61582049,0.0,6188.8062825592715,178880512.0,90,90,1,0,0,0,True,standard,[1.61582049],[178880512],False
duplicate.rows.e499.n10000.pqstr,1.0,full_reference,354d07d7c83bd6265826bfeea5ad5a8ee1676a77d481616cf99ced47cbfd0b93,1,1.837414358,1.837414358,1.837414358,0.0,5442.430530958113,159768576.0,90,90,1,0,0,0,True,standard,[1.837414358],[159768576],False
duplicate.rows.e500.n10000.csv,1.0,full_reference,354d07d7c83bd6265826bfeea5ad5a8ee1676a77d481616cf99ced47cbfd0b93,2,1.6083360395,1.570798926,1.645873153,0.0375371135,6220.994778626751,175073280.0,83,83,0,0,0,0,True,decimal_high,"[1.570798926, 1.645873153]","[177262592, 172883968]",False
duplicate.rows.e500.n10000.csv,1.0,full_reference,354d07d7c83bd6265826bfeea5ad5a8ee1676a77d481616cf99ced47cbfd0b93,2,1.5111356150000002,1.480404751,1.541866479,0.030730864000000024,6620.277658141529,176347136.0,83,83,0,0,0,0,True,decimal_low,"[1.480404751, 1.541866479]","[174493696, 178200576]",False
duplicate.rows.e500.n10000.csv,1.0,full_reference,354d07d7c83bd6265826bfeea5ad5a8ee1676a77d481616cf99ced47cbfd0b93,2,1.6286995775,1.625829627,1.631569528,0.0028699504999999403,6139.886808235564,173492224.0,83,83,0,0,0,0,True,hash_fortytwo,"[1.631569528, 1.625829627]","[174153728, 172830720]",False
duplicate.rows.e500.n10000.csv,1.0,full_reference,354d07d7c83bd6265826bfeea5ad5a8ee1676a77d481616cf99ced47cbfd0b93,2,1.589950495,1.571342492,1.608558498,0.018608002999999984,6290.365606207674,167282688.0,83,83,0,0,0,0,True,hash_one,"[1.571342492, 1.608558498]","[169082880, 165482496]",False
duplicate.rows.e500.n10000.csv,1.0,full_reference,354d07d7c83bd6265826bfeea5ad5a8ee1676a77d481616cf99ced47cbfd0b93,2,1.5946328585,1.591553017,1.5977127,0.003079841499999958,6271.059353323761,174153728.0,83,83,1,0,0,0,True,standard,"[1.5977127, 1.591553017]","[171241472, 177065984]",False
duplicate.rows.e500.n10000.csv,1.0,full_reference,354d07d7c83bd6265826bfeea5ad5a8ee1676a77d481616cf99ced47cbfd0b93,2,1.507432374,1.503193012,1.511671736,0.004239361999999969,6633.84922852209,175130624.0,83,83,0,0,0,0,True,timezone_berlin,"[1.511671736, 1.503193012]","[172609536, 177651712]",False
duplicate.rows.e500.n10000.pqstr,1.0,full_reference,354d07d7c83bd6265826bfeea5ad5a8ee1676a77d481616cf99ced47cbfd0b93,1,1.837158936,1.837158936,1.837158936,0.0,5443.187197386824,162304000.0,83,83,1,0,0,0,True,standard,[1.837158936],[162304000],False
duplicate.rows.e501.n10000.csv,1.0,full_reference,354d07d7c83bd6265826bfeea5ad5a8ee1676a77d481616cf99ced47cbfd0b93,1,1.647772681,1.647772681,1.647772681,0.0,6068.798272545217,175128576.0,83,83,1,0,0,0,True,standard,[1.647772681],[175128576],False
duplicate.rows.e501.n10000.pqstr,1.0,full_reference,354d07d7c83bd6265826bfeea5ad5a8ee1676a77d481616cf99ced47cbfd0b93,1,1.829340856,1.829340856,1.829340856,0.0,5466.4498238266,157937664.0,83,83,1,0,0,0,True,standard,[1.829340856],[157937664],False
duplicate.rows.e9.n10000.csv,1.0,full_reference,354d07d7c83bd6265826bfeea5ad5a8ee1676a77d481616cf99ced47cbfd0b93,1,1.63537787,1.63537787,1.63537787,0.0,6114.7947415969375,172953600.0,100,100,0,0,0,0,True,standard,[1.63537787],[172953600],False
duplicate.rows.e9.n10000.pqstr,1.0,full_reference,354d07d7c83bd6265826bfeea5ad5a8ee1676a77d481616cf99ced47cbfd0b93,1,1.832715383,1.832715383,1.832715383,0.0,5456.384604373673,158961664.0,100,100,0,0,0,0,True,standard,[1.832715383],[158961664],False
duplicate.rows.e99.n10000.csv,1.0,full_reference,354d07d7c83bd6265826bfeea5ad5a8ee1676a77d481616cf99ced47cbfd0b93,1,1.644890367,1.644890367,1.644890367,0.0,6079.432526702857,172961792.0,96,96,1,0,0,0,True,standard,[1.644890367],[172961792],False
duplicate.rows.e99.n10000.pqstr,1.0,full_reference,354d07d7c83bd6265826bfeea5ad5a8ee1676a77d481616cf99ced47cbfd0b93,1,1.865759489,1.865759489,1.865759489,0.0,5359.747630365663,160145408.0,96,96,1,0,0,0,True,standard,[1.865759489],[160145408],False
group.group.r0.n10000.csv,1.0,full_reference,354d07d7c83bd6265826bfeea5ad5a8ee1676a77d481616cf99ced47cbfd0b93,1,3.045330468,3.045330468,3.045330468,0.0,3283.715874214279,176865280.0,90,90,0,0,1,1,True,standard,[3.045330468],[176865280],False
group.group.r0.n10000.pqstr,1.0,full_reference,354d07d7c83bd6265826bfeea5ad5a8ee1676a77d481616cf99ced47cbfd0b93,1,3.297489045,3.297489045,3.297489045,0.0,3032.6105298706157,162779136.0,90,90,0,0,1,1,True,standard,[3.297489045],[162779136],False
group.group.r1999.n10000.csv,1.0,full_reference,354d07d7c83bd6265826bfeea5ad5a8ee1676a77d481616cf99ced47cbfd0b93,1,3.058761165,3.058761165,3.058761165,0.0,3269.297424861218,180277248.0,90,90,0,0,1,1,True,standard,[3.058761165],[180277248],False
group.group.r1999.n10000.pqstr,1.0,full_reference,354d07d7c83bd6265826bfeea5ad5a8ee1676a77d481616cf99ced47cbfd0b93,1,3.310384878,3.310384878,3.310384878,0.0,3020.796786034618,164786176.0,90,90,0,0,1,1,True,standard,[3.310384878],[164786176],False
group.group.r2000.n10000.csv,1.0,full_reference,354d07d7c83bd6265826bfeea5ad5a8ee1676a77d481616cf99ced47cbfd0b93,1,2.984118686,2.984118686,2.984118686,0.0,3351.073148301716,177696768.0,90,90,0,0,1,1,True,standard,[2.984118686],[177696768],False
group.group.r2000.n10000.pqstr,1.0,full_reference,354d07d7c83bd6265826bfeea5ad5a8ee1676a77d481616cf99ced47cbfd0b93,1,3.298284842,3.298284842,3.298284842,0.0,3031.87883370808,166907904.0,90,90,0,0,1,1,True,standard,[3.298284842],[166907904],False
group.group.r2001.n10000.csv,1.0,full_reference,354d07d7c83bd6265826bfeea5ad5a8ee1676a77d481616cf99ced47cbfd0b93,1,3.063501092,3.063501092,3.063501092,0.0,3264.2390845278014,180883456.0,90,90,0,0,1,1,True,standard,[3.063501092],[180883456],False
group.group.r2001.n10000.pqstr,1.0,full_reference,354d07d7c83bd6265826bfeea5ad5a8ee1676a77d481616cf99ced47cbfd0b93,1,3.311796985,3.311796985,3.311796985,0.0,3019.5087577205463,167030784.0,90,90,0,0,1,1,True,standard,[3.311796985],[167030784],False
group.group.r499.n10000.csv,1.0,full_reference,354d07d7c83bd6265826bfeea5ad5a8ee1676a77d481616cf99ced47cbfd0b93,1,3.039455061,3.039455061,3.039455061,0.0,3290.063448646593,175173632.0,90,90,0,0,1,1,True,standard,[3.039455061],[175173632],False
group.group.r499.n10000.pqstr,1.0,full_reference,354d07d7c83bd6265826bfeea5ad5a8ee1676a77d481616cf99ced47cbfd0b93,1,3.349774573,3.349774573,3.349774573,0.0,2985.2755109560026,164843520.0,90,90,0,0,1,1,True,standard,[3.349774573],[164843520],False
group.group.r500.n10000.csv,1.0,full_reference,354d07d7c83bd6265826bfeea5ad5a8ee1676a77d481616cf99ced47cbfd0b93,1,3.051256608,3.051256608,3.051256608,0.0,3277.338252633782,177926144.0,90,90,0,0,1,1,True,standard,[3.051256608],[177926144],False
group.group.r500.n10000.pqstr,1.0,full_reference,354d07d7c83bd6265826bfeea5ad5a8ee1676a77d481616cf99ced47cbfd0b93,1,3.346058989,3.346058989,3.346058989,0.0,2988.5904680325407,164212736.0,90,90,0,0,1,1,True,standard,[3.346058989],[164212736],False
group.group.r501.n10000.csv,1.0,full_reference,354d07d7c83bd6265826bfeea5ad5a8ee1676a77d481616cf99ced47cbfd0b93,1,3.077324574,3.077324574,3.077324574,0.0,3249.5759740421845,177958912.0,90,90,0,0,1,1,True,standard,[3.077324574],[177958912],False
group.group.r501.n10000.pqstr,1.0,full_reference,354d07d7c83bd6265826bfeea5ad5a8ee1676a77d481616cf99ced47cbfd0b93,1,3.307473077,3.307473077,3.307473077,0.0,3023.4562057479748,161497088.0,90,90,0,0,1,1,True,standard,[3.307473077],[161497088],False
group.random.r0.n10000.csv,1.0,full_reference,354d07d7c83bd6265826bfeea5ad5a8ee1676a77d481616cf99ced47cbfd0b93,1,3.038983866,3.038983866,3.038983866,0.0,3290.573573581453,181559296.0,90,90,0,0,1,1,True,standard,[3.038983866],[181559296],False
group.random.r0.n10000.pqstr,1.0,full_reference,354d07d7c83bd6265826bfeea5ad5a8ee1676a77d481616cf99ced47cbfd0b93,1,3.338760757,3.338760757,3.338760757,0.0,2995.123259141625,160309248.0,90,90,0,0,1,1,True,standard,[3.338760757],[160309248],False
group.random.r1999.n10000.csv,1.0,full_reference,354d07d7c83bd6265826bfeea5ad5a8ee1676a77d481616cf99ced47cbfd0b93,1,3.047178435,3.047178435,3.047178435,0.0,3281.72445864661,181379072.0,79,79,1,0,1,1,True,standard,[3.047178435],[181379072],False
group.random.r1999.n10000.pqstr,1.0,full_reference,354d07d7c83bd6265826bfeea5ad5a8ee1676a77d481616cf99ced47cbfd0b93,1,3.362398186,3.362398186,3.362398186,0.0,2974.0677477274844,166526976.0,79,79,1,0,1,1,True,standard,[3.362398186],[166526976],False
group.random.r2000.n10000.csv,1.0,full_reference,354d07d7c83bd6265826bfeea5ad5a8ee1676a77d481616cf99ced47cbfd0b93,2,3.0151775965,2.893605621,3.136749572,0.12157197549999998,3321.9547371667677,182933504.0,71,71,0,0,0,0,True,decimal_high,"[2.893605621, 3.136749572]","[182022144, 183844864]",False
group.random.r2000.n10000.csv,1.0,full_reference,354d07d7c83bd6265826bfeea5ad5a8ee1676a77d481616cf99ced47cbfd0b93,2,2.9037770905,2.889550241,2.91800394,0.014226849500000194,3443.8731824553633,177506304.0,71,71,0,0,0,0,True,decimal_low,"[2.91800394, 2.889550241]","[179838976, 175173632]",False
group.random.r2000.n10000.csv,1.0,full_reference,354d07d7c83bd6265826bfeea5ad5a8ee1676a77d481616cf99ced47cbfd0b93,2,2.9295732825,2.917001087,2.942145478,0.012572195499999994,3413.5292777455916,181403648.0,71,71,0,0,0,0,True,hash_fortytwo,"[2.942145478, 2.917001087]","[183685120, 179122176]",False
group.random.r2000.n10000.csv,1.0,full_reference,354d07d7c83bd6265826bfeea5ad5a8ee1676a77d481616cf99ced47cbfd0b93,2,2.9609141909999996,2.919967537,3.001860845,0.04094665400000008,3377.9813088316487,179458048.0,71,71,0,0,0,0,True,hash_one,"[2.919967537, 3.001860845]","[179134464, 179781632]",False
group.random.r2000.n10000.csv,1.0,full_reference,354d07d7c83bd6265826bfeea5ad5a8ee1676a77d481616cf99ced47cbfd0b93,2,2.9767227435,2.967257178,2.986188309,0.009465565499999995,3359.433167915498,179468288.0,71,71,1,0,1,1,True,standard,"[2.967257178, 2.986188309]","[182022144, 176914432]",False
group.random.r2000.n10000.csv,1.0,full_reference,354d07d7c83bd6265826bfeea5ad5a8ee1676a77d481616cf99ced47cbfd0b93,2,2.823355178,2.734176365,2.912533991,0.08917881299999997,3545.4224344090044,181256192.0,71,71,0,0,0,0,True,timezone_berlin,"[2.912533991, 2.734176365]","[183754752, 178757632]",False
group.random.r2000.n10000.pqstr,1.0,full_reference,354d07d7c83bd6265826bfeea5ad5a8ee1676a77d481616cf99ced47cbfd0b93,1,3.359971628,3.359971628,3.359971628,0.0,2976.2156074967907,164966400.0,71,71,1,0,1,1,True,standard,[3.359971628],[164966400],False
group.random.r2001.n10000.csv,1.0,full_reference,354d07d7c83bd6265826bfeea5ad5a8ee1676a77d481616cf99ced47cbfd0b93,1,3.049186441,3.049186441,3.049186441,0.0,3279.5633174599966,176046080.0,71,71,1,0,1,1,True,standard,[3.049186441],[176046080],False
group.random.r2001.n10000.pqstr,1.0,full_reference,354d07d7c83bd6265826bfeea5ad5a8ee1676a77d481616cf99ced47cbfd0b93,1,3.329679317,3.329679317,3.329679317,0.0,3003.292223651699,167862272.0,71,71,1,0,1,1,True,standard,[3.329679317],[167862272],False
group.random.r499.n10000.csv,1.0,full_reference,354d07d7c83bd6265826bfeea5ad5a8ee1676a77d481616cf99ced47cbfd0b93,1,3.045022115,3.045022115,3.045022115,0.0,3284.048398446525,178589696.0,90,90,0,0,1,1,True,standard,[3.045022115],[178589696],False
group.random.r499.n10000.pqstr,1.0,full_reference,354d07d7c83bd6265826bfeea5ad5a8ee1676a77d481616cf99ced47cbfd0b93,1,3.33387125,3.33387125,3.33387125,0.0,2999.515953113066,164151296.0,90,90,0,0,1,1,True,standard,[3.33387125],[164151296],False
group.random.r500.n10000.csv,1.0,full_reference,354d07d7c83bd6265826bfeea5ad5a8ee1676a77d481616cf99ced47cbfd0b93,1,3.024697211,3.024697211,3.024697211,0.0,3306.1160514291228,182423552.0,79,79,1,0,1,1,True,standard,[3.024697211],[182423552],False
group.random.r500.n10000.pqstr,1.0,full_reference,354d07d7c83bd6265826bfeea5ad5a8ee1676a77d481616cf99ced47cbfd0b93,1,3.329986104,3.329986104,3.329986104,0.0,3003.015534505666,162668544.0,79,79,1,0,1,1,True,standard,[3.329986104],[162668544],False
group.random.r501.n10000.csv,1.0,full_reference,354d07d7c83bd6265826bfeea5ad5a8ee1676a77d481616cf99ced47cbfd0b93,1,3.029374158,3.029374158,3.029374158,0.0,3301.0118520988585,183730176.0,79,79,1,0,1,1,True,standard,[3.029374158],[183730176],False
group.random.r501.n10000.pqstr,1.0,full_reference,354d07d7c83bd6265826bfeea5ad5a8ee1676a77d481616cf99ced47cbfd0b93,1,3.301409262,3.301409262,3.301409262,0.0,3029.009494552027,160116736.0,79,79,1,0,1,1,True,standard,[3.301409262],[160116736],False
group.time.r0.n10000.csv,1.0,full_reference,354d07d7c83bd6265826bfeea5ad5a8ee1676a77d481616cf99ced47cbfd0b93,1,3.139760592,3.139760592,3.139760592,0.0,3184.956211463909,174198784.0,90,90,0,0,1,1,True,standard,[3.139760592],[174198784],False
group.time.r0.n10000.pqstr,1.0,full_reference,354d07d7c83bd6265826bfeea5ad5a8ee1676a77d481616cf99ced47cbfd0b93,1,3.347935484,3.347935484,3.347935484,0.0,2986.915383462628,163950592.0,90,90,0,0,1,1,True,standard,[3.347935484],[163950592],False
group.time.r1999.n10000.csv,1.0,full_reference,354d07d7c83bd6265826bfeea5ad5a8ee1676a77d481616cf99ced47cbfd0b93,1,3.011791892,3.011791892,3.011791892,0.0,3320.2825290028372,182616064.0,79,79,1,0,1,1,True,standard,[3.011791892],[182616064],False
group.time.r1999.n10000.pqstr,1.0,full_reference,354d07d7c83bd6265826bfeea5ad5a8ee1676a77d481616cf99ced47cbfd0b93,1,3.396540898,3.396540898,3.396540898,0.0,2944.171820774584,163454976.0,79,79,1,0,1,1,True,standard,[3.396540898],[163454976],False
group.time.r2000.n10000.csv,1.0,full_reference,354d07d7c83bd6265826bfeea5ad5a8ee1676a77d481616cf99ced47cbfd0b93,1,3.077972533,3.077972533,3.077972533,0.0,3248.891889965413,177463296.0,71,71,1,0,1,1,True,standard,[3.077972533],[177463296],False
group.time.r2000.n10000.pqstr,1.0,full_reference,354d07d7c83bd6265826bfeea5ad5a8ee1676a77d481616cf99ced47cbfd0b93,1,3.239987786,3.239987786,3.239987786,0.0,3086.431388170671,167133184.0,71,71,1,0,1,1,True,standard,[3.239987786],[167133184],False
group.time.r2001.n10000.csv,1.0,full_reference,354d07d7c83bd6265826bfeea5ad5a8ee1676a77d481616cf99ced47cbfd0b93,1,2.971705531,2.971705531,2.971705531,0.0,3365.070965370828,181325824.0,71,71,1,0,1,1,True,standard,[2.971705531],[181325824],False
group.time.r2001.n10000.pqstr,1.0,full_reference,354d07d7c83bd6265826bfeea5ad5a8ee1676a77d481616cf99ced47cbfd0b93,1,3.286357532,3.286357532,3.286357532,0.0,3042.882553899799,165036032.0,71,71,1,0,1,1,True,standard,[3.286357532],[165036032],False
group.time.r499.n10000.csv,1.0,full_reference,354d07d7c83bd6265826bfeea5ad5a8ee1676a77d481616cf99ced47cbfd0b93,1,3.008316048,3.008316048,3.008316048,0.0,3324.1188227707116,176664576.0,90,90,0,0,1,1,True,standard,[3.008316048],[176664576],False
group.time.r499.n10000.pqstr,1.0,full_reference,354d07d7c83bd6265826bfeea5ad5a8ee1676a77d481616cf99ced47cbfd0b93,1,3.264041141,3.264041141,3.264041141,0.0,3063.6868740374744,160473088.0,90,90,0,0,1,1,True,standard,[3.264041141],[160473088],False
group.time.r500.n10000.csv,1.0,full_reference,354d07d7c83bd6265826bfeea5ad5a8ee1676a77d481616cf99ced47cbfd0b93,1,2.973624112,2.973624112,2.973624112,0.0,3362.8998230291454,178221056.0,79,79,1,0,1,1,True,standard,[2.973624112],[178221056],False
group.time.r500.n10000.pqstr,1.0,full_reference,354d07d7c83bd6265826bfeea5ad5a8ee1676a77d481616cf99ced47cbfd0b93,1,3.273721745,3.273721745,3.273721745,0.0,3054.6273565470665,161873920.0,79,79,1,0,1,1,True,standard,[3.273721745],[161873920],False
group.time.r501.n10000.csv,1.0,full_reference,354d07d7c83bd6265826bfeea5ad5a8ee1676a77d481616cf99ced47cbfd0b93,1,3.04618833,3.04618833,3.04618833,0.0,3282.791120140625,180748288.0,79,79,1,0,1,1,True,standard,[3.04618833],[180748288],False
group.time.r501.n10000.pqstr,1.0,full_reference,354d07d7c83bd6265826bfeea5ad5a8ee1676a77d481616cf99ced47cbfd0b93,1,3.327405724,3.327405724,3.327405724,0.0,3005.3443521695403,162111488.0,79,79,1,0,1,1,True,standard,[3.327405724],[162111488],False
identifier.measurement.u9799.n10000.csv,1.0,full_reference,354d07d7c83bd6265826bfeea5ad5a8ee1676a77d481616cf99ced47cbfd0b93,1,1.963298745,1.963298745,1.963298745,0.0,5093.468340193943,175190016.0,100,100,0,0,0,0,True,standard,[1.963298745],[175190016],False
identifier.measurement.u9799.n10000.pqstr,1.0,full_reference,354d07d7c83bd6265826bfeea5ad5a8ee1676a77d481616cf99ced47cbfd0b93,1,2.169730452,2.169730452,2.169730452,0.0,4608.867424422358,161030144.0,100,100,0,0,0,0,True,standard,[2.169730452],[161030144],False
identifier.measurement.u9800.n10000.csv,1.0,full_reference,354d07d7c83bd6265826bfeea5ad5a8ee1676a77d481616cf99ced47cbfd0b93,1,1.930022931,1.930022931,1.930022931,0.0,5181.285589606292,177868800.0,99,99,1,0,0,0,True,standard,[1.930022931],[177868800],False
identifier.measurement.u9800.n10000.pqstr,1.0,full_reference,354d07d7c83bd6265826bfeea5ad5a8ee1676a77d481616cf99ced47cbfd0b93,1,2.143638453,2.143638453,2.143638453,0.0,4664.965766967421,163844096.0,99,99,1,0,0,0,True,standard,[2.143638453],[163844096],False
identifier.measurement.u9801.n10000.csv,1.0,full_reference,354d07d7c83bd6265826bfeea5ad5a8ee1676a77d481616cf99ced47cbfd0b93,1,2.040365281,2.040365281,2.040365281,0.0,4901.083199719472,179691520.0,99,99,1,0,0,0,True,standard,[2.040365281],[179691520],False
identifier.measurement.u9801.n10000.pqstr,1.0,full_reference,354d07d7c83bd6265826bfeea5ad5a8ee1676a77d481616cf99ced47cbfd0b93,1,2.175598489,2.175598489,2.175598489,0.0,4596.436360183554,159928320.0,99,99,1,0,0,0,True,standard,[2.175598489],[159928320],False
identifier.probe_id.u9799.n10000.csv,1.0,full_reference,354d07d7c83bd6265826bfeea5ad5a8ee1676a77d481616cf99ced47cbfd0b93,1,1.887602415,1.887602415,1.887602415,0.0,5297.725792536667,177053696.0,100,100,0,0,0,0,True,standard,[1.887602415],[177053696],False
identifier.probe_id.u9799.n10000.pqstr,1.0,full_reference,354d07d7c83bd6265826bfeea5ad5a8ee1676a77d481616cf99ced47cbfd0b93,1,2.099323737,2.099323737,2.099323737,0.0,4763.438732079653,163049472.0,100,100,0,0,0,0,True,standard,[2.099323737],[163049472],False
identifier.probe_id.u9800.n10000.csv,1.0,full_reference,354d07d7c83bd6265826bfeea5ad5a8ee1676a77d481616cf99ced47cbfd0b93,1,1.897108163,1.897108163,1.897108163,0.0,5271.180734464006,176955392.0,97,97,1,0,0,0,True,standard,[1.897108163],[176955392],False
identifier.probe_id.u9800.n10000.pqstr,1.0,full_reference,354d07d7c83bd6265826bfeea5ad5a8ee1676a77d481616cf99ced47cbfd0b93,1,2.058651806,2.058651806,2.058651806,0.0,4857.548018006111,163819520.0,97,97,1,0,0,0,True,standard,[2.058651806],[163819520],False
identifier.probe_id.u9801.n10000.csv,1.0,full_reference,354d07d7c83bd6265826bfeea5ad5a8ee1676a77d481616cf99ced47cbfd0b93,1,1.866431285,1.866431285,1.866431285,0.0,5357.81846369983,176721920.0,97,97,1,0,0,0,True,standard,[1.866431285],[176721920],False
identifier.probe_id.u9801.n10000.pqstr,1.0,full_reference,354d07d7c83bd6265826bfeea5ad5a8ee1676a77d481616cf99ced47cbfd0b93,1,2.060589077,2.060589077,2.060589077,0.0,4852.981174955535,159784960.0,97,97,1,0,0,0,True,standard,[2.060589077],[159784960],False
identifier.support.n100.csv,1.0,full_reference,354d07d7c83bd6265826bfeea5ad5a8ee1676a77d481616cf99ced47cbfd0b93,1,0.217858675,0.217858675,0.217858675,0.0,459.01316530085387,149970944.0,98,98,1,0,0,0,True,standard,[0.217858675],[149970944],False
identifier.support.n100.pqstr,1.0,full_reference,354d07d7c83bd6265826bfeea5ad5a8ee1676a77d481616cf99ced47cbfd0b93,1,0.220389962,0.220389962,0.220389962,0.0,453.74117356579063,136433664.0,98,98,1,0,0,0,True,standard,[0.220389962],[136433664],False
identifier.support.n99.csv,1.0,full_reference,354d07d7c83bd6265826bfeea5ad5a8ee1676a77d481616cf99ced47cbfd0b93,1,0.220438931,0.220438931,0.220438931,0.0,449.10397428846176,155648000.0,100,100,0,0,0,0,True,standard,[0.220438931],[155648000],False
identifier.support.n99.pqstr,1.0,full_reference,354d07d7c83bd6265826bfeea5ad5a8ee1676a77d481616cf99ced47cbfd0b93,1,0.21189489,0.21189489,0.21189489,0.0,467.21277705186753,133812224.0,100,100,0,0,0,0,True,standard,[0.21189489],[133812224],False
inference.analytics.complete.n10000.csv,1.0,full_reference,354d07d7c83bd6265826bfeea5ad5a8ee1676a77d481616cf99ced47cbfd0b93,1,1.632674675,1.632674675,1.632674675,0.0,6124.918915643742,174678016.0,100,100,0,0,0,0,True,standard,[1.632674675],[174678016],False
inference.analytics.complete.n10000.pqstr,1.0,full_reference,354d07d7c83bd6265826bfeea5ad5a8ee1676a77d481616cf99ced47cbfd0b93,1,1.829253278,1.829253278,1.829253278,0.0,5466.711537580746,158441472.0,100,100,0,0,0,0,True,standard,[1.829253278],[158441472],False
inference.analytics.empty.n10000.csv,1.0,full_reference,354d07d7c83bd6265826bfeea5ad5a8ee1676a77d481616cf99ced47cbfd0b93,1,1.632966971,1.632966971,1.632966971,0.0,6123.822574241154,174940160.0,60,60,8,0,0,0,True,standard,[1.632966971],[174940160],False
inference.analytics.empty.n10000.pqstr,1.0,full_reference,354d07d7c83bd6265826bfeea5ad5a8ee1676a77d481616cf99ced47cbfd0b93,1,1.791917355,1.791917355,1.791917355,0.0,5580.614514445617,155668480.0,60,60,8,0,0,0,True,standard,[1.791917355],[155668480],False
inference.analytics.null.n10000.csv,1.0,full_reference,354d07d7c83bd6265826bfeea5ad5a8ee1676a77d481616cf99ced47cbfd0b93,1,1.619051779,1.619051779,1.619051779,0.0,6176.4547185615365,170471424.0,100,100,0,0,0,0,True,standard,[1.619051779],[170471424],False
inference.analytics.null.n10000.pqstr,1.0,full_reference,354d07d7c83bd6265826bfeea5ad5a8ee1676a77d481616cf99ced47cbfd0b93,1,1.805467334,1.805467334,1.805467334,0.0,5538.732167391293,156200960.0,100,100,0,0,0,0,True,standard,[1.805467334],[156200960],False
inference.analytics.omit_one.n10000.csv,1.0,full_reference,354d07d7c83bd6265826bfeea5ad5a8ee1676a77d481616cf99ced47cbfd0b93,1,1.622821933,1.622821933,1.622821933,0.0,6162.105525350944,171528192.0,64,64,1,0,0,0,True,standard,[1.622821933],[171528192],False
inference.analytics.omit_one.n10000.pqstr,1.0,full_reference,354d07d7c83bd6265826bfeea5ad5a8ee1676a77d481616cf99ced47cbfd0b93,2,1.8427297265,1.840091109,1.845368344,0.00263861749999994,5426.74292372259,159309824.0,64,64,0,0,0,0,True,decimal_high,"[1.840091109, 1.845368344]","[160382976, 158236672]",False
inference.analytics.omit_one.n10000.pqstr,1.0,full_reference,354d07d7c83bd6265826bfeea5ad5a8ee1676a77d481616cf99ced47cbfd0b93,2,1.765283133,1.718284407,1.812281859,0.04699872599999999,5668.831907336052,158898176.0,64,64,0,0,0,0,True,decimal_low,"[1.718284407, 1.812281859]","[160571392, 157224960]",False
inference.analytics.omit_one.n10000.pqstr,1.0,full_reference,354d07d7c83bd6265826bfeea5ad5a8ee1676a77d481616cf99ced47cbfd0b93,2,1.799194275,1.767333421,1.831055129,0.03186085399999994,5559.786954301304,158803968.0,64,64,0,0,0,0,True,hash_fortytwo,"[1.831055129, 1.767333421]","[159780864, 157827072]",False
inference.analytics.omit_one.n10000.pqstr,1.0,full_reference,354d07d7c83bd6265826bfeea5ad5a8ee1676a77d481616cf99ced47cbfd0b93,2,1.6789047285,1.668671774,1.689137683,0.010232954499999947,5956.485401751872,158875648.0,64,64,0,0,0,0,True,hash_one,"[1.668671774, 1.689137683]","[159948800, 157802496]",False
inference.analytics.omit_one.n10000.pqstr,1.0,full_reference,354d07d7c83bd6265826bfeea5ad5a8ee1676a77d481616cf99ced47cbfd0b93,2,1.7978860779999999,1.797827524,1.797944632,5.855400000009947e-05,5562.087683403769,160841728.0,64,64,1,0,0,0,True,standard,"[1.797944632, 1.797827524]","[161849344, 159834112]",False
inference.analytics.omit_one.n10000.pqstr,1.0,full_reference,354d07d7c83bd6265826bfeea5ad5a8ee1676a77d481616cf99ced47cbfd0b93,2,1.7530085585,1.7320427,1.773974417,0.02096585849999999,5705.294794619046,162969600.0,64,64,0,0,0,0,True,timezone_berlin,"[1.773974417, 1.7320427]","[163737600, 162201600]",False
inference.analytics.omit_two.n10000.csv,1.0,full_reference,354d07d7c83bd6265826bfeea5ad5a8ee1676a77d481616cf99ced47cbfd0b93,1,1.62061155,1.62061155,1.62061155,0.0,6170.5101385955195,175185920.0,60,60,2,0,0,0,True,standard,[1.62061155],[175185920],False
inference.analytics.omit_two.n10000.pqstr,1.0,full_reference,354d07d7c83bd6265826bfeea5ad5a8ee1676a77d481616cf99ced47cbfd0b93,1,1.786778373,1.786778373,1.786778373,0.0,5596.665009555721,156323840.0,60,60,2,0,0,0,True,standard,[1.786778373],[156323840],False
inference.analytics.roles_only_excluded.n10000.csv,1.0,full_reference,354d07d7c83bd6265826bfeea5ad5a8ee1676a77d481616cf99ced47cbfd0b93,1,2.202720788,2.202720788,2.202720788,0.0,4539.840026243035,177045504.0,90,90,0,0,1,1,True,standard,[2.202720788],[177045504],False
inference.analytics.roles_only_excluded.n10000.pqstr,1.0,full_reference,354d07d7c83bd6265826bfeea5ad5a8ee1676a77d481616cf99ced47cbfd0b93,1,2.437390655,2.437390655,2.437390655,0.0,4102.748149742126,160890880.0,90,90,0,0,1,1,True,standard,[2.437390655],[160890880],False
inference.analytics.superset.n10000.csv,1.0,full_reference,354d07d7c83bd6265826bfeea5ad5a8ee1676a77d481616cf99ced47cbfd0b93,1,1.612684938,1.612684938,1.612684938,0.0,6200.839211905631,169644032.0,100,100,0,0,0,0,True,standard,[1.612684938],[169644032],False
inference.analytics.superset.n10000.pqstr,1.0,full_reference,354d07d7c83bd6265826bfeea5ad5a8ee1676a77d481616cf99ced47cbfd0b93,1,1.810805923,1.810805923,1.810805923,0.0,5522.402965985881,158343168.0,100,100,0,0,0,0,True,standard,[1.810805923],[158343168],False
inference.classification.omit_one.n10000.csv,1.0,full_reference,354d07d7c83bd6265826bfeea5ad5a8ee1676a77d481616cf99ced47cbfd0b93,1,2.18462708,2.18462708,2.18462708,0.0,4577.440283309132,175042560.0,64,64,1,0,0,0,True,standard,[2.18462708],[175042560],False
inference.classification.omit_one.n10000.pqstr,1.0,full_reference,354d07d7c83bd6265826bfeea5ad5a8ee1676a77d481616cf99ced47cbfd0b93,1,2.471169071,2.471169071,2.471169071,0.0,4046.6676753741226,155951104.0,64,64,1,0,0,0,True,standard,[2.471169071],[155951104],False
inference.regression.omit_one.n10000.csv,1.0,full_reference,354d07d7c83bd6265826bfeea5ad5a8ee1676a77d481616cf99ced47cbfd0b93,1,2.54588805,2.54588805,2.54588805,0.0,3927.902485735773,177573888.0,64,64,1,0,0,0,True,standard,[2.54588805],[177573888],False
inference.regression.omit_one.n10000.pqstr,1.0,full_reference,354d07d7c83bd6265826bfeea5ad5a8ee1676a77d481616cf99ced47cbfd0b93,1,2.720421737,2.720421737,2.720421737,0.0,3675.900638489862,157589504.0,64,64,1,0,0,0,True,standard,[2.720421737],[157589504],False
inference.time_series.omit_one.n10000.csv,1.0,full_reference,354d07d7c83bd6265826bfeea5ad5a8ee1676a77d481616cf99ced47cbfd0b93,1,2.594220777,2.594220777,2.594220777,0.0,3854.722037792083,170373120.0,64,64,1,0,0,0,True,standard,[2.594220777],[170373120],False
inference.time_series.omit_one.n10000.pqstr,1.0,full_reference,354d07d7c83bd6265826bfeea5ad5a8ee1676a77d481616cf99ced47cbfd0b93,1,2.907983617,2.907983617,2.907983617,0.0,3438.8089195345697,161845248.0,64,64,1,0,0,0,True,standard,[2.907983617],[161845248],False
leak.control.allowlisted_copy.n10000.csv,1.0,full_reference,354d07d7c83bd6265826bfeea5ad5a8ee1676a77d481616cf99ced47cbfd0b93,1,2.709052253,2.709052253,2.709052253,0.0,3691.3278394412723,172417024.0,100,100,0,0,0,0,True,standard,[2.709052253],[172417024],False
leak.control.allowlisted_copy.n10000.pqstr,1.0,full_reference,354d07d7c83bd6265826bfeea5ad5a8ee1676a77d481616cf99ced47cbfd0b93,1,2.996520218,2.996520218,2.996520218,0.0,3337.204247757223,154607616.0,100,100,0,0,0,0,True,standard,[2.996520218],[154607616],False
leak.control.bool_numeric_mapping.n10000.csv,1.0,full_reference,354d07d7c83bd6265826bfeea5ad5a8ee1676a77d481616cf99ced47cbfd0b93,1,2.621984143,2.621984143,2.621984143,0.0,3813.9055976739364,167772160.0,60,60,1,0,0,0,True,standard,[2.621984143],[167772160],False
leak.control.bool_numeric_mapping.n10000.pqstr,1.0,full_reference,354d07d7c83bd6265826bfeea5ad5a8ee1676a77d481616cf99ced47cbfd0b93,1,2.887263372,2.887263372,2.887263372,0.0,3463.4872928384866,155553792.0,60,60,1,0,0,0,True,standard,[2.887263372],[155553792],False
leak.control.constant_target.n10000.csv,1.0,full_reference,354d07d7c83bd6265826bfeea5ad5a8ee1676a77d481616cf99ced47cbfd0b93,1,2.994435609,2.994435609,2.994435609,0.0,3339.5274788825823,178688000.0,100,100,0,0,0,0,True,standard,[2.994435609],[178688000],False
leak.control.constant_target.n10000.pqstr,1.0,full_reference,354d07d7c83bd6265826bfeea5ad5a8ee1676a77d481616cf99ced47cbfd0b93,1,3.240126218,3.240126218,3.240126218,0.0,3086.2995226687804,153554944.0,100,100,0,0,0,0,True,standard,[3.240126218],[153554944],False
leak.control.joint_mode_exceptions.n10000.csv,1.0,full_reference,354d07d7c83bd6265826bfeea5ad5a8ee1676a77d481616cf99ced47cbfd0b93,1,2.520096321,2.520096321,2.520096321,0.0,3968.1022969915284,176201728.0,83,83,1,0,0,0,True,standard,[2.520096321],[176201728],False
leak.control.joint_mode_exceptions.n10000.pqstr,1.0,full_reference,354d07d7c83bd6265826bfeea5ad5a8ee1676a77d481616cf99ced47cbfd0b93,1,2.79586334,2.79586334,2.79586334,0.0,3576.712730172284,154914816.0,83,83,1,0,0,0,True,standard,[2.79586334],[154914816],False
leak.control.many_to_one.n10000.csv,1.0,full_reference,354d07d7c83bd6265826bfeea5ad5a8ee1676a77d481616cf99ced47cbfd0b93,1,2.521479587,2.521479587,2.521479587,0.0,3965.9254239284865,173219840.0,100,100,0,0,0,0,True,standard,[2.521479587],[173219840],False
leak.control.many_to_one.n10000.pqstr,1.0,full_reference,354d07d7c83bd6265826bfeea5ad5a8ee1676a77d481616cf99ced47cbfd0b93,1,2.848334385,2.848334385,2.848334385,0.0,3510.823747612765,159576064.0,100,100,0,0,0,0,True,standard,[2.848334385],[159576064],False
leak.control.numeric_normalization.n10000.csv,1.0,full_reference,354d07d7c83bd6265826bfeea5ad5a8ee1676a77d481616cf99ced47cbfd0b93,1,2.858330218,2.858330218,2.858330218,0.0,3498.546087161718,172539904.0,60,60,1,0,0,0,True,standard,[2.858330218],[172539904],False
leak.control.numeric_normalization.n10000.pqstr,1.0,full_reference,354d07d7c83bd6265826bfeea5ad5a8ee1676a77d481616cf99ced47cbfd0b93,1,3.203742145,3.203742145,3.203742145,0.0,3121.349830106255,160313344.0,60,60,1,0,0,0,True,standard,[3.203742145],[160313344],False
leak.control.one_to_many.n10000.csv,1.0,full_reference,354d07d7c83bd6265826bfeea5ad5a8ee1676a77d481616cf99ced47cbfd0b93,1,2.497492493,2.497492493,2.497492493,0.0,4004.0160392986613,170897408.0,100,100,0,0,0,0,True,standard,[2.497492493],[170897408],False
leak.control.one_to_many.n10000.pqstr,1.0,full_reference,354d07d7c83bd6265826bfeea5ad5a8ee1676a77d481616cf99ced47cbfd0b93,1,2.793952991,2.793952991,2.793952991,0.0,3579.1582865611645,153772032.0,100,100,0,0,0,0,True,standard,[2.793952991],[153772032],False
leak.control.support200.csv,1.0,full_reference,354d07d7c83bd6265826bfeea5ad5a8ee1676a77d481616cf99ced47cbfd0b93,1,0.266356119,0.266356119,0.266356119,0.0,750.8744336374716,147886080.0,60,60,1,0,0,0,True,standard,[0.266356119],[147886080],False
leak.control.support200.pqstr,1.0,full_reference,354d07d7c83bd6265826bfeea5ad5a8ee1676a77d481616cf99ced47cbfd0b93,1,0.270868417,0.270868417,0.270868417,0.0,738.3658907712376,136663040.0,60,60,1,0,0,0,True,standard,[0.270868417],[136663040],False
leak.control.support49.csv,1.0,full_reference,354d07d7c83bd6265826bfeea5ad5a8ee1676a77d481616cf99ced47cbfd0b93,1,0.221899133,0.221899133,0.221899133,0.0,220.8210520588199,154324992.0,70,70,1,0,0,0,True,standard,[0.221899133],[154324992],False
leak.control.support49.pqstr,1.0,full_reference,354d07d7c83bd6265826bfeea5ad5a8ee1676a77d481616cf99ced47cbfd0b93,1,0.210716044,0.210716044,0.210716044,0.0,232.5404324693947,138498048.0,70,70,1,0,0,0,True,standard,[0.210716044],[138498048],False
leak.control.support50.csv,1.0,full_reference,354d07d7c83bd6265826bfeea5ad5a8ee1676a77d481616cf99ced47cbfd0b93,1,0.229788056,0.229788056,0.229788056,0.0,217.59181425861405,157360128.0,60,60,1,0,0,0,True,standard,[0.229788056],[157360128],False
leak.control.support50.pqstr,1.0,full_reference,354d07d7c83bd6265826bfeea5ad5a8ee1676a77d481616cf99ced47cbfd0b93,1,0.206880155,0.206880155,0.206880155,0.0,241.6858204693437,132550656.0,60,60,1,0,0,0,True,standard,[0.206880155],[132550656],False
leak.control.zero_pairs.n10000.csv,1.0,full_reference,354d07d7c83bd6265826bfeea5ad5a8ee1676a77d481616cf99ced47cbfd0b93,1,2.538654071,2.538654071,2.538654071,0.0,3939.095174184526,175575040.0,83,83,1,0,0,0,True,standard,[2.538654071],[175575040],False
leak.control.zero_pairs.n10000.pqstr,1.0,full_reference,354d07d7c83bd6265826bfeea5ad5a8ee1676a77d481616cf99ced47cbfd0b93,1,2.757274521,2.757274521,2.757274521,0.0,3626.7698133928393,153448448.0,83,83,1,0,0,0,True,standard,[2.757274521],[153448448],False
leak.equality.m0.n10000.csv,1.0,full_reference,354d07d7c83bd6265826bfeea5ad5a8ee1676a77d481616cf99ced47cbfd0b93,1,2.745949661,2.745949661,2.745949661,0.0,3641.727356487035,176648192.0,100,100,0,0,0,0,True,standard,[2.745949661],[176648192],False
leak.equality.m0.n10000.pqstr,1.0,full_reference,354d07d7c83bd6265826bfeea5ad5a8ee1676a77d481616cf99ced47cbfd0b93,1,3.053781758,3.053781758,3.053781758,0.0,3274.6282453888443,156348416.0,100,100,0,0,0,0,True,standard,[3.053781758],[156348416],False
leak.equality.m10000.n10000.csv,1.0,full_reference,354d07d7c83bd6265826bfeea5ad5a8ee1676a77d481616cf99ced47cbfd0b93,1,2.755667548,2.755667548,2.755667548,0.0,3628.884771407846,179441664.0,60,60,1,0,0,0,True,standard,[2.755667548],[179441664],False
leak.equality.m10000.n10000.pqstr,1.0,full_reference,354d07d7c83bd6265826bfeea5ad5a8ee1676a77d481616cf99ced47cbfd0b93,1,3.032454476,3.032454476,3.032454476,0.0,3297.6587378784448,153538560.0,60,60,1,0,0,0,True,standard,[3.032454476],[153538560],False
leak.equality.m9989.n10000.csv,1.0,full_reference,354d07d7c83bd6265826bfeea5ad5a8ee1676a77d481616cf99ced47cbfd0b93,1,2.75450092,2.75450092,2.75450092,0.0,3630.4217317161037,174612480.0,100,100,0,0,0,0,True,standard,[2.75450092],[174612480],False
leak.equality.m9989.n10000.pqstr,1.0,full_reference,354d07d7c83bd6265826bfeea5ad5a8ee1676a77d481616cf99ced47cbfd0b93,1,3.017215273,3.017215273,3.017215273,0.0,3314.314390983795,153272320.0,100,100,0,0,0,0,True,standard,[3.017215273],[153272320],False
leak.equality.m9990.n10000.csv,1.0,full_reference,354d07d7c83bd6265826bfeea5ad5a8ee1676a77d481616cf99ced47cbfd0b93,1,2.761859678,2.761859678,2.761859678,0.0,3620.7487584023447,172191744.0,60,60,1,0,0,0,True,standard,[2.761859678],[172191744],False
leak.equality.m9990.n10000.pqstr,1.0,full_reference,354d07d7c83bd6265826bfeea5ad5a8ee1676a77d481616cf99ced47cbfd0b93,1,3.085689095,3.085689095,3.085689095,0.0,3240.767197253876,156430336.0,60,60,1,0,0,0,True,standard,[3.085689095],[156430336],False
leak.equality.m9991.n10000.csv,1.0,full_reference,354d07d7c83bd6265826bfeea5ad5a8ee1676a77d481616cf99ced47cbfd0b93,1,2.799660815,2.799660815,2.799660815,0.0,3571.8612577716844,174788608.0,60,60,1,0,0,0,True,standard,[2.799660815],[174788608],False
leak.equality.m9991.n10000.pqstr,1.0,full_reference,354d07d7c83bd6265826bfeea5ad5a8ee1676a77d481616cf99ced47cbfd0b93,1,3.057852757,3.057852757,3.057852757,0.0,3270.2686475364517,155684864.0,60,60,1,0,0,0,True,standard,[3.057852757],[155684864],False
leak.mapping.r10000.n10000.csv,1.0,full_reference,354d07d7c83bd6265826bfeea5ad5a8ee1676a77d481616cf99ced47cbfd0b93,1,2.414437058,2.414437058,2.414437058,0.0,4141.752201353099,169086976.0,60,60,1,0,0,0,True,standard,[2.414437058],[169086976],False
leak.mapping.r10000.n10000.pqstr,1.0,full_reference,354d07d7c83bd6265826bfeea5ad5a8ee1676a77d481616cf99ced47cbfd0b93,1,2.706969448,2.706969448,2.706969448,0.0,3694.168032590222,157405184.0,60,60,1,0,0,0,True,standard,[2.706969448],[157405184],False
leak.mapping.r9989.n10000.csv,1.0,full_reference,354d07d7c83bd6265826bfeea5ad5a8ee1676a77d481616cf99ced47cbfd0b93,1,2.374265034,2.374265034,2.374265034,0.0,4211.829705950174,174755840.0,100,100,0,0,0,0,True,standard,[2.374265034],[174755840],False
leak.mapping.r9989.n10000.pqstr,1.0,full_reference,354d07d7c83bd6265826bfeea5ad5a8ee1676a77d481616cf99ced47cbfd0b93,1,2.774959165,2.774959165,2.774959165,0.0,3603.65663254724,156139520.0,100,100,0,0,0,0,True,standard,[2.774959165],[156139520],False
leak.mapping.r9990.n10000.csv,1.0,full_reference,354d07d7c83bd6265826bfeea5ad5a8ee1676a77d481616cf99ced47cbfd0b93,1,2.49593112,2.49593112,2.49593112,0.0,4006.52082097522,177045504.0,60,60,1,0,0,0,True,standard,[2.49593112],[177045504],False
leak.mapping.r9990.n10000.pqstr,1.0,full_reference,354d07d7c83bd6265826bfeea5ad5a8ee1676a77d481616cf99ced47cbfd0b93,2,2.545652569,2.542726881,2.548578257,0.0029256879999999263,3928.27101797919,158115840.0,60,60,0,0,0,0,True,decimal_high,"[2.542726881, 2.548578257]","[158380032, 157851648]",False
leak.mapping.r9990.n10000.pqstr,1.0,full_reference,354d07d7c83bd6265826bfeea5ad5a8ee1676a77d481616cf99ced47cbfd0b93,2,2.6216174815,2.600109087,2.643125876,0.021508394500000083,3814.695779376785,155166720.0,60,60,0,0,0,0,True,decimal_low,"[2.643125876, 2.600109087]","[154554368, 155779072]",False
leak.mapping.r9990.n10000.pqstr,1.0,full_reference,354d07d7c83bd6265826bfeea5ad5a8ee1676a77d481616cf99ced47cbfd0b93,2,2.5571315885,2.552541831,2.561721346,0.0045897575000000135,3910.6443568266127,156585984.0,60,60,0,0,0,0,True,hash_fortytwo,"[2.552541831, 2.561721346]","[155242496, 157929472]",False
leak.mapping.r9990.n10000.pqstr,1.0,full_reference,354d07d7c83bd6265826bfeea5ad5a8ee1676a77d481616cf99ced47cbfd0b93,2,2.4971713825,2.485141026,2.509201739,0.01203035649999995,4004.623858632359,157775872.0,60,60,0,0,0,0,True,hash_one,"[2.509201739, 2.485141026]","[158687232, 156864512]",False
leak.mapping.r9990.n10000.pqstr,1.0,full_reference,354d07d7c83bd6265826bfeea5ad5a8ee1676a77d481616cf99ced47cbfd0b93,2,2.587569463,2.576296087,2.598842839,0.011273376000000113,3864.703907941971,157933568.0,60,60,1,0,0,0,True,standard,"[2.576296087, 2.598842839]","[157728768, 158138368]",False
leak.mapping.r9990.n10000.pqstr,1.0,full_reference,354d07d7c83bd6265826bfeea5ad5a8ee1676a77d481616cf99ced47cbfd0b93,2,2.5949969975,2.588787294,2.601206701,0.006209703500000163,3853.5910724209443,157446144.0,60,60,0,0,0,0,True,timezone_berlin,"[2.588787294, 2.601206701]","[158240768, 156651520]",False
leak.mapping.r9991.n10000.csv,1.0,full_reference,354d07d7c83bd6265826bfeea5ad5a8ee1676a77d481616cf99ced47cbfd0b93,1,2.430011963,2.430011963,2.430011963,0.0,4115.206078102752,173228032.0,60,60,1,0,0,0,True,standard,[2.430011963],[173228032],False
leak.mapping.r9991.n10000.pqstr,1.0,full_reference,354d07d7c83bd6265826bfeea5ad5a8ee1676a77d481616cf99ced47cbfd0b93,1,2.769082594,2.769082594,2.769082594,0.0,3611.3043437807983,154304512.0,60,60,1,0,0,0,True,standard,[2.769082594],[154304512],False
missing.feature.m0.n10000.csv,1.0,full_reference,354d07d7c83bd6265826bfeea5ad5a8ee1676a77d481616cf99ced47cbfd0b93,1,1.66258937,1.66258937,1.66258937,0.0,6014.714264653334,173015040.0,100,100,0,0,0,0,True,standard,[1.66258937],[173015040],False
missing.feature.m0.n10000.pqstr,1.0,full_reference,354d07d7c83bd6265826bfeea5ad5a8ee1676a77d481616cf99ced47cbfd0b93,1,1.855509359,1.855509359,1.855509359,0.0,5389.3557321582875,157966336.0,100,100,0,0,0,0,True,standard,[1.855509359],[157966336],False
missing.feature.m1000.n10000.csv,1.0,full_reference,354d07d7c83bd6265826bfeea5ad5a8ee1676a77d481616cf99ced47cbfd0b93,1,1.613223619,1.613223619,1.613223619,0.0,6198.76865316339,174768128.0,90,90,1,0,0,0,True,standard,[1.613223619],[174768128],False
missing.feature.m1000.n10000.pqstr,1.0,full_reference,354d07d7c83bd6265826bfeea5ad5a8ee1676a77d481616cf99ced47cbfd0b93,1,1.774809336,1.774809336,1.774809336,0.0,5634.408044380492,152006656.0,90,90,1,0,0,0,True,standard,[1.774809336],[152006656],False
missing.feature.m1001.n10000.csv,1.0,full_reference,354d07d7c83bd6265826bfeea5ad5a8ee1676a77d481616cf99ced47cbfd0b93,1,1.594697339,1.594697339,1.594697339,0.0,6270.782395780996,176295936.0,90,90,1,0,0,0,True,standard,[1.594697339],[176295936],False
missing.feature.m1001.n10000.pqstr,1.0,full_reference,354d07d7c83bd6265826bfeea5ad5a8ee1676a77d481616cf99ced47cbfd0b93,1,1.82960876,1.82960876,1.82960876,0.0,5465.649388342456,156020736.0,90,90,1,0,0,0,True,standard,[1.82960876],[156020736],False
missing.feature.m2000.n10000.csv,1.0,full_reference,354d07d7c83bd6265826bfeea5ad5a8ee1676a77d481616cf99ced47cbfd0b93,1,1.611897094,1.611897094,1.611897094,0.0,6203.869984767154,170655744.0,90,90,1,0,0,0,True,standard,[1.611897094],[170655744],False
missing.feature.m2000.n10000.pqstr,1.0,full_reference,354d07d7c83bd6265826bfeea5ad5a8ee1676a77d481616cf99ced47cbfd0b93,1,1.715601695,1.715601695,1.715601695,0.0,5828.8587783191715,157556736.0,90,90,1,0,0,0,True,standard,[1.715601695],[157556736],False
missing.feature.m2999.n10000.csv,1.0,full_reference,354d07d7c83bd6265826bfeea5ad5a8ee1676a77d481616cf99ced47cbfd0b93,1,1.577538521,1.577538521,1.577538521,0.0,6338.989423637662,178061312.0,90,90,1,0,0,0,True,standard,[1.577538521],[178061312],False
missing.feature.m2999.n10000.pqstr,1.0,full_reference,354d07d7c83bd6265826bfeea5ad5a8ee1676a77d481616cf99ced47cbfd0b93,1,1.717545092,1.717545092,1.717545092,0.0,5822.263442501806,159498240.0,90,90,1,0,0,0,True,standard,[1.717545092],[159498240],False
missing.feature.m3000.n10000.csv,1.0,full_reference,354d07d7c83bd6265826bfeea5ad5a8ee1676a77d481616cf99ced47cbfd0b93,1,1.552658754,1.552658754,1.552658754,0.0,6440.565239617358,171778048.0,83,83,1,0,0,0,True,standard,[1.552658754],[171778048],False
missing.feature.m3000.n10000.pqstr,1.0,full_reference,354d07d7c83bd6265826bfeea5ad5a8ee1676a77d481616cf99ced47cbfd0b93,1,1.738891116,1.738891116,1.738891116,0.0,5750.79135662224,161624064.0,83,83,1,0,0,0,True,standard,[1.738891116],[161624064],False
missing.feature.m3001.n10000.csv,1.0,full_reference,354d07d7c83bd6265826bfeea5ad5a8ee1676a77d481616cf99ced47cbfd0b93,1,1.58747791,1.58747791,1.58747791,0.0,6299.300252940212,166559744.0,83,83,1,0,0,0,True,standard,[1.58747791],[166559744],False
missing.feature.m3001.n10000.pqstr,1.0,full_reference,354d07d7c83bd6265826bfeea5ad5a8ee1676a77d481616cf99ced47cbfd0b93,1,1.719585513,1.719585513,1.719585513,0.0,5815.354877323859,157470720.0,83,83,1,0,0,0,True,standard,[1.719585513],[157470720],False
missing.feature.m500.n10000.csv,1.0,full_reference,354d07d7c83bd6265826bfeea5ad5a8ee1676a77d481616cf99ced47cbfd0b93,1,1.635705334,1.635705334,1.635705334,0.0,6113.570575420034,176422912.0,100,100,0,0,0,0,True,standard,[1.635705334],[176422912],False
missing.feature.m500.n10000.pqstr,1.0,full_reference,354d07d7c83bd6265826bfeea5ad5a8ee1676a77d481616cf99ced47cbfd0b93,1,1.801055967,1.801055967,1.801055967,0.0,5552.298309006408,157806592.0,100,100,0,0,0,0,True,standard,[1.801055967],[157806592],False
missing.feature.m5000.n10000.csv,1.0,full_reference,354d07d7c83bd6265826bfeea5ad5a8ee1676a77d481616cf99ced47cbfd0b93,1,1.559273002,1.559273002,1.559273002,0.0,6413.245138711123,171360256.0,83,83,1,0,0,0,True,standard,[1.559273002],[171360256],False
missing.feature.m5000.n10000.pqstr,1.0,full_reference,354d07d7c83bd6265826bfeea5ad5a8ee1676a77d481616cf99ced47cbfd0b93,1,1.724868404,1.724868404,1.724868404,0.0,5797.54372960269,158523392.0,83,83,1,0,0,0,True,standard,[1.724868404],[158523392],False
missing.feature.m999.n10000.csv,1.0,full_reference,354d07d7c83bd6265826bfeea5ad5a8ee1676a77d481616cf99ced47cbfd0b93,1,1.602733302,1.602733302,1.602733302,0.0,6239.341247555858,176877568.0,100,100,0,0,0,0,True,standard,[1.602733302],[176877568],False
missing.feature.m999.n10000.pqstr,1.0,full_reference,354d07d7c83bd6265826bfeea5ad5a8ee1676a77d481616cf99ced47cbfd0b93,1,1.907532068,1.907532068,1.907532068,0.0,5242.375825683891,153919488.0,100,100,0,0,0,0,True,standard,[1.907532068],[153919488],False
missing.target.m0.n10000.csv,1.0,full_reference,354d07d7c83bd6265826bfeea5ad5a8ee1676a77d481616cf99ced47cbfd0b93,1,2.419287989,2.419287989,2.419287989,0.0,4133.447545504266,177418240.0,100,100,0,0,0,0,True,standard,[2.419287989],[177418240],False
missing.target.m0.n10000.pqstr,1.0,full_reference,354d07d7c83bd6265826bfeea5ad5a8ee1676a77d481616cf99ced47cbfd0b93,1,2.710946151,2.710946151,2.710946151,0.0,3688.749035576104,157356032.0,100,100,0,0,0,0,True,standard,[2.710946151],[157356032],False
missing.target.m100.n10000.csv,1.0,full_reference,354d07d7c83bd6265826bfeea5ad5a8ee1676a77d481616cf99ced47cbfd0b93,1,2.447967562,2.447967562,2.447967562,0.0,4085.021450133088,170672128.0,83,83,1,0,0,0,True,standard,[2.447967562],[170672128],False
missing.target.m100.n10000.pqstr,1.0,full_reference,354d07d7c83bd6265826bfeea5ad5a8ee1676a77d481616cf99ced47cbfd0b93,2,2.5836812485,2.568796685,2.598565812,0.014884563499999892,3870.5749430017154,156508160.0,83,83,0,0,0,0,True,decimal_high,"[2.598565812, 2.568796685]","[154595328, 158420992]",False
missing.target.m100.n10000.pqstr,1.0,full_reference,354d07d7c83bd6265826bfeea5ad5a8ee1676a77d481616cf99ced47cbfd0b93,2,2.554173139,2.530079879,2.578266399,0.024093259999999894,3915.509768118114,155727872.0,83,83,0,0,0,0,True,decimal_low,"[2.578266399, 2.530079879]","[155799552, 155656192]",False
missing.target.m100.n10000.pqstr,1.0,full_reference,354d07d7c83bd6265826bfeea5ad5a8ee1676a77d481616cf99ced47cbfd0b93,2,2.692175783,2.619872357,2.764479209,0.07230342599999995,3717.148852766686,155498496.0,83,83,0,0,0,0,True,hash_fortytwo,"[2.619872357, 2.764479209]","[154910720, 156086272]",False
missing.target.m100.n10000.pqstr,1.0,full_reference,354d07d7c83bd6265826bfeea5ad5a8ee1676a77d481616cf99ced47cbfd0b93,2,2.594390864,2.59373066,2.595051068,0.0006602040000001086,3854.469573698054,158840832.0,83,83,0,0,0,0,True,hash_one,"[2.59373066, 2.595051068]","[157863936, 159817728]",False
missing.target.m100.n10000.pqstr,1.0,full_reference,354d07d7c83bd6265826bfeea5ad5a8ee1676a77d481616cf99ced47cbfd0b93,2,2.5117371965,2.491767527,2.531706866,0.01996966950000001,3981.559919928097,157741056.0,83,83,1,0,0,0,True,standard,"[2.531706866, 2.491767527]","[155639808, 159842304]",False
missing.target.m100.n10000.pqstr,1.0,full_reference,354d07d7c83bd6265826bfeea5ad5a8ee1676a77d481616cf99ced47cbfd0b93,2,2.6110619935,2.577105685,2.645018302,0.03395630850000009,3830.507110198306,156571648.0,83,83,0,0,0,0,True,timezone_berlin,"[2.645018302, 2.577105685]","[155148288, 157995008]",False
missing.target.m101.n10000.csv,1.0,full_reference,354d07d7c83bd6265826bfeea5ad5a8ee1676a77d481616cf99ced47cbfd0b93,1,2.451782878,2.451782878,2.451782878,0.0,4078.664587199226,170524672.0,83,83,1,0,0,0,True,standard,[2.451782878],[170524672],False
missing.target.m101.n10000.pqstr,1.0,full_reference,354d07d7c83bd6265826bfeea5ad5a8ee1676a77d481616cf99ced47cbfd0b93,1,2.71186846,2.71186846,2.71186846,0.0,3687.4944885785503,158040064.0,83,83,1,0,0,0,True,standard,[2.71186846],[158040064],False
missing.target.m500.n10000.csv,1.0,full_reference,354d07d7c83bd6265826bfeea5ad5a8ee1676a77d481616cf99ced47cbfd0b93,1,2.432177837,2.432177837,2.432177837,0.0,4111.541453866147,176168960.0,83,83,1,0,0,0,True,standard,[2.432177837],[176168960],False
missing.target.m500.n10000.pqstr,1.0,full_reference,354d07d7c83bd6265826bfeea5ad5a8ee1676a77d481616cf99ced47cbfd0b93,1,2.794660154,2.794660154,2.794660154,0.0,3578.252613537639,155459584.0,83,83,1,0,0,0,True,standard,[2.794660154],[155459584],False
missing.target.m99.n10000.csv,1.0,full_reference,354d07d7c83bd6265826bfeea5ad5a8ee1676a77d481616cf99ced47cbfd0b93,1,2.502291529,2.502291529,2.502291529,0.0,3996.336911229659,171700224.0,100,100,0,0,0,0,True,standard,[2.502291529],[171700224],False
missing.target.m99.n10000.pqstr,1.0,full_reference,354d07d7c83bd6265826bfeea5ad5a8ee1676a77d481616cf99ced47cbfd0b93,1,2.742421847,2.742421847,2.742421847,0.0,3646.4120248091062,155672576.0,100,100,0,0,0,0,True,standard,[2.742421847],[155672576],False
negative.analytics_entity.n10000.csv,1.0,full_reference,354d07d7c83bd6265826bfeea5ad5a8ee1676a77d481616cf99ced47cbfd0b93,1,2.17341183,2.17341183,2.17341183,0.0,4601.060812298974,179089408.0,90,90,0,0,1,1,True,standard,[2.17341183],[179089408],False
negative.analytics_entity.n10000.pqstr,1.0,full_reference,354d07d7c83bd6265826bfeea5ad5a8ee1676a77d481616cf99ced47cbfd0b93,1,2.308107963,2.308107963,2.308107963,0.0,4332.552965591064,166342656.0,90,90,0,0,1,1,True,standard,[2.308107963],[166342656],False
negative.declared_id.n10000.csv,1.0,full_reference,354d07d7c83bd6265826bfeea5ad5a8ee1676a77d481616cf99ced47cbfd0b93,1,1.932619787,1.932619787,1.932619787,0.0,5174.323510121446,176947200.0,100,100,0,0,0,0,True,standard,[1.932619787],[176947200],False
negative.declared_id.n10000.pqstr,1.0,full_reference,354d07d7c83bd6265826bfeea5ad5a8ee1676a77d481616cf99ced47cbfd0b93,1,2.110449839,2.110449839,2.110449839,0.0,4738.3263109149875,166064128.0,100,100,0,0,0,0,True,standard,[2.110449839],[166064128],False
negative.supervised_target_omitted.n10000.csv,1.0,full_reference,354d07d7c83bd6265826bfeea5ad5a8ee1676a77d481616cf99ced47cbfd0b93,1,1.607137221,1.607137221,1.607137221,0.0,6222.244043217266,169025536.0,100,100,0,0,0,0,True,standard,[1.607137221],[169025536],False
negative.supervised_target_omitted.n10000.pqstr,1.0,full_reference,354d07d7c83bd6265826bfeea5ad5a8ee1676a77d481616cf99ced47cbfd0b93,1,1.802487851,1.802487851,1.802487851,0.0,5547.887601268498,161992704.0,100,100,0,0,0,0,True,standard,[1.802487851],[161992704],False
parse.numeric.f0.n10000.csv,1.0,full_reference,354d07d7c83bd6265826bfeea5ad5a8ee1676a77d481616cf99ced47cbfd0b93,1,1.614685572,1.614685572,1.614685572,0.0,6193.156223978448,174563328.0,100,100,0,0,0,0,True,standard,[1.614685572],[174563328],False
parse.numeric.f0.n10000.pqstr,1.0,full_reference,354d07d7c83bd6265826bfeea5ad5a8ee1676a77d481616cf99ced47cbfd0b93,1,1.827981652,1.827981652,1.827981652,0.0,5470.514427242183,157507584.0,100,100,0,0,0,0,True,standard,[1.827981652],[157507584],False
parse.numeric.f100.n10000.csv,1.0,full_reference,354d07d7c83bd6265826bfeea5ad5a8ee1676a77d481616cf99ced47cbfd0b93,1,1.629727242,1.629727242,1.629727242,0.0,6135.996099401276,172810240.0,97,97,1,0,0,0,True,standard,[1.629727242],[172810240],False
parse.numeric.f100.n10000.pqstr,1.0,full_reference,354d07d7c83bd6265826bfeea5ad5a8ee1676a77d481616cf99ced47cbfd0b93,1,1.793411694,1.793411694,1.793411694,0.0,5575.964533662732,156254208.0,97,97,1,0,0,0,True,standard,[1.793411694],[156254208],False
parse.numeric.f101.n10000.csv,1.0,full_reference,354d07d7c83bd6265826bfeea5ad5a8ee1676a77d481616cf99ced47cbfd0b93,1,1.664839151,1.664839151,1.664839151,0.0,6006.586278316085,175550464.0,97,97,1,0,0,0,True,standard,[1.664839151],[175550464],False
parse.numeric.f101.n10000.pqstr,1.0,full_reference,354d07d7c83bd6265826bfeea5ad5a8ee1676a77d481616cf99ced47cbfd0b93,1,1.837209051,1.837209051,1.837209051,0.0,5443.038719277461,152117248.0,97,97,1,0,0,0,True,standard,[1.837209051],[152117248],False
parse.numeric.f1999.n10000.csv,1.0,full_reference,354d07d7c83bd6265826bfeea5ad5a8ee1676a77d481616cf99ced47cbfd0b93,1,1.56388977,1.56388977,1.56388977,0.0,6394.312560788731,169259008.0,94,94,1,0,0,0,True,standard,[1.56388977],[169259008],False
parse.numeric.f1999.n10000.pqstr,1.0,full_reference,354d07d7c83bd6265826bfeea5ad5a8ee1676a77d481616cf99ced47cbfd0b93,1,1.786017646,1.786017646,1.786017646,0.0,5599.0488237314985,155836416.0,94,94,1,0,0,0,True,standard,[1.786017646],[155836416],False
parse.numeric.f2000.n10000.csv,1.0,full_reference,354d07d7c83bd6265826bfeea5ad5a8ee1676a77d481616cf99ced47cbfd0b93,1,1.56729004,1.56729004,1.56729004,0.0,6380.439959919608,177635328.0,89,89,1,0,0,0,True,standard,[1.56729004],[177635328],False
parse.numeric.f2000.n10000.pqstr,1.0,full_reference,354d07d7c83bd6265826bfeea5ad5a8ee1676a77d481616cf99ced47cbfd0b93,1,1.78411904,1.78411904,1.78411904,0.0,5605.007163647556,160649216.0,89,89,1,0,0,0,True,standard,[1.78411904],[160649216],False
parse.numeric.f2001.n10000.csv,1.0,full_reference,354d07d7c83bd6265826bfeea5ad5a8ee1676a77d481616cf99ced47cbfd0b93,2,1.5441615945,1.526488452,1.561834737,0.017673142500000072,6476.854572127713,175192064.0,89,89,0,0,0,0,True,decimal_high,"[1.526488452, 1.561834737]","[172834816, 177549312]",False
parse.numeric.f2001.n10000.csv,1.0,full_reference,354d07d7c83bd6265826bfeea5ad5a8ee1676a77d481616cf99ced47cbfd0b93,2,1.5268996455,1.521690392,1.532108899,0.005209253500000011,6549.295118815728,176414720.0,89,89,0,0,0,0,True,decimal_low,"[1.532108899, 1.521690392]","[178110464, 174718976]",False
parse.numeric.f2001.n10000.csv,1.0,full_reference,354d07d7c83bd6265826bfeea5ad5a8ee1676a77d481616cf99ced47cbfd0b93,2,1.578946689,1.558746181,1.599147197,0.02020050799999995,6334.372854469551,174413824.0,89,89,0,0,0,0,True,hash_fortytwo,"[1.558746181, 1.599147197]","[172965888, 175861760]",False
parse.numeric.f2001.n10000.csv,1.0,full_reference,354d07d7c83bd6265826bfeea5ad5a8ee1676a77d481616cf99ced47cbfd0b93,2,1.5814269445,1.549692268,1.613161621,0.03173467649999995,6325.950463985126,171696128.0,89,89,0,0,0,0,True,hash_one,"[1.549692268, 1.613161621]","[168611840, 174780416]",False
parse.numeric.f2001.n10000.csv,1.0,full_reference,354d07d7c83bd6265826bfeea5ad5a8ee1676a77d481616cf99ced47cbfd0b93,2,1.5469596,1.533062581,1.560856619,0.013897018999999955,6464.814651336201,176510976.0,89,89,1,0,0,0,True,standard,"[1.533062581, 1.560856619]","[178036736, 174985216]",False
parse.numeric.f2001.n10000.csv,1.0,full_reference,354d07d7c83bd6265826bfeea5ad5a8ee1676a77d481616cf99ced47cbfd0b93,2,1.469701059,1.455181154,1.484220964,0.014519905,6804.768955119236,174325760.0,89,89,0,0,0,0,True,timezone_berlin,"[1.484220964, 1.455181154]","[171716608, 176934912]",False
parse.numeric.f2001.n10000.pqstr,1.0,full_reference,354d07d7c83bd6265826bfeea5ad5a8ee1676a77d481616cf99ced47cbfd0b93,1,1.786826003,1.786826003,1.786826003,0.0,5596.515823706646,152952832.0,89,89,1,0,0,0,True,standard,[1.786826003],[152952832],False
parse.numeric.f4000.n10000.csv,1.0,full_reference,354d07d7c83bd6265826bfeea5ad5a8ee1676a77d481616cf99ced47cbfd0b93,1,1.647457706,1.647457706,1.647457706,0.0,6069.958557103013,171208704.0,90,90,1,0,0,0,True,standard,[1.647457706],[171208704],False
parse.numeric.f4000.n10000.pqstr,1.0,full_reference,354d07d7c83bd6265826bfeea5ad5a8ee1676a77d481616cf99ced47cbfd0b93,1,1.720075785,1.720075785,1.720075785,0.0,5813.697330783597,156069888.0,90,90,1,0,0,0,True,standard,[1.720075785],[156069888],False
parse.numeric.f499.n10000.csv,1.0,full_reference,354d07d7c83bd6265826bfeea5ad5a8ee1676a77d481616cf99ced47cbfd0b93,1,1.619195005,1.619195005,1.619195005,0.0,6175.908379855705,174321664.0,97,97,1,0,0,0,True,standard,[1.619195005],[174321664],False
parse.numeric.f499.n10000.pqstr,1.0,full_reference,354d07d7c83bd6265826bfeea5ad5a8ee1676a77d481616cf99ced47cbfd0b93,1,1.785269645,1.785269645,1.785269645,0.0,5601.394740568728,153743360.0,97,97,1,0,0,0,True,standard,[1.785269645],[153743360],False
parse.numeric.f500.n10000.csv,1.0,full_reference,354d07d7c83bd6265826bfeea5ad5a8ee1676a77d481616cf99ced47cbfd0b93,1,1.60535125,1.60535125,1.60535125,0.0,6229.166358452706,171974656.0,92,92,1,0,0,0,True,standard,[1.60535125],[171974656],False
parse.numeric.f500.n10000.pqstr,1.0,full_reference,354d07d7c83bd6265826bfeea5ad5a8ee1676a77d481616cf99ced47cbfd0b93,1,1.820546175,1.820546175,1.820546175,0.0,5492.8571092133925,155848704.0,92,92,1,0,0,0,True,standard,[1.820546175],[155848704],False
parse.numeric.f501.n10000.csv,1.0,full_reference,354d07d7c83bd6265826bfeea5ad5a8ee1676a77d481616cf99ced47cbfd0b93,1,1.62623693,1.62623693,1.62623693,0.0,6149.165484761191,175722496.0,92,92,1,0,0,0,True,standard,[1.62623693],[175722496],False
parse.numeric.f501.n10000.pqstr,1.0,full_reference,354d07d7c83bd6265826bfeea5ad5a8ee1676a77d481616cf99ced47cbfd0b93,1,1.82215838,1.82215838,1.82215838,0.0,5487.997152036805,158269440.0,92,92,1,0,0,0,True,standard,[1.82215838],[158269440],False
parse.numeric.f6000.n10000.csv,1.0,full_reference,354d07d7c83bd6265826bfeea5ad5a8ee1676a77d481616cf99ced47cbfd0b93,1,1.555152969,1.555152969,1.555152969,0.0,6430.235609832153,173109248.0,100,100,0,0,0,0,True,standard,[1.555152969],[173109248],False
parse.numeric.f6000.n10000.pqstr,1.0,full_reference,354d07d7c83bd6265826bfeea5ad5a8ee1676a77d481616cf99ced47cbfd0b93,1,1.742120054,1.742120054,1.742120054,0.0,5740.132533943037,153083904.0,100,100,0,0,0,0,True,standard,[1.742120054],[153083904],False
parse.numeric.f99.n10000.csv,1.0,full_reference,354d07d7c83bd6265826bfeea5ad5a8ee1676a77d481616cf99ced47cbfd0b93,1,1.632141953,1.632141953,1.632141953,0.0,6126.918054902789,173334528.0,100,100,0,0,0,0,True,standard,[1.632141953],[173334528],False
parse.numeric.f99.n10000.pqstr,1.0,full_reference,354d07d7c83bd6265826bfeea5ad5a8ee1676a77d481616cf99ced47cbfd0b93,1,1.816740729,1.816740729,1.816740729,0.0,5504.362752688637,155910144.0,100,100,0,0,0,0,True,standard,[1.816740729],[155910144],False
sampling.cardinality.gaps.n300000.pqstr,1.0,HEAD_STRIDE_V1,354d07d7c83bd6265826bfeea5ad5a8ee1676a77d481616cf99ced47cbfd0b93,1,47.710791877,47.710791877,47.710791877,0.0,6287.88557468109,340054016.0,98,98,0,0,0,0,True,standard,[47.710791877],[340054016],False
sampling.cardinality.gaps.n300000.pqstr,1.0,full_reference,354d07d7c83bd6265826bfeea5ad5a8ee1676a77d481616cf99ced47cbfd0b93,1,59.46608663,59.46608663,59.46608663,0.0,5044.892257104628,504475648.0,97,97,0,0,0,0,True,standard,[59.46608663],[504475648],False
sampling.cardinality.head.n300000.pqstr,1.0,HEAD_STRIDE_V1,354d07d7c83bd6265826bfeea5ad5a8ee1676a77d481616cf99ced47cbfd0b93,1,49.836951837,49.836951837,49.836951837,0.0,6019.629791589174,336834560.0,100,100,0,0,0,0,True,standard,[49.836951837],[336834560],False
sampling.cardinality.head.n300000.pqstr,1.0,full_reference,354d07d7c83bd6265826bfeea5ad5a8ee1676a77d481616cf99ced47cbfd0b93,1,56.786871746,56.786871746,56.786871746,0.0,5282.911186618263,503001088.0,97,97,0,0,0,0,True,standard,[56.786871746],[503001088],False
sampling.cardinality.middle.n300000.pqstr,1.0,HEAD_STRIDE_V1,354d07d7c83bd6265826bfeea5ad5a8ee1676a77d481616cf99ced47cbfd0b93,1,55.932837002,55.932837002,55.932837002,0.0,5363.575603884939,342757376.0,98,98,0,0,0,0,True,standard,[55.932837002],[342757376],False
sampling.cardinality.middle.n300000.pqstr,1.0,full_reference,354d07d7c83bd6265826bfeea5ad5a8ee1676a77d481616cf99ced47cbfd0b93,1,60.465068475,60.465068475,60.465068475,0.0,4961.542384162494,504758272.0,97,97,0,0,0,0,True,standard,[60.465068475],[504758272],False
sampling.cardinality.tail.n300000.pqstr,1.0,HEAD_STRIDE_V1,354d07d7c83bd6265826bfeea5ad5a8ee1676a77d481616cf99ced47cbfd0b93,1,49.779099486,49.779099486,49.779099486,0.0,6026.6256942710015,340918272.0,98,98,0,0,0,0,True,standard,[49.779099486],[340918272],False
sampling.cardinality.tail.n300000.pqstr,1.0,full_reference,354d07d7c83bd6265826bfeea5ad5a8ee1676a77d481616cf99ced47cbfd0b93,1,59.933532827,59.933532827,59.933532827,0.0,5005.545073839703,505225216.0,97,97,0,0,0,0,True,standard,[59.933532827],[505225216],False
sampling.class_boundary.gaps.n300000.pqstr,1.0,HEAD_STRIDE_V1,354d07d7c83bd6265826bfeea5ad5a8ee1676a77d481616cf99ced47cbfd0b93,1,64.875535818,64.875535818,64.875535818,0.0,4624.2392639594,318439424.0,100,100,0,0,0,0,True,standard,[64.875535818],[318439424],False
sampling.class_boundary.gaps.n300000.pqstr,1.0,full_reference,354d07d7c83bd6265826bfeea5ad5a8ee1676a77d481616cf99ced47cbfd0b93,1,73.144391947,73.144391947,73.144391947,0.0,4101.47643605238,427159552.0,100,100,0,0,0,0,True,standard,[73.144391947],[427159552],False
sampling.class_boundary.head.n300000.pqstr,1.0,HEAD_STRIDE_V1,354d07d7c83bd6265826bfeea5ad5a8ee1676a77d481616cf99ced47cbfd0b93,1,60.055177355,60.055177355,60.055177355,0.0,4995.406111726735,315592704.0,100,100,0,0,0,0,True,standard,[60.055177355],[315592704],False
sampling.class_boundary.head.n300000.pqstr,1.0,full_reference,354d07d7c83bd6265826bfeea5ad5a8ee1676a77d481616cf99ced47cbfd0b93,1,70.604557769,70.604557769,70.604557769,0.0,4249.01747818495,423006208.0,100,100,0,0,0,0,True,standard,[70.604557769],[423006208],False
sampling.class_boundary.middle.n300000.pqstr,1.0,HEAD_STRIDE_V1,354d07d7c83bd6265826bfeea5ad5a8ee1676a77d481616cf99ced47cbfd0b93,1,61.096821541,61.096821541,61.096821541,0.0,4910.239066997621,316575744.0,92,92,0,0,0,0,True,standard,[61.096821541],[316575744],False
sampling.class_boundary.middle.n300000.pqstr,1.0,full_reference,354d07d7c83bd6265826bfeea5ad5a8ee1676a77d481616cf99ced47cbfd0b93,1,73.493256107,73.493256107,73.493256107,0.0,4082.007192105154,429998080.0,100,100,0,0,0,0,True,standard,[73.493256107],[429998080],False
sampling.class_boundary.tail.n300000.pqstr,1.0,HEAD_STRIDE_V1,354d07d7c83bd6265826bfeea5ad5a8ee1676a77d481616cf99ced47cbfd0b93,1,61.902244948,61.902244948,61.902244948,0.0,4846.350891668149,316588032.0,92,92,0,0,0,0,True,standard,[61.902244948],[316588032],False
sampling.class_boundary.tail.n300000.pqstr,1.0,full_reference,354d07d7c83bd6265826bfeea5ad5a8ee1676a77d481616cf99ced47cbfd0b93,1,73.715596819,73.715596819,73.715596819,0.0,4069.695057025921,423878656.0,100,100,0,0,0,0,True,standard,[73.715596819],[423878656],False
sampling.class_rare.gaps.n300000.pqstr,1.0,HEAD_STRIDE_V1,354d07d7c83bd6265826bfeea5ad5a8ee1676a77d481616cf99ced47cbfd0b93,1,62.20549242,62.20549242,62.20549242,0.0,4822.725266355186,314982400.0,100,100,0,0,0,0,True,standard,[62.20549242],[314982400],False
sampling.class_rare.gaps.n300000.pqstr,1.0,full_reference,354d07d7c83bd6265826bfeea5ad5a8ee1676a77d481616cf99ced47cbfd0b93,1,69.561582481,69.561582481,69.561582481,0.0,4312.72534781597,422154240.0,83,83,0,0,0,0,True,standard,[69.561582481],[422154240],False
sampling.class_rare.head.n300000.pqstr,1.0,HEAD_STRIDE_V1,354d07d7c83bd6265826bfeea5ad5a8ee1676a77d481616cf99ced47cbfd0b93,1,57.735146979,57.735146979,57.735146979,0.0,5196.141617325734,317603840.0,85,85,0,0,0,0,True,standard,[57.735146979],[317603840],False
sampling.class_rare.head.n300000.pqstr,1.0,full_reference,354d07d7c83bd6265826bfeea5ad5a8ee1676a77d481616cf99ced47cbfd0b93,1,68.447042568,68.447042568,68.447042568,0.0,4382.950508080161,424501248.0,83,83,0,0,0,0,True,standard,[68.447042568],[424501248],False
sampling.class_rare.middle.n300000.pqstr,1.0,HEAD_STRIDE_V1,354d07d7c83bd6265826bfeea5ad5a8ee1676a77d481616cf99ced47cbfd0b93,1,60.388929823,60.388929823,60.388929823,0.0,4967.797920567565,313217024.0,85,85,0,0,0,0,True,standard,[60.388929823],[313217024],False
sampling.class_rare.middle.n300000.pqstr,1.0,full_reference,354d07d7c83bd6265826bfeea5ad5a8ee1676a77d481616cf99ced47cbfd0b93,1,71.092049028,71.092049028,71.092049028,0.0,4219.8811836446475,424710144.0,83,83,0,0,0,0,True,standard,[71.092049028],[424710144],False
sampling.class_rare.tail.n300000.pqstr,1.0,HEAD_STRIDE_V1,354d07d7c83bd6265826bfeea5ad5a8ee1676a77d481616cf99ced47cbfd0b93,1,63.135393846,63.135393846,63.135393846,0.0,4751.692857603149,316268544.0,85,85,0,0,0,0,True,standard,[63.135393846],[316268544],False
sampling.class_rare.tail.n300000.pqstr,1.0,full_reference,354d07d7c83bd6265826bfeea5ad5a8ee1676a77d481616cf99ced47cbfd0b93,1,75.133706946,75.133706946,75.133706946,0.0,3992.8816531788534,421072896.0,83,83,0,0,0,0,True,standard,[75.133706946],[421072896],False
sampling.duplicate_keys.gaps.n300000.pqstr,1.0,HEAD_STRIDE_V1,354d07d7c83bd6265826bfeea5ad5a8ee1676a77d481616cf99ced47cbfd0b93,1,55.686534738,55.686534738,55.686534738,0.0,5387.298768211603,381440000.0,90,90,0,0,0,0,True,standard,[55.686534738],[381440000],False
sampling.duplicate_keys.gaps.n300000.pqstr,1.0,full_reference,354d07d7c83bd6265826bfeea5ad5a8ee1676a77d481616cf99ced47cbfd0b93,1,66.084251211,66.084251211,66.084251211,0.0,4539.659518001224,598708224.0,73,73,0,0,0,0,True,standard,[66.084251211],[598708224],False
sampling.duplicate_keys.head.n300000.pqstr,1.0,HEAD_STRIDE_V1,354d07d7c83bd6265826bfeea5ad5a8ee1676a77d481616cf99ced47cbfd0b93,1,55.747102697,55.747102697,55.747102697,0.0,5381.445590644917,378249216.0,75,75,0,0,0,0,True,standard,[55.747102697],[378249216],False
sampling.duplicate_keys.head.n300000.pqstr,1.0,full_reference,354d07d7c83bd6265826bfeea5ad5a8ee1676a77d481616cf99ced47cbfd0b93,1,66.173698667,66.173698667,66.173698667,0.0,4533.523228158415,602406912.0,73,73,0,0,0,0,True,standard,[66.173698667],[602406912],False
sampling.duplicate_keys.middle.n300000.pqstr,1.0,HEAD_STRIDE_V1,354d07d7c83bd6265826bfeea5ad5a8ee1676a77d481616cf99ced47cbfd0b93,1,56.66271146,56.66271146,56.66271146,0.0,5294.48719042998,382816256.0,75,75,0,0,0,0,True,standard,[56.66271146],[382816256],False
sampling.duplicate_keys.middle.n300000.pqstr,1.0,full_reference,354d07d7c83bd6265826bfeea5ad5a8ee1676a77d481616cf99ced47cbfd0b93,1,68.367477284,68.367477284,68.367477284,0.0,4388.051335487975,597155840.0,73,73,0,0,0,0,True,standard,[68.367477284],[597155840],False
sampling.duplicate_keys.tail.n300000.pqstr,1.0,HEAD_STRIDE_V1,354d07d7c83bd6265826bfeea5ad5a8ee1676a77d481616cf99ced47cbfd0b93,1,56.421983744,56.421983744,56.421983744,0.0,5317.076431788921,381321216.0,75,75,0,0,0,0,True,standard,[56.421983744],[381321216],False
sampling.duplicate_keys.tail.n300000.pqstr,1.0,full_reference,354d07d7c83bd6265826bfeea5ad5a8ee1676a77d481616cf99ced47cbfd0b93,1,68.321673013,68.321673013,68.321673013,0.0,4390.993176395389,604815360.0,73,73,0,0,0,0,True,standard,[68.321673013],[604815360],False
sampling.duplicate_rows.gaps.n300000.pqstr,1.0,HEAD_STRIDE_V1,354d07d7c83bd6265826bfeea5ad5a8ee1676a77d481616cf99ced47cbfd0b93,2,43.210930809000004,43.164965081,43.256896537,0.045965728000002315,6942.6956062839745,329994240.0,100,100,0,0,0,0,True,decimal_high,"[43.256896537, 43.164965081]","[329285632, 330702848]",False
sampling.duplicate_rows.gaps.n300000.pqstr,1.0,HEAD_STRIDE_V1,354d07d7c83bd6265826bfeea5ad5a8ee1676a77d481616cf99ced47cbfd0b93,2,42.9076243915,42.863027879,42.952220904,0.044596512500000074,6991.771936485551,330158080.0,100,100,0,0,0,0,True,decimal_low,"[42.952220904, 42.863027879]","[331411456, 328904704]",False
sampling.duplicate_rows.gaps.n300000.pqstr,1.0,HEAD_STRIDE_V1,354d07d7c83bd6265826bfeea5ad5a8ee1676a77d481616cf99ced47cbfd0b93,2,40.912500059,40.760897859,41.064102259,0.15160219999999924,7332.822948819932,327929856.0,100,100,0,0,0,0,True,hash_fortytwo,"[41.064102259, 40.760897859]","[328347648, 327512064]",False
sampling.duplicate_rows.gaps.n300000.pqstr,1.0,HEAD_STRIDE_V1,354d07d7c83bd6265826bfeea5ad5a8ee1676a77d481616cf99ced47cbfd0b93,2,41.0813783995,40.609332769,41.55342403,0.47204563050000203,7303.543026196236,329129984.0,100,100,0,0,0,0,True,hash_one,"[41.55342403, 40.609332769]","[328863744, 329396224]",False
sampling.duplicate_rows.gaps.n300000.pqstr,1.0,HEAD_STRIDE_V1,354d07d7c83bd6265826bfeea5ad5a8ee1676a77d481616cf99ced47cbfd0b93,2,41.3020068835,41.007086926,41.596926841,0.29491995749999944,7263.939932922256,325095424.0,100,100,0,0,0,0,True,standard,"[41.596926841, 41.007086926]","[326959104, 323231744]",False
sampling.duplicate_rows.gaps.n300000.pqstr,1.0,HEAD_STRIDE_V1,354d07d7c83bd6265826bfeea5ad5a8ee1676a77d481616cf99ced47cbfd0b93,2,42.265521461,41.533329017,42.997713905,0.7321924439999989,7100.114919859054,329086976.0,100,100,0,0,0,0,True,timezone_berlin,"[41.533329017, 42.997713905]","[329125888, 329048064]",False
sampling.duplicate_rows.gaps.n300000.pqstr,1.0,full_reference,354d07d7c83bd6265826bfeea5ad5a8ee1676a77d481616cf99ced47cbfd0b93,1,52.068884236,52.068884236,52.068884236,0.0,5761.598398004128,429404160.0,90,90,0,0,0,0,True,standard,[52.068884236],[429404160],False
sampling.duplicate_rows.head.n300000.pqstr,1.0,HEAD_STRIDE_V1,354d07d7c83bd6265826bfeea5ad5a8ee1676a77d481616cf99ced47cbfd0b93,1,42.080528842,42.080528842,42.080528842,0.0,7129.1879701990365,325398528.0,92,92,0,0,0,0,True,standard,[42.080528842],[325398528],False
sampling.duplicate_rows.head.n300000.pqstr,1.0,full_reference,354d07d7c83bd6265826bfeea5ad5a8ee1676a77d481616cf99ced47cbfd0b93,1,51.568932439,51.568932439,51.568932439,0.0,5817.456088602665,432934912.0,90,90,0,0,0,0,True,standard,[51.568932439],[432934912],False
sampling.duplicate_rows.middle.n300000.pqstr,1.0,HEAD_STRIDE_V1,354d07d7c83bd6265826bfeea5ad5a8ee1676a77d481616cf99ced47cbfd0b93,1,47.67967606,47.67967606,47.67967606,0.0,6291.989056772967,327454720.0,92,92,0,0,0,0,True,standard,[47.67967606],[327454720],False
sampling.duplicate_rows.middle.n300000.pqstr,1.0,full_reference,354d07d7c83bd6265826bfeea5ad5a8ee1676a77d481616cf99ced47cbfd0b93,1,58.391184467,58.391184467,58.391184467,0.0,5137.761851183994,439955456.0,90,90,0,0,0,0,True,standard,[58.391184467],[439955456],False
sampling.duplicate_rows.tail.n300000.pqstr,1.0,HEAD_STRIDE_V1,354d07d7c83bd6265826bfeea5ad5a8ee1676a77d481616cf99ced47cbfd0b93,1,49.043805572,49.043805572,49.043805572,0.0,6116.980452497256,330522624.0,92,92,0,0,0,0,True,standard,[49.043805572],[330522624],False
sampling.duplicate_rows.tail.n300000.pqstr,1.0,full_reference,354d07d7c83bd6265826bfeea5ad5a8ee1676a77d481616cf99ced47cbfd0b93,1,60.953273699,60.953273699,60.953273699,0.0,4921.802912202266,439193600.0,90,90,0,0,0,0,True,standard,[60.953273699],[439193600],False
sampling.group.gaps.n300000.pqstr,1.0,HEAD_STRIDE_V1,354d07d7c83bd6265826bfeea5ad5a8ee1676a77d481616cf99ced47cbfd0b93,1,93.691465267,93.691465267,93.691465267,0.0,3201.9992338156544,383025152.0,90,90,0,0,0,0,True,standard,[93.691465267],[383025152],False
sampling.group.gaps.n300000.pqstr,1.0,full_reference,354d07d7c83bd6265826bfeea5ad5a8ee1676a77d481616cf99ced47cbfd0b93,1,112.00822671,112.00822671,112.00822671,0.0,2678.374694536756,599277568.0,79,79,0,0,0,0,True,standard,[112.00822671],[599277568],False
sampling.group.head.n300000.pqstr,1.0,HEAD_STRIDE_V1,354d07d7c83bd6265826bfeea5ad5a8ee1676a77d481616cf99ced47cbfd0b93,1,93.085848143,93.085848143,93.085848143,0.0,3222.8314613316415,382791680.0,80,80,0,0,0,0,True,standard,[93.085848143],[382791680],False
sampling.group.head.n300000.pqstr,1.0,full_reference,354d07d7c83bd6265826bfeea5ad5a8ee1676a77d481616cf99ced47cbfd0b93,1,116.771046114,116.771046114,116.771046114,0.0,2569.130019672164,597311488.0,79,79,0,0,0,0,True,standard,[116.771046114],[597311488],False
sampling.group.middle.n300000.pqstr,1.0,HEAD_STRIDE_V1,354d07d7c83bd6265826bfeea5ad5a8ee1676a77d481616cf99ced47cbfd0b93,1,80.739030901,80.739030901,80.739030901,0.0,3715.67501680633,380678144.0,80,80,0,0,0,0,True,standard,[80.739030901],[380678144],False
sampling.group.middle.n300000.pqstr,1.0,full_reference,354d07d7c83bd6265826bfeea5ad5a8ee1676a77d481616cf99ced47cbfd0b93,1,102.875517539,102.875517539,102.875517539,0.0,2916.1457184044816,597753856.0,79,79,0,0,0,0,True,standard,[102.875517539],[597753856],False
sampling.group.tail.n300000.pqstr,1.0,HEAD_STRIDE_V1,354d07d7c83bd6265826bfeea5ad5a8ee1676a77d481616cf99ced47cbfd0b93,1,79.903998016,79.903998016,79.903998016,0.0,3754.50549971139,385503232.0,80,80,0,0,0,0,True,standard,[79.903998016],[385503232],False
sampling.group.tail.n300000.pqstr,1.0,full_reference,354d07d7c83bd6265826bfeea5ad5a8ee1676a77d481616cf99ced47cbfd0b93,1,98.4769703,98.4769703,98.4769703,0.0,3046.397539303664,604958720.0,79,79,0,0,0,0,True,standard,[98.4769703],[604958720],False
sampling.leakage.gaps.n300000.pqstr,1.0,HEAD_STRIDE_V1,354d07d7c83bd6265826bfeea5ad5a8ee1676a77d481616cf99ced47cbfd0b93,1,73.091958723,73.091958723,73.091958723,0.0,4104.418669869335,341200896.0,60,60,0,0,0,0,True,standard,[73.091958723],[341200896],False
sampling.leakage.gaps.n300000.pqstr,1.0,full_reference,354d07d7c83bd6265826bfeea5ad5a8ee1676a77d481616cf99ced47cbfd0b93,1,90.972870133,90.972870133,90.972870133,0.0,3297.686437301667,480972800.0,60,60,0,0,0,0,True,standard,[90.972870133],[480972800],False
sampling.leakage.head.n300000.pqstr,1.0,HEAD_STRIDE_V1,354d07d7c83bd6265826bfeea5ad5a8ee1676a77d481616cf99ced47cbfd0b93,2,72.0885423195,71.959787711,72.217296928,0.12875460849999598,4161.5622587943335,338743296.0,100,100,0,0,0,0,True,decimal_high,"[72.217296928, 71.959787711]","[341131264, 336355328]",False
sampling.leakage.head.n300000.pqstr,1.0,HEAD_STRIDE_V1,354d07d7c83bd6265826bfeea5ad5a8ee1676a77d481616cf99ced47cbfd0b93,2,72.604265923,72.600346673,72.608185173,0.0039192499999956,4131.98862436468,339236864.0,100,100,0,0,0,0,True,decimal_low,"[72.608185173, 72.600346673]","[339542016, 338931712]",False
sampling.leakage.head.n300000.pqstr,1.0,HEAD_STRIDE_V1,354d07d7c83bd6265826bfeea5ad5a8ee1676a77d481616cf99ced47cbfd0b93,2,75.91385749049999,75.299692276,76.528022705,0.6141652144999981,3952.1063353478357,339486720.0,100,100,0,0,0,0,True,hash_fortytwo,"[76.528022705, 75.299692276]","[340729856, 338243584]",False
sampling.leakage.head.n300000.pqstr,1.0,HEAD_STRIDE_V1,354d07d7c83bd6265826bfeea5ad5a8ee1676a77d481616cf99ced47cbfd0b93,2,75.8349170125,75.232064115,76.43776991,0.6028528975,3956.2113546799337,339159040.0,100,100,0,0,0,0,True,hash_one,"[75.232064115, 76.43776991]","[338976768, 339341312]",False
sampling.leakage.head.n300000.pqstr,1.0,HEAD_STRIDE_V1,354d07d7c83bd6265826bfeea5ad5a8ee1676a77d481616cf99ced47cbfd0b93,2,74.7610310215,74.256883482,75.265178561,0.5041475394999964,4012.968237206683,335112192.0,100,100,0,0,0,0,True,standard,"[74.256883482, 75.265178561]","[334802944, 335421440]",False
sampling.leakage.head.n300000.pqstr,1.0,HEAD_STRIDE_V1,354d07d7c83bd6265826bfeea5ad5a8ee1676a77d481616cf99ced47cbfd0b93,2,74.385764601,73.372965486,75.398563716,1.012799115,4033.7775170357645,336054272.0,100,100,0,0,0,0,True,timezone_berlin,"[75.398563716, 73.372965486]","[332656640, 339451904]",False
sampling.leakage.head.n300000.pqstr,1.0,full_reference,354d07d7c83bd6265826bfeea5ad5a8ee1676a77d481616cf99ced47cbfd0b93,1,88.321663124,88.321663124,88.321663124,0.0,3396.6751687953642,479498240.0,60,60,0,0,0,0,True,standard,[88.321663124],[479498240],False
sampling.leakage.middle.n300000.pqstr,1.0,HEAD_STRIDE_V1,354d07d7c83bd6265826bfeea5ad5a8ee1676a77d481616cf99ced47cbfd0b93,1,71.716715088,71.716715088,71.716715088,0.0,4183.125225854043,335065088.0,60,60,0,0,0,0,True,standard,[71.716715088],[335065088],False
sampling.leakage.middle.n300000.pqstr,1.0,full_reference,354d07d7c83bd6265826bfeea5ad5a8ee1676a77d481616cf99ced47cbfd0b93,1,87.764358682,87.764358682,87.764358682,0.0,3418.244085700001,481927168.0,60,60,0,0,0,0,True,standard,[87.764358682],[481927168],False
sampling.leakage.tail.n300000.pqstr,1.0,HEAD_STRIDE_V1,354d07d7c83bd6265826bfeea5ad5a8ee1676a77d481616cf99ced47cbfd0b93,1,71.538340766,71.538340766,71.538340766,0.0,4193.55546672926,341188608.0,60,60,0,0,0,0,True,standard,[71.538340766],[341188608],False
sampling.leakage.tail.n300000.pqstr,1.0,full_reference,354d07d7c83bd6265826bfeea5ad5a8ee1676a77d481616cf99ced47cbfd0b93,1,86.726244376,86.726244376,86.726244376,0.0,3459.1605131585734,480886784.0,60,60,0,0,0,0,True,standard,[86.726244376],[480886784],False
sampling.missingness.gaps.n300000.pqstr,1.0,HEAD_STRIDE_V1,354d07d7c83bd6265826bfeea5ad5a8ee1676a77d481616cf99ced47cbfd0b93,1,40.550424428,40.550424428,40.550424428,0.0,7398.196300822206,322183168.0,90,90,0,0,0,0,True,standard,[40.550424428],[322183168],False
sampling.missingness.gaps.n300000.pqstr,1.0,full_reference,354d07d7c83bd6265826bfeea5ad5a8ee1676a77d481616cf99ced47cbfd0b93,1,48.094863188,48.094863188,48.094863188,0.0,6237.672385662428,435036160.0,90,90,0,0,0,0,True,standard,[48.094863188],[435036160],False
sampling.missingness.head.n300000.pqstr,1.0,HEAD_STRIDE_V1,354d07d7c83bd6265826bfeea5ad5a8ee1676a77d481616cf99ced47cbfd0b93,1,40.639903713,40.639903713,40.639903713,0.0,7381.907253486804,327249920.0,90,90,0,0,0,0,True,standard,[40.639903713],[327249920],False
sampling.missingness.head.n300000.pqstr,1.0,full_reference,354d07d7c83bd6265826bfeea5ad5a8ee1676a77d481616cf99ced47cbfd0b93,1,48.070579768,48.070579768,48.070579768,0.0,6240.823419394378,443129856.0,90,90,0,0,0,0,True,standard,[48.070579768],[443129856],False
sampling.missingness.middle.n300000.pqstr,1.0,HEAD_STRIDE_V1,354d07d7c83bd6265826bfeea5ad5a8ee1676a77d481616cf99ced47cbfd0b93,1,40.703302442,40.703302442,40.703302442,0.0,7370.409328026484,319365120.0,90,90,0,0,0,0,True,standard,[40.703302442],[319365120],False
sampling.missingness.middle.n300000.pqstr,1.0,full_reference,354d07d7c83bd6265826bfeea5ad5a8ee1676a77d481616cf99ced47cbfd0b93,1,47.992207327,47.992207327,47.992207327,0.0,6251.014835719436,430804992.0,90,90,0,0,0,0,True,standard,[47.992207327],[430804992],False
sampling.missingness.tail.n300000.pqstr,1.0,HEAD_STRIDE_V1,354d07d7c83bd6265826bfeea5ad5a8ee1676a77d481616cf99ced47cbfd0b93,1,40.079817911,40.079817911,40.079817911,0.0,7485.063945803614,325390336.0,90,90,0,0,0,0,True,standard,[40.079817911],[325390336],False
sampling.missingness.tail.n300000.pqstr,1.0,full_reference,354d07d7c83bd6265826bfeea5ad5a8ee1676a77d481616cf99ced47cbfd0b93,1,47.324230361,47.324230361,47.324230361,0.0,6339.247309708615,440098816.0,90,90,0,0,0,0,True,standard,[47.324230361],[440098816],False
sampling.parse.gaps.n300000.pqstr,1.0,HEAD_STRIDE_V1,354d07d7c83bd6265826bfeea5ad5a8ee1676a77d481616cf99ced47cbfd0b93,1,41.275578479,41.275578479,41.275578479,0.0,7268.220363104847,328646656.0,97,97,0,0,0,0,True,standard,[41.275578479],[328646656],False
sampling.parse.gaps.n300000.pqstr,1.0,full_reference,354d07d7c83bd6265826bfeea5ad5a8ee1676a77d481616cf99ced47cbfd0b93,1,49.070323541,49.070323541,49.070323541,0.0,6113.6747906163555,440877056.0,97,97,0,0,0,0,True,standard,[49.070323541],[440877056],False
sampling.parse.head.n300000.pqstr,1.0,HEAD_STRIDE_V1,354d07d7c83bd6265826bfeea5ad5a8ee1676a77d481616cf99ced47cbfd0b93,1,41.495241852,41.495241852,41.495241852,0.0,7229.744583005498,329748480.0,97,97,0,0,0,0,True,standard,[41.495241852],[329748480],False
sampling.parse.head.n300000.pqstr,1.0,full_reference,354d07d7c83bd6265826bfeea5ad5a8ee1676a77d481616cf99ced47cbfd0b93,1,49.200538167,49.200538167,49.200538167,0.0,6097.494279060901,440504320.0,97,97,0,0,0,0,True,standard,[49.200538167],[440504320],False
sampling.parse.middle.n300000.pqstr,1.0,HEAD_STRIDE_V1,354d07d7c83bd6265826bfeea5ad5a8ee1676a77d481616cf99ced47cbfd0b93,1,41.171414907,41.171414907,41.171414907,0.0,7286.608941608022,330387456.0,97,97,0,0,0,0,True,standard,[41.171414907],[330387456],False
sampling.parse.middle.n300000.pqstr,1.0,full_reference,354d07d7c83bd6265826bfeea5ad5a8ee1676a77d481616cf99ced47cbfd0b93,1,49.722488185,49.722488185,49.722488185,0.0,6033.487280117697,440565760.0,97,97,0,0,0,0,True,standard,[49.722488185],[440565760],False
sampling.parse.tail.n300000.pqstr,1.0,HEAD_STRIDE_V1,354d07d7c83bd6265826bfeea5ad5a8ee1676a77d481616cf99ced47cbfd0b93,1,41.504313319,41.504313319,41.504313319,0.0,7228.164400509787,327155712.0,97,97,0,0,0,0,True,standard,[41.504313319],[327155712],False
sampling.parse.tail.n300000.pqstr,1.0,full_reference,354d07d7c83bd6265826bfeea5ad5a8ee1676a77d481616cf99ced47cbfd0b93,1,49.443690189,49.443690189,49.443690189,0.0,6067.508287776275,442437632.0,97,97,0,0,0,0,True,standard,[49.443690189],[442437632],False
scale.analytics.n10000.w20.csv,1.0,scale_default,354d07d7c83bd6265826bfeea5ad5a8ee1676a77d481616cf99ced47cbfd0b93,3,4.964951528,4.952948122,5.017880281,0.012003406000000716,2014.1183541480084,195764224.0,100,100,0,0,0,0,True,standard,"[4.964951528, 5.017880281, 4.952948122]","[195764224, 196550656, 194498560]",False
scale.analytics.n10000.w20.pqnative,1.0,scale_default,354d07d7c83bd6265826bfeea5ad5a8ee1676a77d481616cf99ced47cbfd0b93,3,4.193529586,4.176850961,4.235339492,0.016678624999999947,2384.626075701186,171057152.0,100,100,0,0,0,0,True,standard,"[4.193529586, 4.176850961, 4.235339492]","[169680896, 173576192, 171057152]",False
scale.analytics.n10000.w300.csv,1.0,scale_default,354d07d7c83bd6265826bfeea5ad5a8ee1676a77d481616cf99ced47cbfd0b93,3,175.137811229,172.723412027,175.339613123,0.20180189399999904,57.0978929668396,714936320.0,100,100,0,0,0,0,True,standard,"[175.339613123, 175.137811229, 172.723412027]","[711409664, 714936320, 716525568]",False
scale.analytics.n10000.w300.pqnative,1.0,scale_default,354d07d7c83bd6265826bfeea5ad5a8ee1676a77d481616cf99ced47cbfd0b93,3,75.645909787,74.52863115,75.799652089,0.15374230200001193,132.194854000137,531861504.0,100,100,0,0,0,0,True,standard,"[75.645909787, 75.799652089, 74.52863115]","[531734528, 531861504, 531861504]",False
scale.analytics.n100000.w100.csv,1.0,scale_default,354d07d7c83bd6265826bfeea5ad5a8ee1676a77d481616cf99ced47cbfd0b93,3,352.520049262,351.8703182,355.744073543,0.6497310620000007,283.6718087647775,902176768.0,100,100,0,0,0,0,True,standard,"[355.744073543, 352.520049262, 351.8703182]","[902176768, 900894720, 907460608]",False
scale.analytics.n100000.w100.pqnative,1.0,scale_default,354d07d7c83bd6265826bfeea5ad5a8ee1676a77d481616cf99ced47cbfd0b93,3,239.105272599,237.36548183,240.476081163,1.370808564000015,418.22582544094945,701685760.0,100,100,0,0,0,0,True,standard,"[240.476081163, 237.36548183, 239.105272599]","[702676992, 701685760, 700952576]",False
scale.analytics.n100000.w20.csv,1.0,scale_default,354d07d7c83bd6265826bfeea5ad5a8ee1676a77d481616cf99ced47cbfd0b93,3,53.174762302,52.992867966,53.377463648,0.18189433599999916,1880.5913871708801,513769472.0,100,100,0,0,0,0,True,standard,"[52.992867966, 53.377463648, 53.174762302]","[510603264, 516558848, 513769472]",False
scale.analytics.n100000.w20.pqnative,1.0,scale_default,354d07d7c83bd6265826bfeea5ad5a8ee1676a77d481616cf99ced47cbfd0b93,3,44.932108543,44.845552261,45.051862231,0.08655628199999654,2225.5799525699995,425000960.0,100,100,0,0,0,0,True,standard,"[45.051862231, 44.932108543, 44.845552261]","[426635264, 425000960, 421892096]",False
scale.analytics.n1000000.w100.pqnative,1.0,scale_default,354d07d7c83bd6265826bfeea5ad5a8ee1676a77d481616cf99ced47cbfd0b93,3,1148.830717559,1135.465676025,1170.992523595,13.365041534000056,870.4502627896032,726114304.0,100,100,0,0,0,0,True,standard,"[1135.465676025, 1148.830717559, 1170.992523595]","[733245440, 726114304, 723656704]",False
scale.analytics.n1000000.w20.csv,1.0,scale_default,354d07d7c83bd6265826bfeea5ad5a8ee1676a77d481616cf99ced47cbfd0b93,3,269.661744015,266.691350568,269.927543232,0.2657992169999943,3708.349523781077,830074880.0,100,100,0,0,0,0,True,standard,"[266.691350568, 269.661744015, 269.927543232]","[837554176, 830074880, 827736064]",False
scale.analytics.n1000000.w20.pqnative,1.0,scale_default,354d07d7c83bd6265826bfeea5ad5a8ee1676a77d481616cf99ced47cbfd0b93,3,225.793290073,220.240987367,228.086224712,2.2929346389999807,4428.829570961544,651194368.0,100,100,0,0,0,0,True,standard,"[225.793290073, 228.086224712, 220.240987367]","[648081408, 651767808, 651194368]",False
scale.analytics.n5000000.w20.pqnative,1.0,scale_default,354d07d7c83bd6265826bfeea5ad5a8ee1676a77d481616cf99ced47cbfd0b93,2,912.230653297,910.409173628,914.052132966,1.8214796690000412,5481.09177946551,668485632.0,100,100,0,0,0,0,True,standard,"[914.052132966, 910.409173628]","[668717056, 668254208]",True
scale.regression.n100000.w20.pqnative,1.0,scale_default,354d07d7c83bd6265826bfeea5ad5a8ee1676a77d481616cf99ced47cbfd0b93,3,63.935079124,63.385097398,64.337043171,0.401964047000007,1564.0865917449366,415404032.0,100,100,0,0,0,0,True,standard,"[64.337043171, 63.935079124, 63.385097398]","[414789632, 415404032, 417767424]",False
scale.regression.n1000000.w20.pqnative,1.0,scale_default,354d07d7c83bd6265826bfeea5ad5a8ee1676a77d481616cf99ced47cbfd0b93,3,324.771727496,322.802164018,330.239251274,1.9695634779999978,3079.08575573998,638210048.0,100,100,0,0,0,0,True,standard,"[330.239251274, 324.771727496, 322.802164018]","[638210048, 643788800, 636944384]",False
split.analytics_random_valid.n10000.csv,1.0,full_reference,354d07d7c83bd6265826bfeea5ad5a8ee1676a77d481616cf99ced47cbfd0b93,1,1.58840985,1.58840985,1.58840985,0.0,6295.60437439997,172838912.0,100,100,0,0,0,0,True,standard,[1.58840985],[172838912],False
split.analytics_random_valid.n10000.pqstr,1.0,full_reference,354d07d7c83bd6265826bfeea5ad5a8ee1676a77d481616cf99ced47cbfd0b93,1,1.805775839,1.805775839,1.805775839,0.0,5537.785911200243,160444416.0,100,100,0,0,0,0,True,standard,[1.805775839],[160444416],False
split.reg_random_degraded.n10000.csv,1.0,full_reference,354d07d7c83bd6265826bfeea5ad5a8ee1676a77d481616cf99ced47cbfd0b93,1,2.626537694,2.626537694,2.626537694,0.0,3807.293541929271,178962432.0,92,92,1,0,0,0,True,standard,[2.626537694],[178962432],False
split.reg_random_degraded.n10000.pqstr,1.0,full_reference,354d07d7c83bd6265826bfeea5ad5a8ee1676a77d481616cf99ced47cbfd0b93,1,2.920567871,2.920567871,2.920567871,0.0,3423.9916487802793,163250176.0,92,92,1,0,0,0,True,standard,[2.920567871],[163250176],False
split.reg_random_valid.n10000.csv,1.0,full_reference,354d07d7c83bd6265826bfeea5ad5a8ee1676a77d481616cf99ced47cbfd0b93,1,2.622198385,2.622198385,2.622198385,0.0,3813.5939893807845,180158464.0,88,88,1,0,0,0,True,standard,[2.622198385],[180158464],False
split.reg_random_valid.n10000.pqstr,1.0,full_reference,354d07d7c83bd6265826bfeea5ad5a8ee1676a77d481616cf99ced47cbfd0b93,1,2.951263484,2.951263484,2.951263484,0.0,3388.3792667832163,162062336.0,88,88,1,0,0,0,True,standard,[2.951263484],[162062336],False
split.reg_time_valid.n10000.csv,1.0,full_reference,354d07d7c83bd6265826bfeea5ad5a8ee1676a77d481616cf99ced47cbfd0b93,1,2.67238218,2.67238218,2.67238218,0.0,3741.9797493186397,172978176.0,100,100,0,0,0,0,True,standard,[2.67238218],[172978176],False
split.reg_time_valid.n10000.pqstr,1.0,full_reference,354d07d7c83bd6265826bfeea5ad5a8ee1676a77d481616cf99ced47cbfd0b93,1,2.900094588,2.900094588,2.900094588,0.0,3448.1633948692433,160944128.0,100,100,0,0,0,0,True,standard,[2.900094588],[160944128],False
split.ts_group.n10000.csv,1.0,full_reference,354d07d7c83bd6265826bfeea5ad5a8ee1676a77d481616cf99ced47cbfd0b93,1,3.013278788,3.013278788,3.013278788,0.0,3318.644142660722,174727168.0,69,69,1,0,1,1,True,standard,[3.013278788],[174727168],False
split.ts_group.n10000.pqstr,1.0,full_reference,354d07d7c83bd6265826bfeea5ad5a8ee1676a77d481616cf99ced47cbfd0b93,1,3.314221549,3.314221549,3.314221549,0.0,3017.299794884654,168423424.0,69,69,1,0,1,1,True,standard,[3.314221549],[168423424],False
split.ts_random.n10000.csv,1.0,full_reference,354d07d7c83bd6265826bfeea5ad5a8ee1676a77d481616cf99ced47cbfd0b93,1,2.569528184,2.569528184,2.569528184,0.0,3891.765057207094,170651648.0,79,79,1,0,0,0,True,standard,[2.569528184],[170651648],False
split.ts_random.n10000.pqstr,1.0,full_reference,354d07d7c83bd6265826bfeea5ad5a8ee1676a77d481616cf99ced47cbfd0b93,1,2.906227556,2.906227556,2.906227556,0.0,3440.8867878754636,161705984.0,79,79,1,0,0,0,True,standard,[2.906227556],[161705984],False
timestamp.regression.absent.n10000.csv,1.0,full_reference,354d07d7c83bd6265826bfeea5ad5a8ee1676a77d481616cf99ced47cbfd0b93,1,2.487438196,2.487438196,2.487438196,0.0,4020.200387724528,174895104.0,84,84,1,0,0,0,True,standard,[2.487438196],[174895104],False
timestamp.regression.absent.n10000.pqstr,1.0,full_reference,354d07d7c83bd6265826bfeea5ad5a8ee1676a77d481616cf99ced47cbfd0b93,1,2.703497612,2.703497612,2.703497612,0.0,3698.9120891444677,156049408.0,84,84,1,0,0,0,True,standard,[2.703497612],[156049408],False
timestamp.regression.valid0.n10000.csv,1.0,full_reference,354d07d7c83bd6265826bfeea5ad5a8ee1676a77d481616cf99ced47cbfd0b93,1,2.630754286,2.630754286,2.630754286,0.0,3801.1911842989957,173047808.0,86,86,1,0,0,0,True,standard,[2.630754286],[173047808],False
timestamp.regression.valid0.n10000.pqstr,1.0,full_reference,354d07d7c83bd6265826bfeea5ad5a8ee1676a77d481616cf99ced47cbfd0b93,1,2.802729469,2.802729469,2.802729469,0.0,3567.950496330975,152186880.0,86,86,1,0,0,0,True,standard,[2.802729469],[152186880],False
timestamp.regression.valid10000.n10000.csv,1.0,full_reference,354d07d7c83bd6265826bfeea5ad5a8ee1676a77d481616cf99ced47cbfd0b93,1,2.602304781,2.602304781,2.602304781,0.0,3842.747426439901,168517632.0,100,100,0,0,0,0,True,standard,[2.602304781],[168517632],False
timestamp.regression.valid10000.n10000.pqstr,1.0,full_reference,354d07d7c83bd6265826bfeea5ad5a8ee1676a77d481616cf99ced47cbfd0b93,1,2.882095628,2.882095628,2.882095628,0.0,3469.697501654168,157962240.0,100,100,0,0,0,0,True,standard,[2.882095628],[157962240],False
timestamp.regression.valid7999.n10000.csv,1.0,full_reference,354d07d7c83bd6265826bfeea5ad5a8ee1676a77d481616cf99ced47cbfd0b93,1,2.604374649,2.604374649,2.604374649,0.0,3839.6933420618625,172511232.0,86,86,1,0,0,0,True,standard,[2.604374649],[172511232],False
timestamp.regression.valid7999.n10000.pqstr,1.0,full_reference,354d07d7c83bd6265826bfeea5ad5a8ee1676a77d481616cf99ced47cbfd0b93,1,2.883391853,2.883391853,2.883391853,0.0,3468.1377037240313,161447936.0,86,86,1,0,0,0,True,standard,[2.883391853],[161447936],False
timestamp.regression.valid8000.n10000.csv,1.0,full_reference,354d07d7c83bd6265826bfeea5ad5a8ee1676a77d481616cf99ced47cbfd0b93,1,2.556755293,2.556755293,2.556755293,0.0,3911.2073131826305,164352000.0,92,92,1,0,0,0,True,standard,[2.556755293],[164352000],False
timestamp.regression.valid8000.n10000.pqstr,1.0,full_reference,354d07d7c83bd6265826bfeea5ad5a8ee1676a77d481616cf99ced47cbfd0b93,1,2.904057602,2.904057602,2.904057602,0.0,3443.457868436592,157605888.0,92,92,1,0,0,0,True,standard,[2.904057602],[157605888],False
timestamp.regression.valid8001.n10000.csv,1.0,full_reference,354d07d7c83bd6265826bfeea5ad5a8ee1676a77d481616cf99ced47cbfd0b93,1,2.674629917,2.674629917,2.674629917,0.0,3738.8350202918937,172498944.0,92,92,1,0,0,0,True,standard,[2.674629917],[172498944],False
timestamp.regression.valid8001.n10000.pqstr,1.0,full_reference,354d07d7c83bd6265826bfeea5ad5a8ee1676a77d481616cf99ced47cbfd0b93,1,2.94610366,2.94610366,2.94610366,0.0,3394.313694990624,163782656.0,92,92,1,0,0,0,True,standard,[2.94610366],[163782656],False
timestamp.regression.valid9499.n10000.csv,1.0,full_reference,354d07d7c83bd6265826bfeea5ad5a8ee1676a77d481616cf99ced47cbfd0b93,1,2.636625081,2.636625081,2.636625081,0.0,3792.727328607248,173867008.0,92,92,1,0,0,0,True,standard,[2.636625081],[173867008],False
timestamp.regression.valid9499.n10000.pqstr,1.0,full_reference,354d07d7c83bd6265826bfeea5ad5a8ee1676a77d481616cf99ced47cbfd0b93,1,2.858896447,2.858896447,2.858896447,0.0,3497.8531700557255,165314560.0,92,92,1,0,0,0,True,standard,[2.858896447],[165314560],False
timestamp.regression.valid9500.n10000.csv,1.0,full_reference,354d07d7c83bd6265826bfeea5ad5a8ee1676a77d481616cf99ced47cbfd0b93,1,2.601977845,2.601977845,2.601977845,0.0,3843.2302639379313,171786240.0,100,100,0,0,0,0,True,standard,[2.601977845],[171786240],False
timestamp.regression.valid9500.n10000.pqstr,1.0,full_reference,354d07d7c83bd6265826bfeea5ad5a8ee1676a77d481616cf99ced47cbfd0b93,1,2.838244525,2.838244525,2.838244525,0.0,3523.3046032212465,164589568.0,100,100,0,0,0,0,True,standard,[2.838244525],[164589568],False
timestamp.regression.valid9501.n10000.csv,1.0,full_reference,354d07d7c83bd6265826bfeea5ad5a8ee1676a77d481616cf99ced47cbfd0b93,1,2.52541059,2.52541059,2.52541059,0.0,3959.7521446997657,176234496.0,100,100,0,0,0,0,True,standard,[2.52541059],[176234496],False
timestamp.regression.valid9501.n10000.pqstr,1.0,full_reference,354d07d7c83bd6265826bfeea5ad5a8ee1676a77d481616cf99ced47cbfd0b93,1,2.934274715,2.934274715,2.934274715,0.0,3407.997195654532,164777984.0,100,100,0,0,0,0,True,standard,[2.934274715],[164777984],False
timestamp.time_series.absent.n10000.csv,1.0,full_reference,354d07d7c83bd6265826bfeea5ad5a8ee1676a77d481616cf99ced47cbfd0b93,1,2.490327161,2.490327161,2.490327161,0.0,4015.5366558281694,168960000.0,50,50,1,0,0,0,True,standard,[2.490327161],[168960000],False
timestamp.time_series.absent.n10000.pqstr,1.0,full_reference,354d07d7c83bd6265826bfeea5ad5a8ee1676a77d481616cf99ced47cbfd0b93,1,2.759049449,2.759049449,2.759049449,0.0,3624.4366709789983,154206208.0,50,50,1,0,0,0,True,standard,[2.759049449],[154206208],False
timestamp.time_series.valid0.n10000.csv,1.0,full_reference,354d07d7c83bd6265826bfeea5ad5a8ee1676a77d481616cf99ced47cbfd0b93,1,2.717911879,2.717911879,2.717911879,0.0,3679.2951520118067,176103424.0,50,50,1,0,0,0,True,standard,[2.717911879],[176103424],False
timestamp.time_series.valid0.n10000.pqstr,1.0,full_reference,354d07d7c83bd6265826bfeea5ad5a8ee1676a77d481616cf99ced47cbfd0b93,1,2.819802145,2.819802145,2.819802145,0.0,3546.34810734212,153468928.0,50,50,1,0,0,0,True,standard,[2.819802145],[153468928],False
timestamp.time_series.valid10000.n10000.csv,1.0,full_reference,354d07d7c83bd6265826bfeea5ad5a8ee1676a77d481616cf99ced47cbfd0b93,1,2.597471793,2.597471793,2.597471793,0.0,3849.8974375580447,173514752.0,100,100,0,0,0,0,True,standard,[2.597471793],[173514752],False
timestamp.time_series.valid10000.n10000.pqstr,1.0,full_reference,354d07d7c83bd6265826bfeea5ad5a8ee1676a77d481616cf99ced47cbfd0b93,1,2.822178001,2.822178001,2.822178001,0.0,3543.3626073396636,157630464.0,100,100,0,0,0,0,True,standard,[2.822178001],[157630464],False
timestamp.time_series.valid7999.n10000.csv,1.0,full_reference,354d07d7c83bd6265826bfeea5ad5a8ee1676a77d481616cf99ced47cbfd0b93,1,2.597027568,2.597027568,2.597027568,0.0,3850.5559676061166,180436992.0,50,50,1,0,0,0,True,standard,[2.597027568],[180436992],False
timestamp.time_series.valid7999.n10000.pqstr,1.0,full_reference,354d07d7c83bd6265826bfeea5ad5a8ee1676a77d481616cf99ced47cbfd0b93,1,2.943693197,2.943693197,2.943693197,0.0,3397.0931516203113,161509376.0,50,50,1,0,0,0,True,standard,[2.943693197],[161509376],False
timestamp.time_series.valid8000.n10000.csv,1.0,full_reference,354d07d7c83bd6265826bfeea5ad5a8ee1676a77d481616cf99ced47cbfd0b93,1,2.614275165,2.614275165,2.614275165,0.0,3825.1520474509807,175017984.0,86,86,1,0,0,0,True,standard,[2.614275165],[175017984],False
timestamp.time_series.valid8000.n10000.pqstr,1.0,full_reference,354d07d7c83bd6265826bfeea5ad5a8ee1676a77d481616cf99ced47cbfd0b93,1,2.824233388,2.824233388,2.824233388,0.0,3540.7838610255817,163344384.0,86,86,1,0,0,0,True,standard,[2.824233388],[163344384],False
timestamp.time_series.valid8001.n10000.csv,1.0,full_reference,354d07d7c83bd6265826bfeea5ad5a8ee1676a77d481616cf99ced47cbfd0b93,1,2.590014345,2.590014345,2.590014345,0.0,3860.9824765275575,171835392.0,86,86,1,0,0,0,True,standard,[2.590014345],[171835392],False
timestamp.time_series.valid8001.n10000.pqstr,1.0,full_reference,354d07d7c83bd6265826bfeea5ad5a8ee1676a77d481616cf99ced47cbfd0b93,1,2.947518809,2.947518809,2.947518809,0.0,3392.6840329112893,157487104.0,86,86,1,0,0,0,True,standard,[2.947518809],[157487104],False
timestamp.time_series.valid9499.n10000.csv,1.0,full_reference,354d07d7c83bd6265826bfeea5ad5a8ee1676a77d481616cf99ced47cbfd0b93,1,2.599673013,2.599673013,2.599673013,0.0,3846.637615574617,171872256.0,86,86,1,0,0,0,True,standard,[2.599673013],[171872256],False
timestamp.time_series.valid9499.n10000.pqstr,1.0,full_reference,354d07d7c83bd6265826bfeea5ad5a8ee1676a77d481616cf99ced47cbfd0b93,1,2.841088692,2.841088692,2.841088692,0.0,3519.7774811318704,165093376.0,86,86,1,0,0,0,True,standard,[2.841088692],[165093376],False
timestamp.time_series.valid9500.n10000.csv,1.0,full_reference,354d07d7c83bd6265826bfeea5ad5a8ee1676a77d481616cf99ced47cbfd0b93,1,2.586669658,2.586669658,2.586669658,0.0,3865.9749106625195,174989312.0,100,100,0,0,0,0,True,standard,[2.586669658],[174989312],False
timestamp.time_series.valid9500.n10000.pqstr,1.0,full_reference,354d07d7c83bd6265826bfeea5ad5a8ee1676a77d481616cf99ced47cbfd0b93,1,2.834236205,2.834236205,2.834236205,0.0,3528.2874385552495,164810752.0,100,100,0,0,0,0,True,standard,[2.834236205],[164810752],False
timestamp.time_series.valid9501.n10000.csv,1.0,full_reference,354d07d7c83bd6265826bfeea5ad5a8ee1676a77d481616cf99ced47cbfd0b93,1,2.586762913,2.586762913,2.586762913,0.0,3865.835538983545,173793280.0,100,100,0,0,0,0,True,standard,[2.586762913],[173793280],False
timestamp.time_series.valid9501.n10000.pqstr,1.0,full_reference,354d07d7c83bd6265826bfeea5ad5a8ee1676a77d481616cf99ced47cbfd0b93,1,2.920855954,2.920855954,2.920855954,0.0,3423.6539416828773,162922496.0,100,100,0,0,0,0,True,standard,[2.920855954],[162922496],False
